group_id,group_name,section_unit,role,person_id,person_name,affiliation
1,"Etická komise Ministerstva zdravotnictví","MIN/KAN","Předseda",309,"prof. MUDr. Vladimír Černý, Ph.D., FCCM, FESAIC","předseda České společnosti anesteziologie, resuscitace a intenzivní medicíny ČLS JEP, ČSARIM, z.s., Brno"
1,"Etická komise Ministerstva zdravotnictví","MIN/KAN","Členové",3566,"PhDr. David Černý, Ph.D.","Ústav státu a práva AV ČR, Praha"
1,"Etická komise Ministerstva zdravotnictví","MIN/KAN","Členové",3563,"doc. JUDr. Tomáš Doležal, Ph.D., LL.M.","Ústav státu a práva AV ČR, Praha"
1,"Etická komise Ministerstva zdravotnictví","MIN/KAN","Členové",759,"doc. MUDr. Iva Holmerová, Ph.D.","vedoucí Centra pro studium dlouhověkosti a dlouhodobé péče FHS UK ředitelka Gerontologického centra"
1,"Etická komise Ministerstva zdravotnictví","MIN/KAN","Členové",776,"prof. MUDr. Jiří Horáček, Ph.D., FCMA","ředitel, Národní institut duševního zdraví"
1,"Etická komise Ministerstva zdravotnictví","MIN/KAN","Členové",4222,"MUDr. Mgr. Ing. Bc. Dalimil Chocholáč, Ph.D., MBA, LL.M.","Česká společnost pro akreditaci ve zdravotnictví"
1,"Etická komise Ministerstva zdravotnictví","MIN/KAN","Členové",3562,"doc. PhDr. Ing. Hana Konečná, Ph.D.","Jihočeská univerzita, Zdravotně sociální fakulta, České Budějovice"
1,"Etická komise Ministerstva zdravotnictví","MIN/KAN","Členové",3865,"MUDr. Irena Maříková, Ph.D., MBA","ředitelka, IPVZ Praha"
1,"Etická komise Ministerstva zdravotnictví","MIN/KAN","Členové",1832,"prof. MUDr. Pavel Pafko, DrSc.","III. chirurgická klinika 1.LF UK a FN Motol, Praha"
1,"Etická komise Ministerstva zdravotnictví","MIN/KAN","Členové",1870,"Jindřiška Pavlicová","zdravotní sestra, Česká asociace sester Praha"
1,"Etická komise Ministerstva zdravotnictví","MIN/KAN","Členové",3686,"Mgr. Štěpánka Pokorná","ředitelka, Aliance žen s rakovinou prsu, o.p.s."
1,"Etická komise Ministerstva zdravotnictví","MIN/KAN","Členové",2051,"JUDr. Ing. Lukáš Prudil, Ph.D.","advokát, Brno"
1,"Etická komise Ministerstva zdravotnictví","MIN/KAN","Členové",2226,"doc. MUDr. Bohumil Seifert, Ph.D.","všeobecný lékař, 1. LF UK Praha"
1,"Etická komise Ministerstva zdravotnictví","MIN/KAN","Členové",4223,"JUDr. Barbora Steinlauf, MA, Ph.D.","advokátka, Praha"
1,"Etická komise Ministerstva zdravotnictví","MIN/KAN","Členové",2476,"prof. MUDr. Pavel Ševčík, CSc.","Klinika anesteziologie, resuscitace a intenzivní medicíny, Ostrava"
1,"Etická komise Ministerstva zdravotnictví","MIN/KAN","Členové",2545,"PhDr. Martina Šochmanová, MBA","náměstek ředitele pro ošetřovatelskou péči a kvalitu, IKEM Praha"
1,"Etická komise Ministerstva zdravotnictví","MIN/KAN","Členové",4224,"prof. MUDr. Jan Trnka, Ph.D., MPhil., MSc.","děkan 3. LF UK Praha"
1,"Etická komise Ministerstva zdravotnictví","MIN/KAN","Členové",3564,"prof. RNDr. Renata Veselská, Ph.D., M.Sc.","Masarykova univerzita Brno"
2,"Rada poskytovatelů Ministerstva zdravotnictví","MIN/KAB","Předseda",467,"MUDr. Vladimír Dvořák, Ph.D.",""
2,"Rada poskytovatelů Ministerstva zdravotnictví","MIN/KAB","Místopředseda",2547,"MUDr. Petr Šonka",""
2,"Rada poskytovatelů Ministerstva zdravotnictví","MIN/KAB","Členové",152,"MUDr. Eduard Bláha",""
2,"Rada poskytovatelů Ministerstva zdravotnictví","MIN/KAB","Členové",3286,"Ing. Michal Čarvaš, MBA",""
2,"Rada poskytovatelů Ministerstva zdravotnictví","MIN/KAB","Členové",309,"prof. MUDr. Vladimír Černý, Ph.D., FCCM, FESAIC",""
2,"Rada poskytovatelů Ministerstva zdravotnictví","MIN/KAB","Členové",4285,"Bc. Michaela Čeřovská",""
2,"Rada poskytovatelů Ministerstva zdravotnictví","MIN/KAB","Členové",3710,"Bc. Kamil Doležel",""
2,"Rada poskytovatelů Ministerstva zdravotnictví","MIN/KAB","Členové",631,"Mgr. Marek Hampel",""
2,"Rada poskytovatelů Ministerstva zdravotnictví","MIN/KAB","Členové",4286,"MUDr. Aleš Herman, Ph.D.",""
2,"Rada poskytovatelů Ministerstva zdravotnictví","MIN/KAB","Členové",746,"Mgr. Michal Hojný",""
2,"Rada poskytovatelů Ministerstva zdravotnictví","MIN/KAB","Členové",3254,"Ing. Jiří Horecký, Ph.D., MSc., MBA",""
2,"Rada poskytovatelů Ministerstva zdravotnictví","MIN/KAB","Členové",852,"MUDr. Ilona Hülleová",""
2,"Rada poskytovatelů Ministerstva zdravotnictví","MIN/KAB","Členové",854,"PhDr. Robert Huneš",""
2,"Rada poskytovatelů Ministerstva zdravotnictví","MIN/KAB","Členové",3005,"MUDr. Zorjan Jojko",""
2,"Rada poskytovatelů Ministerstva zdravotnictví","MIN/KAB","Členové",1110,"MUDr. Renata Knorová, MBA",""
2,"Rada poskytovatelů Ministerstva zdravotnictví","MIN/KAB","Členové",3834,"Bc. Ludmila Kučerová",""
2,"Rada poskytovatelů Ministerstva zdravotnictví","MIN/KAB","Členové",1438,"RNDr. Jaroslav Loucký, Ph.D.",""
2,"Rada poskytovatelů Ministerstva zdravotnictví","MIN/KAB","Členové",1655,"Ing. Václav Moravec",""
2,"Rada poskytovatelů Ministerstva zdravotnictví","MIN/KAB","Členové",4287,"MUDr. Igor Paar, LL.M., MBA",""
2,"Rada poskytovatelů Ministerstva zdravotnictví","MIN/KAB","Členové",3235,"Mgr. Irena Storová, MHA",""
2,"Rada poskytovatelů Ministerstva zdravotnictví","MIN/KAB","Členové",2538,"doc. MUDr. Roman Šmucler, CSc.",""
2,"Rada poskytovatelů Ministerstva zdravotnictví","MIN/KAB","Členové",4162,"Mgr. Šimon Toman",""
2,"Rada poskytovatelů Ministerstva zdravotnictví","MIN/KAB","Členové",2857,"MUDr. Václav Volejník, CSc.",""
3,"Vědecká rada Ministerstva zdravotnictví","MIN/KAB","Předseda",2406,"prof. MUDr. Štěpán Svačina, DrSc., MBA",""
3,"Vědecká rada Ministerstva zdravotnictví","MIN/KAB","Místopředseda",2277,"prof. RNDr. Ondřej Slabý, Ph.D.",""
3,"Vědecká rada Ministerstva zdravotnictví","MIN/KAB","Členové",19,"doc. MUDr. Martin Anders, Ph.D.",""
3,"Vědecká rada Ministerstva zdravotnictví","MIN/KAB","Členové",40,"prof. MUDr. Marek Babjuk, CSc.",""
3,"Vědecká rada Ministerstva zdravotnictví","MIN/KAB","Členové",3775,"prof. MUDr. Jiří Beneš, CSc.",""
3,"Vědecká rada Ministerstva zdravotnictví","MIN/KAB","Členové",115,"prof. MUDr. RNDr. Jiří Beneš, CSc.",""
3,"Vědecká rada Ministerstva zdravotnictví","MIN/KAB","Členové",246,"doc. MUDr. Svatopluk Býma, CSc.",""
3,"Vědecká rada Ministerstva zdravotnictví","MIN/KAB","Členové",3163,"prof. PharmDr. Martin Doležal, Ph.D.",""
3,"Vědecká rada Ministerstva zdravotnictví","MIN/KAB","Členové",4221,"prof. MUDr. Tomáš Grus, Ph.D., MBA",""
3,"Vědecká rada Ministerstva zdravotnictví","MIN/KAB","Členové",605,"prof. MUDr. Robert Gürlich, CSc.",""
3,"Vědecká rada Ministerstva zdravotnictví","MIN/KAB","Členové",610,"doc. MUDr. Marián Hajdúch, Ph.D.",""
3,"Vědecká rada Ministerstva zdravotnictví","MIN/KAB","Členové",657,"prof. MUDr. Vojtěch Havlas, Ph.D.",""
3,"Vědecká rada Ministerstva zdravotnictví","MIN/KAB","Členové",4218,"doc. Jakub Hlávka, Ph.D.",""
3,"Vědecká rada Ministerstva zdravotnictví","MIN/KAB","Členové",771,"prof. MUDr. Tomáš Honzík, Ph.D.",""
3,"Vědecká rada Ministerstva zdravotnictví","MIN/KAB","Členové",3800,"prof. MUDr. Jakub Hort, Ph.D.",""
3,"Vědecká rada Ministerstva zdravotnictví","MIN/KAB","Členové",4217,"doc. RNDr. Klára Hulíková Tesárková, Ph.D.",""
3,"Vědecká rada Ministerstva zdravotnictví","MIN/KAB","Členové",1592,"doc. MUDr. Marek Mechl, Ph.D., MBA",""
3,"Vědecká rada Ministerstva zdravotnictví","MIN/KAB","Členové",4220,"prof. MUDr. Karel Pacák, DrSc., FACE, Dr. h. c.",""
3,"Vědecká rada Ministerstva zdravotnictví","MIN/KAB","Členové",1856,"prof. MUDr. Antonín Pařízek, CSc.",""
3,"Vědecká rada Ministerstva zdravotnictví","MIN/KAB","Členové",1971,"prof. PhDr. Andrea Pokorná, Ph.D.",""
3,"Vědecká rada Ministerstva zdravotnictví","MIN/KAB","Členové",2419,"prof. MUDr. Marek Svoboda, Ph.D.",""
3,"Vědecká rada Ministerstva zdravotnictví","MIN/KAB","Členové",2538,"doc. MUDr. Roman Šmucler, CSc.",""
3,"Vědecká rada Ministerstva zdravotnictví","MIN/KAB","Členové",4216,"prof. MUDr. Radek Špíšek, Ph.D.",""
3,"Vědecká rada Ministerstva zdravotnictví","MIN/KAB","Členové",2637,"prof. MUDr. Vladimír Tesař, DrSc., MBA, FASN, FERA, FISN",""
3,"Vědecká rada Ministerstva zdravotnictví","MIN/KAB","Členové",2806,"prof. MUDr. Josef Veselka, CSc., FESC, FSCAI, FICA",""
3,"Vědecká rada Ministerstva zdravotnictví","MIN/KAB","Členové",4219,"doc. MUDr. Ondřej Volný, Ph.D., FESO",""
4,"Pracovní skupina k seznamu zdravotních výkonů s bodovými hodnotami","SZT/OZI","Předseda",1974,"MUDr. Petr Pokorný",""
4,"Pracovní skupina k seznamu zdravotních výkonů s bodovými hodnotami","SZT/OZI","Místopředseda",1607,"MUDr. Ivana Mervartová",""
4,"Pracovní skupina k seznamu zdravotních výkonů s bodovými hodnotami","SZT/OZI","Členové",19,"doc. MUDr. Martin Anders, Ph.D.",""
4,"Pracovní skupina k seznamu zdravotních výkonů s bodovými hodnotami","SZT/OZI","Členové",56,"MUDr. Jana Barnatová",""
4,"Pracovní skupina k seznamu zdravotních výkonů s bodovými hodnotami","SZT/OZI","Členové",177,"MUDr. Markéta Brabcová",""
4,"Pracovní skupina k seznamu zdravotních výkonů s bodovými hodnotami","SZT/OZI","Členové",3813,"MUDr. Karel Dvorník",""
4,"Pracovní skupina k seznamu zdravotních výkonů s bodovými hodnotami","SZT/OZI","Členové",716,"Mgr. Lenka Hladíková",""
4,"Pracovní skupina k seznamu zdravotních výkonů s bodovými hodnotami","SZT/OZI","Členové",3945,"Mgr. Kristýna Jánišová",""
4,"Pracovní skupina k seznamu zdravotních výkonů s bodovými hodnotami","SZT/OZI","Členové",3100,"MUDr. Jan Kolář",""
4,"Pracovní skupina k seznamu zdravotních výkonů s bodovými hodnotami","SZT/OZI","Členové",3102,"Mgr. Ivana Koudelková",""
4,"Pracovní skupina k seznamu zdravotních výkonů s bodovými hodnotami","SZT/OZI","Členové",1209,"Ing. Bc. Irena Kouřilová",""
4,"Pracovní skupina k seznamu zdravotních výkonů s bodovými hodnotami","SZT/OZI","Členové",3494,"PharmDr. Aleš Mareček",""
4,"Pracovní skupina k seznamu zdravotních výkonů s bodovými hodnotami","SZT/OZI","Členové",1628,"Mgr. Vlastimil Milata","bez hlasovacího práva"
4,"Pracovní skupina k seznamu zdravotních výkonů s bodovými hodnotami","SZT/OZI","Členové",1920,"Jana Petrenko","bez hlasovacího práva"
4,"Pracovní skupina k seznamu zdravotních výkonů s bodovými hodnotami","SZT/OZI","Členové",1953,"MUDr. František Plhoň",""
4,"Pracovní skupina k seznamu zdravotních výkonů s bodovými hodnotami","SZT/OZI","Členové",2154,"MUDr. Irena Rubešová","bez hlasovacího práva"
4,"Pracovní skupina k seznamu zdravotních výkonů s bodovými hodnotami","SZT/OZI","Členové",4275,"Mgr. Lucie Růžičková",""
4,"Pracovní skupina k seznamu zdravotních výkonů s bodovými hodnotami","SZT/OZI","Členové",2212,"MUDr. Martin Sedláček",""
4,"Pracovní skupina k seznamu zdravotních výkonů s bodovými hodnotami","SZT/OZI","Členové",3064,"Mgr. Alice Strnadová, MBA",""
4,"Pracovní skupina k seznamu zdravotních výkonů s bodovými hodnotami","SZT/OZI","Členové",2507,"Ing. Mgr. Venuše Škampová",""
4,"Pracovní skupina k seznamu zdravotních výkonů s bodovými hodnotami","SZT/OZI","Členové",2547,"MUDr. Petr Šonka",""
4,"Pracovní skupina k seznamu zdravotních výkonů s bodovými hodnotami","SZT/OZI","Členové",2612,"MUDr. Hana Šustková",""
4,"Pracovní skupina k seznamu zdravotních výkonů s bodovými hodnotami","SZT/OZI","Členové",2849,"MUDr. Andrea Vocilková",""
4,"Pracovní skupina k seznamu zdravotních výkonů s bodovými hodnotami","SZT/OZI","Členové",2995,"prof. MUDr. Tomáš Zima, DrSc.",""
4,"Pracovní skupina k seznamu zdravotních výkonů s bodovými hodnotami","SZT/OZI","Členové",3016,"MUDr. Miroslav Zvolsky","bez hlasovacího práva"
7,"Národní transfuzní komise MZ","SZT/OLZP","Předseda",2181,"MUDr. Vít Řeháček",""
7,"Národní transfuzní komise MZ","SZT/OLZP","Místopředseda",2708,"MUDr. Petr Turek",""
7,"Národní transfuzní komise MZ","SZT/OLZP","Členové",3781,"doc. MUDr. Jan Bláha, Ph.D., MHA",""
7,"Národní transfuzní komise MZ","SZT/OLZP","Členové",166,"plk. MUDr. Miloš Bohoněk, Ph.D.",""
7,"Národní transfuzní komise MZ","SZT/OLZP","Členové",224,"MUDr. Alena Bulíková, Ph.D.",""
7,"Národní transfuzní komise MZ","SZT/OLZP","Členové",570,"MUDr. Dana Galuszková, Ph.D., MBA",""
7,"Národní transfuzní komise MZ","SZT/OLZP","Členové",806,"doc. MUDr. David Hoskovec, Ph.D.",""
7,"Národní transfuzní komise MZ","SZT/OLZP","Členové",940,"MUDr. Daniel Janek",""
7,"Národní transfuzní komise MZ","SZT/OLZP","Členové",3522,"MUDr. Pavla Krtilová",""
7,"Národní transfuzní komise MZ","SZT/OLZP","Členové",1332,"MVDr. Eva Kučerová",""
7,"Národní transfuzní komise MZ","SZT/OLZP","Členové",3451,"Mgr. Zdeněk Kyselý",""
7,"Národní transfuzní komise MZ","SZT/OLZP","Členové",1629,"PharmDr. Jana Milštainová",""
7,"Národní transfuzní komise MZ","SZT/OLZP","Členové",1720,"RNDr. Vratislav Němeček, CSc.",""
7,"Národní transfuzní komise MZ","SZT/OLZP","Členové",3272,"Ing. Jiří Štěrba",""
7,"Národní transfuzní komise MZ","SZT/OLZP","Členové",2715,"Ing. Štěpánka Tyburcová",""
8,"Lékopisná komise Ministerstva zdravotnictví","SZT/OLZP","Předseda",1574,"doc. PharmDr. Ludmila Matysová, Ph.D.",""
8,"Lékopisná komise Ministerstva zdravotnictví","SZT/OLZP","Místopředseda",3307,"MUDr. Tomáš Boráň",""
8,"Lékopisná komise Ministerstva zdravotnictví","SZT/OLZP","Místopředseda",229,"MVDr. Jiří Bureš",""
8,"Lékopisná komise Ministerstva zdravotnictví","SZT/OLZP","Tajemník",149,"Ing. Hana Bízková",""
8,"Lékopisná komise Ministerstva zdravotnictví","SZT/OLZP","Členové",812,"Ing. Milan Houska, CSc.",""
8,"Lékopisná komise Ministerstva zdravotnictví","SZT/OLZP","Členové",957,"PharmDr. Michal Janů, Ph.D.",""
8,"Lékopisná komise Ministerstva zdravotnictví","SZT/OLZP","Členové",3236,"RNDr. Hana Jůzová",""
8,"Lékopisná komise Ministerstva zdravotnictví","SZT/OLZP","Členové",1134,"Ing. Ivana Kohoutová",""
8,"Lékopisná komise Ministerstva zdravotnictví","SZT/OLZP","Členové",1579,"PharmDr. Jaroslav Maxa, Ph.D.",""
8,"Lékopisná komise Ministerstva zdravotnictví","SZT/OLZP","Členové",1629,"PharmDr. Jana Milštainová",""
8,"Lékopisná komise Ministerstva zdravotnictví","SZT/OLZP","Členové",4159,"RNDr. Eva Novotná, Ph.D.",""
8,"Lékopisná komise Ministerstva zdravotnictví","SZT/OLZP","Členové",1890,"PharmDr. Zdeněk Pečinka",""
8,"Lékopisná komise Ministerstva zdravotnictví","SZT/OLZP","Členové",4156,"Ing. Dagmar Pospíšilová, Ph.D.",""
8,"Lékopisná komise Ministerstva zdravotnictví","SZT/OLZP","Členové",2074,"RNDr. Helena Puffrová",""
8,"Lékopisná komise Ministerstva zdravotnictví","SZT/OLZP","Členové",4158,"MUDr. Jolana Schreiberová, Ph.D.",""
8,"Lékopisná komise Ministerstva zdravotnictví","SZT/OLZP","Členové",4160,"doc. PharmDr. Tomáš Siatka, CSc.",""
8,"Lékopisná komise Ministerstva zdravotnictví","SZT/OLZP","Členové",2509,"doc. PharmDr. Zdeňka Šklubalová, Ph.D.",""
8,"Lékopisná komise Ministerstva zdravotnictví","SZT/OLZP","Členové",2584,"PharmDr. RNDr. Jiří Štěpán, Ph.D.",""
8,"Lékopisná komise Ministerstva zdravotnictví","SZT/OLZP","Členové",4157,"PharmDr. Irena Štverková",""
8,"Lékopisná komise Ministerstva zdravotnictví","SZT/OLZP","Členové",2826,"prof. RNDr. Jarmila Vinšová, CSc.",""
8,"Lékopisná komise Ministerstva zdravotnictví","SZT/OLZP","Členové",2830,"MUDr. Eva Vítková",""
11,"Národní imunizační komise (NIKO)","HH/OVZ","Předseda",1453,"MUDr. Barbora Macková, MHA",""
11,"Národní imunizační komise (NIKO)","HH/OVZ","Tajemník",364,"MUDr. Jozef Dlhý, Ph.D.",""
11,"Národní imunizační komise (NIKO)","HH/OVZ","Členové",45,"Mgr. Martin Balada, LL.M.",""
11,"Národní imunizační komise (NIKO)","HH/OVZ","Členové",3307,"MUDr. Tomáš Boráň",""
11,"Národní imunizační komise (NIKO)","HH/OVZ","Členové",3663,"Ing. Miroslav Jankůj, Ph.D.",""
11,"Národní imunizační komise (NIKO)","HH/OVZ","Členové",1054,"MUDr. Igor Karen",""
11,"Národní imunizační komise (NIKO)","HH/OVZ","Členové",1885,"prof. MUDr. Petr Pazdiora, CSc.",""
11,"Národní imunizační komise (NIKO)","HH/OVZ","Členové",3868,"MUDr. Věra Pellantová, Ph.D.",""
11,"Národní imunizační komise (NIKO)","HH/OVZ","Členové",2458,"MUDr. Alena Šebková",""
11,"Národní imunizační komise (NIKO)","HH/OVZ","Členové",2507,"Ing. Mgr. Venuše Škampová",""
11,"Národní imunizační komise (NIKO)","HH/OVZ","Členové",2954,"Mgr. Jan Zapletal",""
16,"Mezirezortní koordinační pracovní skupina Národního programu HIV/AIDS","HH/OVZ","Předseda",1453,"MUDr. Barbora Macková, MHA",""
16,"Mezirezortní koordinační pracovní skupina Národního programu HIV/AIDS","HH/OVZ","Místopředseda",3461,"MUDr. Anna Kubátová",""
16,"Mezirezortní koordinační pracovní skupina Národního programu HIV/AIDS","HH/OVZ","Tajemník",348,"Mgr. Bc. Hana Davidová",""
16,"Mezirezortní koordinační pracovní skupina Národního programu HIV/AIDS","HH/OVZ","Členové",367,"doc. MUDr. Pavel Dlouhý, Ph.D.",""
16,"Mezirezortní koordinační pracovní skupina Národního programu HIV/AIDS","HH/OVZ","Členové",3820,"Mgr. Matyáš Fošum, Ph.D.",""
16,"Mezirezortní koordinační pracovní skupina Národního programu HIV/AIDS","HH/OVZ","Členové",3465,"Mgr. Petr Kalla",""
16,"Mezirezortní koordinační pracovní skupina Národního programu HIV/AIDS","HH/OVZ","Členové",1281,"Mgr. Ilona Krsková",""
16,"Mezirezortní koordinační pracovní skupina Národního programu HIV/AIDS","HH/OVZ","Členové",1487,"PhDr. Hana Malinová, CSc.",""
16,"Mezirezortní koordinační pracovní skupina Národního programu HIV/AIDS","HH/OVZ","Členové",1493,"RNDr. Marek Malý, CSc.",""
16,"Mezirezortní koordinační pracovní skupina Národního programu HIV/AIDS","HH/OVZ","Členové",1720,"RNDr. Vratislav Němeček, CSc.",""
16,"Mezirezortní koordinační pracovní skupina Národního programu HIV/AIDS","HH/OVZ","Členové",1885,"prof. MUDr. Petr Pazdiora, CSc.",""
16,"Mezirezortní koordinační pracovní skupina Národního programu HIV/AIDS","HH/OVZ","Členové",1943,"RNDr. Michal Pitoňák, Ph.D.",""
16,"Mezirezortní koordinační pracovní skupina Národního programu HIV/AIDS","HH/OVZ","Členové",2110,"prof. MUDr. Vladimír Resl, CSc.",""
16,"Mezirezortní koordinační pracovní skupina Národního programu HIV/AIDS","HH/OVZ","Členové",2213,"doc. MUDr. Dalibor Sedláček, CSc.",""
18,"Pacientská rada ministra zdravotnictví","SZ/OPP","Předseda",3118,"Mgr. Simona Zábranská","Klub nemocných cystickou fibrózou, z. s. (https://klubcf.cz/)"
18,"Pacientská rada ministra zdravotnictví","SZ/OPP","Místopředseda",2097,"Ing. Jitka Reineltová","Parent projekt z.s (https://www.parentproject.cz/)"
18,"Pacientská rada ministra zdravotnictví","SZ/OPP","Místopředseda",3929,"Mgr. Šárka Slavíková","Hlas onkologických pacientů, z. s."
18,"Pacientská rada ministra zdravotnictví","SZ/OPP","Členové",28,"Bc. Anna Arellanesová","Česká asociace pro vzácná onemocnění, z. s. (https://vzacna-onemocneni.cz/)"
18,"Pacientská rada ministra zdravotnictví","SZ/OPP","Členové",4248,"Mgr. Kateřina Azim Aburas","AIPO, z. s."
18,"Pacientská rada ministra zdravotnictví","SZ/OPP","Členové",4259,"MUDr. Anežka Dašková","SMÁci, z. s."
18,"Pacientská rada ministra zdravotnictví","SZ/OPP","Členové",507,"Zdeňka Faltýnková","Česká asociace paraplegiků - CZEPA, z. s. (https://czepa.cz/)"
18,"Pacientská rada ministra zdravotnictví","SZ/OPP","Členové",4253,"Bc. Lucie Halbrštátová","DIALOGOS, z. s."
18,"Pacientská rada ministra zdravotnictví","SZ/OPP","Členové",4261,"Roman Herink","Unie pečujících, z. s."
18,"Pacientská rada ministra zdravotnictví","SZ/OPP","Členové",4262,"PhDr. Adéla Holubová","ZAHOJÍME, z. s."
18,"Pacientská rada ministra zdravotnictví","SZ/OPP","Členové",4260,"PhDr. Tereza Hradilová","Svaz neslyšících a nedoslýchavých osob v ČR, z. s."
18,"Pacientská rada ministra zdravotnictví","SZ/OPP","Členové",4257,"Ing. Petr Ilčík","Popálky, z. ú."
18,"Pacientská rada ministra zdravotnictví","SZ/OPP","Členové",1248,"Mgr. Václav Krása","Národní rada osob se zdravotním postižením České republiky z.s (https://nrzp.cz/)"
18,"Pacientská rada ministra zdravotnictví","SZ/OPP","Členové",3927,"Ing. Jiřina Landová","Unie ROSKA z.s (https://www.roska.eu/)"
18,"Pacientská rada ministra zdravotnictví","SZ/OPP","Členové",4256,"Mgr. Lucie Laštíková","Pacienti IBD, z. s."
18,"Pacientská rada ministra zdravotnictví","SZ/OPP","Členové",1628,"Mgr. Vlastimil Milata","DIAKTIV CZECH REPUBLIC z.s (https://www.diaktiv.cz/)"
18,"Pacientská rada ministra zdravotnictví","SZ/OPP","Členové",4255,"Ing. Jana Nováčková","Ondřej, sdružení na pomoc duševně nemocným, z. s."
18,"Pacientská rada ministra zdravotnictví","SZ/OPP","Členové",4251,"Jiří Pavlát, MBA","Česká společnost AIDS pomoc, z. s."
18,"Pacientská rada ministra zdravotnictví","SZ/OPP","Členové",3686,"Mgr. Štěpánka Pokorná","Aliance žen s rakovinou prsu, o. p. s. (https://www.breastcancer.cz/)"
18,"Pacientská rada ministra zdravotnictví","SZ/OPP","Členové",4250,"JUDr. Nataša Randlová","CEREBRUM – Asociace osob po získaném poškození mozku, z. s."
18,"Pacientská rada ministra zdravotnictví","SZ/OPP","Členové",4254,"Martina Sehnoutková","ENDO Talks CZ, z. s."
18,"Pacientská rada ministra zdravotnictví","SZ/OPP","Členové",4249,"Bc. Martina Smolíková","Asociace rodičů a přátel zdravotně postižených dětí v ČR, z. s."
18,"Pacientská rada ministra zdravotnictví","SZ/OPP","Členové",4252,"MUDr. Jan Šťastný","České ILCO, z. s."
18,"Pacientská rada ministra zdravotnictví","SZ/OPP","Členové",4258,"Ing. Miluše Šulcová","Sdružení pacientů s plicní hypertenzí, z. s."
18,"Pacientská rada ministra zdravotnictví","SZ/OPP","Členové",3930,"Mgr. Luboš Zajíc","Sjednocená organizace nevidomých a slabozrakých ČR, z. s. (https://www.sons.cz/)"
20,"Rozkladová komise ministra zdravotnictví","SCA/PRO","Předseda",1175,"Mgr. Denisa Kopková",""
20,"Rozkladová komise ministra zdravotnictví","SCA/PRO","Tajemník",4200,"Mgr. Kristýna Peňásová",""
20,"Rozkladová komise ministra zdravotnictví","SCA/PRO","Tajemník",2436,"MUDr. Mgr. Michal Synek",""
20,"Rozkladová komise ministra zdravotnictví","SCA/PRO","Tajemník",4165,"Mgr. Jana Zvoníčková",""
20,"Rozkladová komise ministra zdravotnictví","SCA/PRO","Tajemník",4199,"Mgr. Marie Židův",""
20,"Rozkladová komise ministra zdravotnictví","SCA/PRO","Členové",163,"Mgr. Kateřina Blechová",""
20,"Rozkladová komise ministra zdravotnictví","SCA/PRO","Členové",3389,"JUDr. Jan Brož, Ph.D.",""
20,"Rozkladová komise ministra zdravotnictví","SCA/PRO","Členové",329,"JUDr. Milan Čichoň",""
20,"Rozkladová komise ministra zdravotnictví","SCA/PRO","Členové",4002,"JUDr. Adam Furek",""
20,"Rozkladová komise ministra zdravotnictví","SCA/PRO","Členové",3048,"JUDr. Viktor Hodek",""
20,"Rozkladová komise ministra zdravotnictví","SCA/PRO","Členové",4003,"JUDr. Jan Kněžínek, Ph.D.",""
20,"Rozkladová komise ministra zdravotnictví","SCA/PRO","Členové",4007,"Mgr. et Mgr. Marie Kotrlá",""
20,"Rozkladová komise ministra zdravotnictví","SCA/PRO","Členové",1236,"JUDr. Jakub Král, Ph.D.",""
20,"Rozkladová komise ministra zdravotnictví","SCA/PRO","Členové",4005,"JUDr. Aleš Mácha, Ph.D.",""
20,"Rozkladová komise ministra zdravotnictví","SCA/PRO","Členové",1881,"JUDr. Marek Pavlovský, Ph.D.",""
20,"Rozkladová komise ministra zdravotnictví","SCA/PRO","Členové",2011,"Mgr. Martina Postupová",""
20,"Rozkladová komise ministra zdravotnictví","SCA/PRO","Členové",2012,"JUDr. Lukáš Potěšil, Ph.D.",""
20,"Rozkladová komise ministra zdravotnictví","SCA/PRO","Členové",2324,"Mgr. Marek Souček",""
20,"Rozkladová komise ministra zdravotnictví","SCA/PRO","Členové",2414,"JUDr. Jaroslav Svejkovský",""
20,"Rozkladová komise ministra zdravotnictví","SCA/PRO","Členové",3677,"JUDr. Pavel Šulda",""
20,"Rozkladová komise ministra zdravotnictví","SCA/PRO","Členové",2786,"Mgr. Ivo Večeřa",""
20,"Rozkladová komise ministra zdravotnictví","SCA/PRO","Členové",3388,"JUDr. Josef Vedral, Ph.D.",""
20,"Rozkladová komise ministra zdravotnictví","SCA/PRO","Členové",3391,"Mgr. Michael Židův",""
22,"Resortní koordinační skupina Ministerstva zdravotnictví ČR pro Evropskou unii","SL/MEZ","Předseda",79,"Mgr. Kateřina Baťhová",""
22,"Resortní koordinační skupina Ministerstva zdravotnictví ČR pro Evropskou unii","SL/MEZ","Členové",3448,"Mgr. Jan Cibulka",""
22,"Resortní koordinační skupina Ministerstva zdravotnictví ČR pro Evropskou unii","SL/MEZ","Členové",584,"Mgr. Eva Gottvaldová",""
22,"Resortní koordinační skupina Ministerstva zdravotnictví ČR pro Evropskou unii","SL/MEZ","Členové",3447,"Mgr. Petra Hájková",""
22,"Resortní koordinační skupina Ministerstva zdravotnictví ČR pro Evropskou unii","SL/MEZ","Členové",3373,"Mgr., Bc. Markéta Heflerová",""
22,"Resortní koordinační skupina Ministerstva zdravotnictví ČR pro Evropskou unii","SL/MEZ","Členové",1254,"Mgr. Lucie Krausová",""
22,"Resortní koordinační skupina Ministerstva zdravotnictví ČR pro Evropskou unii","SL/MEZ","Členové",3449,"Ing. Tomáš Kučera",""
22,"Resortní koordinační skupina Ministerstva zdravotnictví ČR pro Evropskou unii","SL/MEZ","Členové",3451,"Mgr. Zdeněk Kyselý",""
22,"Resortní koordinační skupina Ministerstva zdravotnictví ČR pro Evropskou unii","SL/MEZ","Členové",1564,"Ing. Daniela Matějková",""
22,"Resortní koordinační skupina Ministerstva zdravotnictví ČR pro Evropskou unii","SL/MEZ","Členové",3104,"Jan Matera",""
22,"Resortní koordinační skupina Ministerstva zdravotnictví ČR pro Evropskou unii","SL/MEZ","Členové",1748,"Ing. Petr Novák",""
22,"Resortní koordinační skupina Ministerstva zdravotnictví ČR pro Evropskou unii","SL/MEZ","Členové",3165,"Mgr. et Mgr. Roman Odložilík, MPA",""
22,"Resortní koordinační skupina Ministerstva zdravotnictví ČR pro Evropskou unii","SL/MEZ","Členové",1961,"Mgr. Zbyněk Podhrázký",""
22,"Resortní koordinační skupina Ministerstva zdravotnictví ČR pro Evropskou unii","SL/MEZ","Členové",3456,"Ing. Miroslav Pokorný",""
22,"Resortní koordinační skupina Ministerstva zdravotnictví ČR pro Evropskou unii","SL/MEZ","Členové",3374,"Ing. et Ing. Lenka Poliaková",""
22,"Resortní koordinační skupina Ministerstva zdravotnictví ČR pro Evropskou unii","SL/MEZ","Členové",3064,"Mgr. Alice Strnadová, MBA",""
22,"Resortní koordinační skupina Ministerstva zdravotnictví ČR pro Evropskou unii","SL/MEZ","Členové",2507,"Ing. Mgr. Venuše Škampová",""
22,"Resortní koordinační skupina Ministerstva zdravotnictví ČR pro Evropskou unii","SL/MEZ","Členové",2692,"Mgr. Tomáš Troch",""
22,"Resortní koordinační skupina Ministerstva zdravotnictví ČR pro Evropskou unii","SL/MEZ","Členové",2976,"Ing. Martin Zeman",""
23,"Pracovní skupina Ministerstva zdravotnictví pro koordinaci spolupráce s OECD","MIN/MEZ","Tajemník",4059,"Mgr. Ladislav Vilček",""
23,"Pracovní skupina Ministerstva zdravotnictví pro koordinaci spolupráce s OECD","MIN/MEZ","Členové",123,"Mgr. et Mgr. Hana Benešová",""
23,"Pracovní skupina Ministerstva zdravotnictví pro koordinaci spolupráce s OECD","MIN/MEZ","Členové",3544,"Mgr. Lukáš Bouz",""
23,"Pracovní skupina Ministerstva zdravotnictví pro koordinaci spolupráce s OECD","MIN/MEZ","Členové",3260,"Mgr. Ondřej Čady",""
23,"Pracovní skupina Ministerstva zdravotnictví pro koordinaci spolupráce s OECD","MIN/MEZ","Členové",331,"Mgr. Klára Čížková",""
23,"Pracovní skupina Ministerstva zdravotnictví pro koordinaci spolupráce s OECD","MIN/MEZ","Členové",3495,"RNDr. Šárka Daňková",""
23,"Pracovní skupina Ministerstva zdravotnictví pro koordinaci spolupráce s OECD","MIN/MEZ","Členové",3820,"Mgr. Matyáš Fošum, Ph.D.",""
23,"Pracovní skupina Ministerstva zdravotnictví pro koordinaci spolupráce s OECD","MIN/MEZ","Členové",4213,"Ing. Adam Gřunděl, MBA, MPH",""
23,"Pracovní skupina Ministerstva zdravotnictví pro koordinaci spolupráce s OECD","MIN/MEZ","Členové",723,"Mgr. Jana Hlaváčová",""
23,"Pracovní skupina Ministerstva zdravotnictví pro koordinaci spolupráce s OECD","MIN/MEZ","Členové",3832,"Ing. Jan Hodač",""
23,"Pracovní skupina Ministerstva zdravotnictví pro koordinaci spolupráce s OECD","MIN/MEZ","Členové",3169,"Ing. Vanda Horná, MBA",""
23,"Pracovní skupina Ministerstva zdravotnictví pro koordinaci spolupráce s OECD","MIN/MEZ","Členové",1071,"Mgr. Blanka Kavková",""
23,"Pracovní skupina Ministerstva zdravotnictví pro koordinaci spolupráce s OECD","MIN/MEZ","Členové",3164,"Ing. Marcela Kubicová",""
23,"Pracovní skupina Ministerstva zdravotnictví pro koordinaci spolupráce s OECD","MIN/MEZ","Členové",3396,"Ing. Olga Laaksonen",""
23,"Pracovní skupina Ministerstva zdravotnictví pro koordinaci spolupráce s OECD","MIN/MEZ","Členové",3172,"RNDr. Ondřej Májek, Ph.D.",""
23,"Pracovní skupina Ministerstva zdravotnictví pro koordinaci spolupráce s OECD","MIN/MEZ","Členové",1564,"Ing. Daniela Matějková",""
23,"Pracovní skupina Ministerstva zdravotnictví pro koordinaci spolupráce s OECD","MIN/MEZ","Členové",4061,"Ing. Kristýna Matějková",""
23,"Pracovní skupina Ministerstva zdravotnictví pro koordinaci spolupráce s OECD","MIN/MEZ","Členové",1748,"Ing. Petr Novák",""
23,"Pracovní skupina Ministerstva zdravotnictví pro koordinaci spolupráce s OECD","MIN/MEZ","Členové",4063,"Mgr. Martin Pilník",""
23,"Pracovní skupina Ministerstva zdravotnictví pro koordinaci spolupráce s OECD","MIN/MEZ","Členové",1971,"prof. PhDr. Andrea Pokorná, Ph.D.",""
23,"Pracovní skupina Ministerstva zdravotnictví pro koordinaci spolupráce s OECD","MIN/MEZ","Členové",3199,"Mgr. Michal Pospíšil",""
23,"Pracovní skupina Ministerstva zdravotnictví pro koordinaci spolupráce s OECD","MIN/MEZ","Členové",4,"Ing. Kateřina Přibylová",""
23,"Pracovní skupina Ministerstva zdravotnictví pro koordinaci spolupráce s OECD","MIN/MEZ","Členové",2363,"Ing. Veronika Stejskalová",""
23,"Pracovní skupina Ministerstva zdravotnictví pro koordinaci spolupráce s OECD","MIN/MEZ","Členové",3733,"Mgr. Ivana Svobodová",""
23,"Pracovní skupina Ministerstva zdravotnictví pro koordinaci spolupráce s OECD","MIN/MEZ","Členové",2436,"MUDr. Mgr. Michal Synek",""
23,"Pracovní skupina Ministerstva zdravotnictví pro koordinaci spolupráce s OECD","MIN/MEZ","Členové",2618,"Bc. Martin Švanda",""
23,"Pracovní skupina Ministerstva zdravotnictví pro koordinaci spolupráce s OECD","MIN/MEZ","Členové",2692,"Mgr. Tomáš Troch",""
23,"Pracovní skupina Ministerstva zdravotnictví pro koordinaci spolupráce s OECD","MIN/MEZ","Členové",2870,"PharmDr. Lenka Vostalová",""
23,"Pracovní skupina Ministerstva zdravotnictví pro koordinaci spolupráce s OECD","MIN/MEZ","Členové",4060,"Mgr. Soňa Zemanová",""
25,"Pracovní skupina pro reformu primární péče","SZ/OZP","Předseda",1054,"MUDr. Igor Karen",""
25,"Pracovní skupina pro reformu primární péče","SZ/OZP","Místopředseda",467,"MUDr. Vladimír Dvořák, Ph.D.",""
25,"Pracovní skupina pro reformu primární péče","SZ/OZP","Místopředseda",1021,"prof. MUDr. Marian Kacerovský, Ph.D.",""
25,"Pracovní skupina pro reformu primární péče","SZ/OZP","Místopředseda",2538,"doc. MUDr. Roman Šmucler, CSc.",""
25,"Pracovní skupina pro reformu primární péče","SZ/OZP","Místopředseda",2547,"MUDr. Petr Šonka",""
25,"Pracovní skupina pro reformu primární péče","SZ/OZP","Místopředseda",4195,"MUDr. Patrik Zachar",""
25,"Pracovní skupina pro reformu primární péče","SZ/OZP","Tajemník",4018,"Mgr. Jana Velkoborská",""
25,"Pracovní skupina pro reformu primární péče","SZ/OZP","Členové",246,"doc. MUDr. Svatopluk Býma, CSc.",""
25,"Pracovní skupina pro reformu primární péče","SZ/OZP","Členové",467,"MUDr. Vladimír Dvořák, Ph.D.",""
25,"Pracovní skupina pro reformu primární péče","SZ/OZP","Členové",542,"prof. MUDr. et MUDr. René Foltán, Ph.D., FEBOMFS",""
25,"Pracovní skupina pro reformu primární péče","SZ/OZP","Členové",810,"MUDr. Robert Houba, Ph.D.",""
25,"Pracovní skupina pro reformu primární péče","SZ/OZP","Členové",852,"MUDr. Ilona Hülleová",""
25,"Pracovní skupina pro reformu primární péče","SZ/OZP","Členové",3663,"Ing. Miroslav Jankůj, Ph.D.",""
25,"Pracovní skupina pro reformu primární péče","SZ/OZP","Členové",4265,"doc. MUDr. Radek Mounajjed, D.D.S., Ph.D., FAP",""
25,"Pracovní skupina pro reformu primární péče","SZ/OZP","Členové",3907,"MUDr. Jan Nový",""
25,"Pracovní skupina pro reformu primární péče","SZ/OZP","Členové",1856,"prof. MUDr. Antonín Pařízek, CSc.",""
25,"Pracovní skupina pro reformu primární péče","SZ/OZP","Členové",2292,"doc. MUDr. Radovan Slezák, CSc.",""
25,"Pracovní skupina pro reformu primární péče","SZ/OZP","Členové",2411,"MUDr. Marika Svatošová",""
25,"Pracovní skupina pro reformu primární péče","SZ/OZP","Členové",2458,"MUDr. Alena Šebková",""
25,"Pracovní skupina pro reformu primární péče","SZ/OZP","Členové",3605,"MUDr. Jiří Škultéty",""
25,"Pracovní skupina pro reformu primární péče","SZ/OZP","Členové",2528,"MUDr. Petr Šmach",""
25,"Pracovní skupina pro reformu primární péče","SZ/OZP","Členové",4263,"MUDr. Jiří Šulc",""
25,"Pracovní skupina pro reformu primární péče","SZ/OZP","Členové",4195,"MUDr. Patrik Zachar",""
25,"Pracovní skupina pro reformu primární péče","SZ/OZP","Členové",4264,"MUDr. Hana Zallmannová Čechová",""
32,"Komise pro reprodukční medicínu","SZ/OZP","Předseda",2507,"Ing. Mgr. Venuše Škampová",""
32,"Komise pro reprodukční medicínu","SZ/OZP","Místopředseda",3604,"MUDr. Štěpán Machač, Ph.D.",""
32,"Komise pro reprodukční medicínu","SZ/OZP","Tajemník",4288,"PhDr. Alena Mikutová",""
32,"Komise pro reprodukční medicínu","SZ/OZP","Členové",3307,"MUDr. Tomáš Boráň",""
32,"Komise pro reprodukční medicínu","SZ/OZP","Členové",3601,"doc. Mgr. Věra Franková, Ph.D. et Ph.D.",""
32,"Komise pro reprodukční medicínu","SZ/OZP","Členové",4114,"MUDr. Alena Jeníková",""
32,"Komise pro reprodukční medicínu","SZ/OZP","Členové",3562,"doc. PhDr. Ing. Hana Konečná, Ph.D.",""
32,"Komise pro reprodukční medicínu","SZ/OZP","Členové",3130,"RNDr. Tomáš Kučera, CSc.",""
32,"Komise pro reprodukční medicínu","SZ/OZP","Členové",3968,"Mgr. Jiřina Kunášková",""
32,"Komise pro reprodukční medicínu","SZ/OZP","Členové",1505,"doc. MUDr. Tonko Mardešič, CSc.",""
32,"Komise pro reprodukční medicínu","SZ/OZP","Členové",3418,"RNDr. Jan Mužík, Ph.D.",""
32,"Komise pro reprodukční medicínu","SZ/OZP","Členové",1955,"MUDr. Ludmila Plšková",""
32,"Komise pro reprodukční medicínu","SZ/OZP","Členové",3128,"Mgr. Martin Pohl",""
32,"Komise pro reprodukční medicínu","SZ/OZP","Členové",3125,"MUDr. David Rumpík, Ph.D.",""
32,"Komise pro reprodukční medicínu","SZ/OZP","Členové",2361,"prof. MUDr. David Stejskal",""
32,"Komise pro reprodukční medicínu","SZ/OZP","Členové",3605,"MUDr. Jiří Škultéty",""
32,"Komise pro reprodukční medicínu","SZ/OZP","Členové",3127,"doc. MUDr. Vít Unzeitig, CSc.",""
32,"Komise pro reprodukční medicínu","SZ/OZP","Členové",3603,"MUDr. Jan Vodička",""
32,"Komise pro reprodukční medicínu","SZ/OZP","Členové",2949,"MUDr. Libor Zámečník, Ph.D., FEBU, FECSM",""
32,"Komise pro reprodukční medicínu","SZ/OZP","Členové",2954,"Mgr. Jan Zapletal",""
42,"Pracovní skupina pro lékařské ozáření","SZ/OZP","Předseda",4195,"MUDr. Patrik Zachar",""
42,"Pracovní skupina pro lékařské ozáření","SZ/OZP","Místopředseda",1635,"prof. MUDr. Hynek Mírka, Ph.D.",""
42,"Pracovní skupina pro lékařské ozáření","SZ/OZP","Tajemník",2363,"Ing. Veronika Stejskalová",""
42,"Pracovní skupina pro lékařské ozáření","SZ/OZP","Členové",3642,"Ing. Pavel Dvořák",""
42,"Pracovní skupina pro lékařské ozáření","SZ/OZP","Členové",520,"prof. MUDr. Jiří Ferda, Ph.D.",""
42,"Pracovní skupina pro lékařské ozáření","SZ/OZP","Členové",869,"doc. MUDr. František Charvát, Ph.D.",""
42,"Pracovní skupina pro lékařské ozáření","SZ/OZP","Členové",1181,"doc. MUDr. Pavel Koranda, Ph.D.",""
42,"Pracovní skupina pro lékařské ozáření","SZ/OZP","Členové",1425,"MUDr. Radka Lohynská, Ph.D.",""
42,"Pracovní skupina pro lékařské ozáření","SZ/OZP","Členové",1699,"Mgr. et Mgr. Pavel Nedbal",""
42,"Pracovní skupina pro lékařské ozáření","SZ/OZP","Členové",1851,"Mgr. Petr Papírník",""
42,"Pracovní skupina pro lékařské ozáření","SZ/OZP","Členové",3837,"Mgr. Jana Povolná",""
42,"Pracovní skupina pro lékařské ozáření","SZ/OZP","Členové",2102,"MUDr. Pavel Rejtar, Ph.D.",""
42,"Pracovní skupina pro lékařské ozáření","SZ/OZP","Členové",3381,"Ing. Lucie Súkupová, Ph.D.",""
42,"Pracovní skupina pro lékařské ozáření","SZ/OZP","Členové",4142,"MUDr. Pavol Tomašov, Ph.D.",""
42,"Pracovní skupina pro lékařské ozáření","SZ/OZP","Členové",4107,"MUDr. Jiří Weichet, Ph.D.",""
44,"Pracovní skupina pro dobrovolnictví ve zdravotnictví","SZ/OZP","Předseda",3838,"Mgr. Lenka Hynštová",""
44,"Pracovní skupina pro dobrovolnictví ve zdravotnictví","SZ/OZP","Členové",45,"Mgr. Martin Balada, LL.M.",""
44,"Pracovní skupina pro dobrovolnictví ve zdravotnictví","SZ/OZP","Členové",4001,"Mgr. et Mgr. Oldřich Hošek",""
44,"Pracovní skupina pro dobrovolnictví ve zdravotnictví","SZ/OZP","Členové",4000,"Mgr. Edita Klavíková, MBA",""
44,"Pracovní skupina pro dobrovolnictví ve zdravotnictví","SZ/OZP","Členové",3998,"Mgr. Libuše Martináková, MBA",""
44,"Pracovní skupina pro dobrovolnictví ve zdravotnictví","SZ/OZP","Členové",1757,"Mgr. Jana Nováková, MBA",""
44,"Pracovní skupina pro dobrovolnictví ve zdravotnictví","SZ/OZP","Členové",3929,"Mgr. Šárka Slavíková",""
44,"Pracovní skupina pro dobrovolnictví ve zdravotnictví","SZ/OZP","Členové",3458,"Ing. Michael Souček",""
44,"Pracovní skupina pro dobrovolnictví ve zdravotnictví","SZ/OZP","Členové",3064,"Mgr. Alice Strnadová, MBA",""
44,"Pracovní skupina pro dobrovolnictví ve zdravotnictví","SZ/OZP","Členové",3999,"Mgr. Dana Vaňková",""
44,"Pracovní skupina pro dobrovolnictví ve zdravotnictví","SZ/OZP","Členové",4054,"Žofie Vojáčková",""
44,"Pracovní skupina pro dobrovolnictví ve zdravotnictví","SZ/OZP","Členové",3688,"MUDr. Miroslav Zvolský",""
44,"Pracovní skupina pro dobrovolnictví ve zdravotnictví","SZ/OZP","Členové",3997,"Ing. Vojtěch Žabka",""
44,"Pracovní skupina pro dobrovolnictví ve zdravotnictví","SZ/OZP","Hosté",4055,"Mgr. Hana Fungačová",""
44,"Pracovní skupina pro dobrovolnictví ve zdravotnictví","SZ/OZP","Hosté",4280,"Bc. Stanislava Hamáková, DiS.",""
44,"Pracovní skupina pro dobrovolnictví ve zdravotnictví","SZ/OZP","Hosté",4281,"Ing. Dagmar Hoferková",""
44,"Pracovní skupina pro dobrovolnictví ve zdravotnictví","SZ/OZP","Hosté",4282,"PhDr. Veronika Kavan",""
44,"Pracovní skupina pro dobrovolnictví ve zdravotnictví","SZ/OZP","Hosté",1414,"Mgr. Šárka Liolia",""
44,"Pracovní skupina pro dobrovolnictví ve zdravotnictví","SZ/OZP","Hosté",2605,"MUDr. Ivana Štverka Kořínková",""
51,"Mezirezortní pracovní skupina pro snížení škod působených alkoholem - MPS SPA","SZ/OPL","Členové",105,"Mgr. Martina Benčíková",""
51,"Mezirezortní pracovní skupina pro snížení škod působených alkoholem - MPS SPA","SZ/OPL","Členové",272,"PhDr. Ladislav Csémy",""
51,"Mezirezortní pracovní skupina pro snížení škod působených alkoholem - MPS SPA","SZ/OPL","Členové",681,"Mgr. Eva Heisslerová",""
51,"Mezirezortní pracovní skupina pro snížení škod působených alkoholem - MPS SPA","SZ/OPL","Členové",1634,"prof. PhDr. Michal Miovský, Ph.D.",""
51,"Mezirezortní pracovní skupina pro snížení škod působených alkoholem - MPS SPA","SZ/OPL","Členové",1667,"MUDr. Viktor Mravčík, Ph.D.",""
51,"Mezirezortní pracovní skupina pro snížení škod působených alkoholem - MPS SPA","SZ/OPL","Členové",1702,"JUDr. Kamil Nedvědický",""
51,"Mezirezortní pracovní skupina pro snížení škod působených alkoholem - MPS SPA","SZ/OPL","Členové",3444,"MUDr. Marie Nejedlá","Státní zdravotní ústav"
51,"Mezirezortní pracovní skupina pro snížení škod působených alkoholem - MPS SPA","SZ/OPL","Členové",3445,"Mgr. Martin Neřold, M.A.",""
51,"Mezirezortní pracovní skupina pro snížení škod působených alkoholem - MPS SPA","SZ/OPL","Členové",1996,"MUDr. Petr Popov",""
51,"Mezirezortní pracovní skupina pro snížení škod působených alkoholem - MPS SPA","SZ/OPL","Členové",2118,"PeadDr. Martina Richterová-Těmínová",""
51,"Mezirezortní pracovní skupina pro snížení škod působených alkoholem - MPS SPA","SZ/OPL","Členové",2261,"Mgr. Vladimír Sklenář",""
51,"Mezirezortní pracovní skupina pro snížení škod působených alkoholem - MPS SPA","SZ/OPL","Členové",2519,"Mgr. Martin Škrobánek",""
51,"Mezirezortní pracovní skupina pro snížení škod působených alkoholem - MPS SPA","SZ/OPL","Členové",3443,"Mgr. Claudia Varhol","Svaz obcí a měst České republiky"
51,"Mezirezortní pracovní skupina pro snížení škod působených alkoholem - MPS SPA","SZ/OPL","Hosté",3492,"Ing. Dana Večeřová",""
52,"Pracovní skupina pro návykové nemoci při Ministerstvu zdravotnictví  (PSPNN)","SZ/OPL","Členové",461,"MUDr. Jiří Dvořáček",""
52,"Pracovní skupina pro návykové nemoci při Ministerstvu zdravotnictví  (PSPNN)","SZ/OPL","Členové",667,"MUDr. Milena Havlová",""
52,"Pracovní skupina pro návykové nemoci při Ministerstvu zdravotnictví  (PSPNN)","SZ/OPL","Členové",905,"prim. MUDr. Libor Chvíla, CSc.",""
52,"Pracovní skupina pro návykové nemoci při Ministerstvu zdravotnictví  (PSPNN)","SZ/OPL","Členové",1007,"Ing. Tomáš Jung, MBA",""
52,"Pracovní skupina pro návykové nemoci při Ministerstvu zdravotnictví  (PSPNN)","SZ/OPL","Členové",3455,"MUDr. Marian Koranda",""
52,"Pracovní skupina pro návykové nemoci při Ministerstvu zdravotnictví  (PSPNN)","SZ/OPL","Členové",1192,"Mgr. Lenka Kostelecká",""
52,"Pracovní skupina pro návykové nemoci při Ministerstvu zdravotnictví  (PSPNN)","SZ/OPL","Členové",1199,"MUDr. Veronika Kotková",""
52,"Pracovní skupina pro návykové nemoci při Ministerstvu zdravotnictví  (PSPNN)","SZ/OPL","Členové",1634,"prof. PhDr. Michal Miovský, Ph.D.",""
52,"Pracovní skupina pro návykové nemoci při Ministerstvu zdravotnictví  (PSPNN)","SZ/OPL","Členové",1667,"MUDr. Viktor Mravčík, Ph.D.",""
52,"Pracovní skupina pro návykové nemoci při Ministerstvu zdravotnictví  (PSPNN)","SZ/OPL","Členové",1741,"MUDr. Petr Nevšímal",""
52,"Pracovní skupina pro návykové nemoci při Ministerstvu zdravotnictví  (PSPNN)","SZ/OPL","Členové",1963,"Mgr. Kateřina Podrazilová, Ph.D.",""
52,"Pracovní skupina pro návykové nemoci při Ministerstvu zdravotnictví  (PSPNN)","SZ/OPL","Členové",1996,"MUDr. Petr Popov",""
52,"Pracovní skupina pro návykové nemoci při Ministerstvu zdravotnictví  (PSPNN)","SZ/OPL","Členové",2118,"PeadDr. Martina Richterová-Těmínová",""
52,"Pracovní skupina pro návykové nemoci při Ministerstvu zdravotnictví  (PSPNN)","SZ/OPL","Členové",2237,"MUDr. Jana Schmidtová",""
55,"Mezirezortní pracovní skupina k problematice komplexní ochrany před škodami působenými tabákem (MPS KOTA)","SZ","Členové",153,"Ing. Karel Bláha, CSc.","Ministerstvo životního prostředí"
55,"Mezirezortní pracovní skupina k problematice komplexní ochrany před škodami působenými tabákem (MPS KOTA)","SZ","Členové",3473,"PhDr. Kateřina Bocianová, Ph.D.","Ministerstvo zahraničních věcí"
55,"Mezirezortní pracovní skupina k problematice komplexní ochrany před škodami působenými tabákem (MPS KOTA)","SZ","Členové",374,"MUDr. Jiří Dolák","A.N.O. - Asociace nestátních organizací"
55,"Mezirezortní pracovní skupina k problematice komplexní ochrany před škodami působenými tabákem (MPS KOTA)","SZ","Členové",3489,"Mgr. Aneta Dvořáková","Ministerstvo spravedlnosti"
55,"Mezirezortní pracovní skupina k problematice komplexní ochrany před škodami působenými tabákem (MPS KOTA)","SZ","Členové",504,"plk. MUDr. Jana Fajfrová, Ph.D.","Ministerstvo obrany"
55,"Mezirezortní pracovní skupina k problematice komplexní ochrany před škodami působenými tabákem (MPS KOTA)","SZ","Členové",511,"Ing. Ondřej Fasora, Ph.D.","Ministerstvo financí"
55,"Mezirezortní pracovní skupina k problematice komplexní ochrany před škodami působenými tabákem (MPS KOTA)","SZ","Členové",527,"Ing. Jindřich Fialka","Ministerstvo zemědělství"
55,"Mezirezortní pracovní skupina k problematice komplexní ochrany před škodami působenými tabákem (MPS KOTA)","SZ","Členové",734,"PhDr. Petr Hnízdo","Ministerstvo kultury"
55,"Mezirezortní pracovní skupina k problematice komplexní ochrany před škodami působenými tabákem (MPS KOTA)","SZ","Členové",3515,"Bc. Petra Kamarádová","Státní zdravotní ústav"
55,"Mezirezortní pracovní skupina k problematice komplexní ochrany před škodami působenými tabákem (MPS KOTA)","SZ","Členové",1081,"Ing. Lucia Kiššová","Úřad vlády ČR"
55,"Mezirezortní pracovní skupina k problematice komplexní ochrany před škodami působenými tabákem (MPS KOTA)","SZ","Členové",1133,"Mgr. Lukáš Kohoutek","Česká koalice proti tabáku"
55,"Mezirezortní pracovní skupina k problematice komplexní ochrany před škodami působenými tabákem (MPS KOTA)","SZ","Členové",1192,"Mgr. Lenka Kostelecká","Ministerstvo zdravotnictví"
55,"Mezirezortní pracovní skupina k problematice komplexní ochrany před škodami působenými tabákem (MPS KOTA)","SZ","Členové",3488,"Mgr. Adam Kulhánek","Společnost pro návykové nemoci ČLS JEP"
55,"Mezirezortní pracovní skupina k problematice komplexní ochrany před škodami působenými tabákem (MPS KOTA)","SZ","Členové",1696,"MUDr. Lubomír Nečas","Asociace krajů"
55,"Mezirezortní pracovní skupina k problematice komplexní ochrany před škodami působenými tabákem (MPS KOTA)","SZ","Členové",2261,"Mgr. Vladimír Sklenář","Ministerstvo školství"
55,"Mezirezortní pracovní skupina k problematice komplexní ochrany před škodami působenými tabákem (MPS KOTA)","SZ","Členové",2290,"Ing. Silvie Slavíková","Ministerstvo zdravotnictví"
55,"Mezirezortní pracovní skupina k problematice komplexní ochrany před škodami působenými tabákem (MPS KOTA)","SZ","Členové",2333,"Ing. Robert Spáčil","Ministerstvo dopravy"
55,"Mezirezortní pracovní skupina k problematice komplexní ochrany před škodami působenými tabákem (MPS KOTA)","SZ","Členové",3089,"MUDr. Lenka Štěpánková, Ph.D.","Společnost pro léčbu závislosti na tabáku"
55,"Mezirezortní pracovní skupina k problematice komplexní ochrany před škodami působenými tabákem (MPS KOTA)","SZ","Členové",3487,"Ing. Kateřina Talašová","Úřad vlády ČR"
55,"Mezirezortní pracovní skupina k problematice komplexní ochrany před škodami působenými tabákem (MPS KOTA)","SZ","Členové",3443,"Mgr. Claudia Varhol","Svaz měst a obcí ČR"
55,"Mezirezortní pracovní skupina k problematice komplexní ochrany před škodami působenými tabákem (MPS KOTA)","SZ","Členové",2824,"Ing. Pavel Vinkler","Ministerstvo průmyslu a obchodu"
55,"Mezirezortní pracovní skupina k problematice komplexní ochrany před škodami působenými tabákem (MPS KOTA)","SZ","Členové",2940,"Mgr. Zuzana Zajarošová","Ministerstvo práce a sociálních věcí"
55,"Mezirezortní pracovní skupina k problematice komplexní ochrany před škodami působenými tabákem (MPS KOTA)","SZ","Členové",2956,"Mgr. Jiří Zatřepálek","Česká asociace adiktologů"
55,"Mezirezortní pracovní skupina k problematice komplexní ochrany před škodami působenými tabákem (MPS KOTA)","SZ","Členové",3015,"MUDr. Kamila Zvolská","ČLS JEP"
57,"Akreditační komise pro nelékařská povolání dle § 47 zákona č. 96/2004 Sb.","SZ/OZPO","Místopředseda",4175,"Mgr. Erika Minářová","Národní centrum ošetřovatelství a nelékařských zdravotnických oborů"
57,"Akreditační komise pro nelékařská povolání dle § 47 zákona č. 96/2004 Sb.","SZ/OZPO","Členové",4185,"Mgr. Věra Andrášková","Česká asociace sester - Sekce nutričních terapeutů"
57,"Akreditační komise pro nelékařská povolání dle § 47 zákona č. 96/2004 Sb.","SZ/OZPO","Členové",4181,"Ing. Jan Červený","Federace ortopedických protetiků technických oborů"
57,"Akreditační komise pro nelékařská povolání dle § 47 zákona č. 96/2004 Sb.","SZ/OZPO","Členové",882,"Mgr. Ondřej Fries","Odborný pracovník v ochraně a podpoře veřejného zdraví jmenovaný hlavním hygienikem ČR"
57,"Akreditační komise pro nelékařská povolání dle § 47 zákona č. 96/2004 Sb.","SZ/OZPO","Členové",3439,"Mgr. Veronika Hauerová","Česká asociace sester - Sekce zdravotních laborantů"
57,"Akreditační komise pro nelékařská povolání dle § 47 zákona č. 96/2004 Sb.","SZ/OZPO","Členové",719,"Mgr. Tereza Hladilová","Asociace klinických logopedů ČR"
57,"Akreditační komise pro nelékařská povolání dle § 47 zákona č. 96/2004 Sb.","SZ/OZPO","Členové",819,"doc. Ing. Jiří Hozman, Ph.D.","Česká společnost biomedicínského inženýrství a lékařské informatiky ČLS JEP"
57,"Akreditační komise pro nelékařská povolání dle § 47 zákona č. 96/2004 Sb.","SZ/OZPO","Členové",4187,"Mgr. Bc. Barbora Hráčková","Česká společnost ortoptistek"
57,"Akreditační komise pro nelékařská povolání dle § 47 zákona č. 96/2004 Sb.","SZ/OZPO","Členové",963,"Mgr. Vladimír Jarušek, MBA","Komora zdravotnických záchranných služeb ČR"
57,"Akreditační komise pro nelékařská povolání dle § 47 zákona č. 96/2004 Sb.","SZ/OZPO","Členové",1003,"RNDr. Libor Judas, Ph.D.","Česká společnost fyziků v medicíně"
57,"Akreditační komise pro nelékařská povolání dle § 47 zákona č. 96/2004 Sb.","SZ/OZPO","Členové",4180,"Olga Jůzová","Česká asociace zdravotních laborantů"
57,"Akreditační komise pro nelékařská povolání dle § 47 zákona č. 96/2004 Sb.","SZ/OZPO","Členové",4192,"Ing. Tereza Kislingerová","Česká společnost pro zdravotnickou techniku"
57,"Akreditační komise pro nelékařská povolání dle § 47 zákona č. 96/2004 Sb.","SZ/OZPO","Členové",3438,"Bc. Gabriela Klausová, DiS.","Česká asociace sester - Sekce asistentů ochrany a podpory veřejného zdraví"
57,"Akreditační komise pro nelékařská povolání dle § 47 zákona č. 96/2004 Sb.","SZ/OZPO","Členové",3512,"Bc. Lenka Kopecká","Asociace nemocnic ČR"
57,"Akreditační komise pro nelékařská povolání dle § 47 zákona č. 96/2004 Sb.","SZ/OZPO","Členové",1228,"Mgr. Ondřej Krahula, MBA","Společnost radiologických asistentů ČR"
57,"Akreditační komise pro nelékařská povolání dle § 47 zákona č. 96/2004 Sb.","SZ/OZPO","Členové",4184,"Mgr. Klára Kučerová, Ph.D.","Unie fyzioterapeutů ČR"
57,"Akreditační komise pro nelékařská povolání dle § 47 zákona č. 96/2004 Sb.","SZ/OZPO","Členové",4194,"Marta Matušková, DiS., MBA","Asociace dentálních hygienistek ČR"
57,"Akreditační komise pro nelékařská povolání dle § 47 zákona č. 96/2004 Sb.","SZ/OZPO","Členové",3270,"Bc. Ivona Mikulenková","Česká asociace sester"
57,"Akreditační komise pro nelékařská povolání dle § 47 zákona č. 96/2004 Sb.","SZ/OZPO","Členové",3285,"Mgr. Jaroslava Nováková","Česká asociace sester"
57,"Akreditační komise pro nelékařská povolání dle § 47 zákona č. 96/2004 Sb.","SZ/OZPO","Členové",1842,"PhDr. Alena Paloušová","Asociace klinických psychologů ČR"
57,"Akreditační komise pro nelékařská povolání dle § 47 zákona č. 96/2004 Sb.","SZ/OZPO","Členové",4193,"prof. PhDr. Karel Pančocha, Ph.D., M.Sc.","Česká odborná společnost Aplikované behaviorální analýzy, z. s."
57,"Akreditační komise pro nelékařská povolání dle § 47 zákona č. 96/2004 Sb.","SZ/OZPO","Členové",4183,"Ing. Květa Pelinková, MBA","Komora vysokoškolsky vzdělaných odborných pracovníků ve zdravotnictví"
57,"Akreditační komise pro nelékařská povolání dle § 47 zákona č. 96/2004 Sb.","SZ/OZPO","Členové",3436,"Mgr. Jana Pivovarčíková","Asociace českých a moravských nemocnic"
57,"Akreditační komise pro nelékařská povolání dle § 47 zákona č. 96/2004 Sb.","SZ/OZPO","Členové",4,"Ing. Kateřina Přibylová","Ministerstvo zdravotnictví ČR"
57,"Akreditační komise pro nelékařská povolání dle § 47 zákona č. 96/2004 Sb.","SZ/OZPO","Členové",4178,"Pavla Ratajová","Česká asociace sester Sekce zdravotně – sociálních pracovníků"
57,"Akreditační komise pro nelékařská povolání dle § 47 zákona č. 96/2004 Sb.","SZ/OZPO","Členové",4186,"Bc. Alexandra Seidlová","Komora zubních techniků ČR"
57,"Akreditační komise pro nelékařská povolání dle § 47 zákona č. 96/2004 Sb.","SZ/OZPO","Členové",2253,"PeadDr. Markéta Skalická","Asociace zrakových terapeutů, z. s."
57,"Akreditační komise pro nelékařská povolání dle § 47 zákona č. 96/2004 Sb.","SZ/OZPO","Členové",2413,"Mgr. Kateřina Svěcená, Ph.D.","Česká asociace ergoterapeutů"
57,"Akreditační komise pro nelékařská povolání dle § 47 zákona č. 96/2004 Sb.","SZ/OZPO","Členové",4188,"Mgr. et Mgr. Martin Svoboda","Česká asociace adiktologů"
57,"Akreditační komise pro nelékařská povolání dle § 47 zákona č. 96/2004 Sb.","SZ/OZPO","Členové",2500,"Bc. Alena Šindelářová","Česká komora farmaceutických asistentů"
57,"Akreditační komise pro nelékařská povolání dle § 47 zákona č. 96/2004 Sb.","SZ/OZPO","Členové",4041,"Bc. Lenka Šnajdrová","Ministerstvo zdravotnictví ČR"
57,"Akreditační komise pro nelékařská povolání dle § 47 zákona č. 96/2004 Sb.","SZ/OZPO","Členové",2925,"PhDr. Radka Wilhelmová, Ph.D.","Unie porodních asistentek"
57,"Akreditační komise pro nelékařská povolání dle § 47 zákona č. 96/2004 Sb.","SZ/OZPO","Členové",4191,"Bc. Kateřina Žaloudková, DiS.","Společenstvo českých optiků a optometristů"
64,"Mezirezortní komise zdravotnického školství","SZ/OZPO","Předseda",3064,"Mgr. Alice Strnadová, MBA",""
64,"Mezirezortní komise zdravotnického školství","SZ/OZPO","Tajemník",499,"Mgr. Marta Faiereislová",""
64,"Mezirezortní komise zdravotnického školství","SZ/OZPO","Členové",1980,"Mgr. Barbora Poláková",""
65,"Rada pro duchovní péči ve zdravotnictví","SZ/OZPO","Předseda",525,"MUDr. Ing. Petr Fiala",""
65,"Rada pro duchovní péči ve zdravotnictví","SZ/OZPO","Místopředseda",836,"MUDr. Bc. Michal Hrnčiarik",""
65,"Rada pro duchovní péči ve zdravotnictví","SZ/OZPO","Členové",4102,"Mgr. Marián Čop",""
65,"Rada pro duchovní péči ve zdravotnictví","SZ/OZPO","Členové",4173,"Mgr. Matěj Hájek, Th.D.",""
65,"Rada pro duchovní péči ve zdravotnictví","SZ/OZPO","Členové",3162,"doc. Damián Němec, dr.",""
65,"Rada pro duchovní péči ve zdravotnictví","SZ/OZPO","Členové",3334,"Mgr. Jaromír Odrobiňák",""
65,"Rada pro duchovní péči ve zdravotnictví","SZ/OZPO","Členové",3064,"Mgr. Alice Strnadová, MBA",""
65,"Rada pro duchovní péči ve zdravotnictví","SZ/OZPO","Členové",3423,"Mgr. Marcela Šrámková",""
66,"Komise pro posuzování rozmístění přístrojových zdravotnických prostředků a kapacit hrazených z veřejného zdravotního pojištění","SZT/HTA","Předseda",2901,"prof. MUDr. Josef Vymazal, DrSc.","Radiologická společnost ČLS JEP"
66,"Komise pro posuzování rozmístění přístrojových zdravotnických prostředků a kapacit hrazených z veřejného zdravotního pojištění","SZT/HTA","Místopředseda",1580,"Ing. Martin Mayer, Ph.D., MHA","Česká společnost biomedicínského inženýrství a lékařské informatiky ČLS JEP"
66,"Komise pro posuzování rozmístění přístrojových zdravotnických prostředků a kapacit hrazených z veřejného zdravotního pojištění","SZT/HTA","Členové",113,"Ing. Jan Beneš","Svaz zdravotních pojišťoven ČR"
66,"Komise pro posuzování rozmístění přístrojových zdravotnických prostředků a kapacit hrazených z veřejného zdravotního pojištění","SZT/HTA","Členové",115,"prof. MUDr. RNDr. Jiří Beneš, CSc.","Česká lékařská společnost Jana Evangelisty Purkyně"
66,"Komise pro posuzování rozmístění přístrojových zdravotnických prostředků a kapacit hrazených z veřejného zdravotního pojištění","SZT/HTA","Členové",4227,"MUDr. Tomáš Doležal, Ph.D.","Národní institut kvality a excelence zdravotnictví"
66,"Komise pro posuzování rozmístění přístrojových zdravotnických prostředků a kapacit hrazených z veřejného zdravotního pojištění","SZT/HTA","Členové",4119,"MUDr. Kamal Farhan","Asociace krajů ČR"
66,"Komise pro posuzování rozmístění přístrojových zdravotnických prostředků a kapacit hrazených z veřejného zdravotního pojištění","SZT/HTA","Členové",4196,"Ing. Mgr. Markéta Foldyna Hellová, MHA","Ministerstvo zdravotnictví"
66,"Komise pro posuzování rozmístění přístrojových zdravotnických prostředků a kapacit hrazených z veřejného zdravotního pojištění","SZT/HTA","Členové",3308,"Mgr. Bc. Kateřina Grygarová","Ministerstvo zdravotnictví"
66,"Komise pro posuzování rozmístění přístrojových zdravotnických prostředků a kapacit hrazených z veřejného zdravotního pojištění","SZT/HTA","Členové",4225,"MUDr. Tomáš Hauer","Ministerstvo zdravotnictví"
66,"Komise pro posuzování rozmístění přístrojových zdravotnických prostředků a kapacit hrazených z veřejného zdravotního pojištění","SZT/HTA","Členové",3885,"MUDr. Samuel Heller, Ph.D.","Česká angiologická společnost ČLS JEP"
66,"Komise pro posuzování rozmístění přístrojových zdravotnických prostředků a kapacit hrazených z veřejného zdravotního pojištění","SZT/HTA","Členové",3116,"MUDr. Petr Chudomel, MBA","Statutární zástupce poskytovatele zdravotních služeb (AČMN a ASPZS)"
66,"Komise pro posuzování rozmístění přístrojových zdravotnických prostředků a kapacit hrazených z veřejného zdravotního pojištění","SZT/HTA","Členové",3663,"Ing. Miroslav Jankůj, Ph.D.","Všeobecná zdravotní pojišťovna ČR"
66,"Komise pro posuzování rozmístění přístrojových zdravotnických prostředků a kapacit hrazených z veřejného zdravotního pojištění","SZT/HTA","Členové",1290,"Ing. Pavel Krupička, LL.M.","Svaz zdravotních pojišťoven ČR"
66,"Komise pro posuzování rozmístění přístrojových zdravotnických prostředků a kapacit hrazených z veřejného zdravotního pojištění","SZT/HTA","Členové",1592,"doc. MUDr. Marek Mechl, Ph.D., MBA","Radiologická společnost ČLS JEP"
66,"Komise pro posuzování rozmístění přístrojových zdravotnických prostředků a kapacit hrazených z veřejného zdravotního pojištění","SZT/HTA","Členové",1671,"Ing. Jiří Mrázek, MBA","Všeobecná zdravotní pojišťovna ČR"
66,"Komise pro posuzování rozmístění přístrojových zdravotnických prostředků a kapacit hrazených z veřejného zdravotního pojištění","SZT/HTA","Členové",4226,"prof. MUDr. Petr Ošťádal, Ph.D.","Česká kardiologická společnost"
66,"Komise pro posuzování rozmístění přístrojových zdravotnických prostředků a kapacit hrazených z veřejného zdravotního pojištění","SZT/HTA","Členové",1854,"doc. MUDr. Jiří Páral, Ph.D., MBA","Česká chirurgická společnost ČLS JEP"
66,"Komise pro posuzování rozmístění přístrojových zdravotnických prostředků a kapacit hrazených z veřejného zdravotního pojištění","SZT/HTA","Členové",2330,"doc. MUDr. Renata Soumarová, Ph.D.","Společnost radiační onkologie, biologie a fyziky ČLS JEP"
66,"Komise pro posuzování rozmístění přístrojových zdravotnických prostředků a kapacit hrazených z veřejného zdravotního pojištění","SZT/HTA","Členové",3118,"Mgr. Simona Zábranská","Pacientská rada Ministerstva zdravotnictví"
66,"Komise pro posuzování rozmístění přístrojových zdravotnických prostředků a kapacit hrazených z veřejného zdravotního pojištění","SZT/HTA","Členové",4195,"MUDr. Patrik Zachar","Ministerstvo zdravotnictví"
66,"Komise pro posuzování rozmístění přístrojových zdravotnických prostředků a kapacit hrazených z veřejného zdravotního pojištění","SZT/HTA","Členové",2954,"Mgr. Jan Zapletal","Ministerstvo zdravotnictví"
66,"Komise pro posuzování rozmístění přístrojových zdravotnických prostředků a kapacit hrazených z veřejného zdravotního pojištění","SZT/HTA","Členové",3017,"MUDr. Miroslav Zvolský","Ústav zdravotnických informací a statistiky ČR"
72,"Vzdělávací rada lékařů","SZ/OZPO","Předseda",2517,"prof. MUDr. Jan Škrha, DrSc., MBA",""
72,"Vzdělávací rada lékařů","SZ/OZPO","Místopředseda",657,"prof. MUDr. Vojtěch Havlas, Ph.D.",""
72,"Vzdělávací rada lékařů","SZ/OZPO","Členové",40,"prof. MUDr. Marek Babjuk, CSc.",""
72,"Vzdělávací rada lékařů","SZ/OZPO","Členové",367,"doc. MUDr. Pavel Dlouhý, Ph.D.",""
72,"Vzdělávací rada lékařů","SZ/OZPO","Členové",680,"doc. MUDr. Jarmila Heissigerová, Ph.D., MBA",""
72,"Vzdělávací rada lékařů","SZ/OZPO","Členové",1141,"prof. MUDr. Milan Kolář, Ph.D.",""
72,"Vzdělávací rada lékařů","SZ/OZPO","Členové",1320,"MUDr. Milan Kubek",""
72,"Vzdělávací rada lékařů","SZ/OZPO","Členové",4083,"MUDr. Jan Přáda",""
72,"Vzdělávací rada lékařů","SZ/OZPO","Členové",2109,"doc. MUDr. Martin Repko, Ph.D.",""
84,"Komise pro institucionální podporu","SZ/VVD","Předseda",2466,"prof. MUDr. Aleksi Šedo, DrSc., FCMA",""
84,"Komise pro institucionální podporu","SZ/VVD","Místopředseda",1021,"prof. MUDr. Marian Kacerovský, Ph.D.",""
84,"Komise pro institucionální podporu","SZ/VVD","Členové",17,"prof. MUDr. Michal Anděl, CSc.",""
84,"Komise pro institucionální podporu","SZ/VVD","Členové",536,"prof. MUDr. Jindřich Fínek, Ph.D.","člen od 1.9.2025"
84,"Komise pro institucionální podporu","SZ/VVD","Členové",1069,"prof. MUDr. Josef Kautzner, CSc.","člen od 1.1.2024"
84,"Komise pro institucionální podporu","SZ/VVD","Členové",1141,"prof. MUDr. Milan Kolář, Ph.D.","člen od 1.9.2025"
84,"Komise pro institucionální podporu","SZ/VVD","Členové",4161,"prof. MUDr. Václav Liška, Ph.D.","člen od 1.9.2025"
84,"Komise pro institucionální podporu","SZ/VVD","Členové",2107,"prof. MUDr. Irena Rektorová, Ph.D.","členka od 1.9.2025"
84,"Komise pro institucionální podporu","SZ/VVD","Členové",3486,"prof. MUDr. Marek Svoboda, Ph.D.","od 31.3.2020 (porada vedení č. 10 ze dne 10.3.2020)"
84,"Komise pro institucionální podporu","SZ/VVD","Členové",4118,"prof. MUDr. Ondřej Urban, Ph.D.","člen od 1.9.2025"
84,"Komise pro institucionální podporu","SZ/VVD","Členové",2995,"prof. MUDr. Tomáš Zima, DrSc.",""
86,"Pracovní skupina k rovným příležitostem pro ženy a muže","ST/PER","Předseda",1986,"JUDr. Radek Policar",""
86,"Pracovní skupina k rovným příležitostem pro ženy a muže","ST/PER","Místopředseda",2880,"Mgr. Filip Vrána",""
86,"Pracovní skupina k rovným příležitostem pro ženy a muže","ST/PER","Tajemník",3744,"JUDr. Jiří Berkovec",""
86,"Pracovní skupina k rovným příležitostem pro ženy a muže","ST/PER","Členové",79,"Mgr. Kateřina Baťhová",""
86,"Pracovní skupina k rovným příležitostem pro ženy a muže","ST/PER","Členové",3747,"Mgr. Matěj Čermák",""
86,"Pracovní skupina k rovným příležitostem pro ženy a muže","ST/PER","Členové",3745,"Mgr. Adéla Heryánová",""
86,"Pracovní skupina k rovným příležitostem pro ženy a muže","ST/PER","Členové",1564,"Ing. Daniela Matějková",""
86,"Pracovní skupina k rovným příležitostem pro ženy a muže","ST/PER","Členové",1616,"Ing. Jan Michálek",""
86,"Pracovní skupina k rovným příležitostem pro ženy a muže","ST/PER","Členové",3064,"Mgr. Alice Strnadová, MBA",""
91,"Komise pro řešení závažných hrozeb pro veřejné zdraví s možnými přeshraničními dopady (Ústřední epidemiologická komise)","HH/OVZ","Předseda",2854,"Mgr. et Mgr. Adam Vojtěch, MHA","ministr zdravotnictví"
91,"Komise pro řešení závažných hrozeb pro veřejné zdraví s možnými přeshraničními dopady (Ústřední epidemiologická komise)","HH/OVZ","Místopředseda",1453,"MUDr. Barbora Macková, MHA","hlavní hygienička ČR"
91,"Komise pro řešení závažných hrozeb pro veřejné zdraví s možnými přeshraničními dopady (Ústřední epidemiologická komise)","HH/OVZ","Členové",3985,"PhDr. Ondřej Andrys, MAE, MBA, MPA","Ministerstvo školství, mládeže a tělovýchovy"
91,"Komise pro řešení závažných hrozeb pro veřejné zdraví s možnými přeshraničními dopady (Ústřední epidemiologická komise)","HH/OVZ","Členové",3990,"plk. PhDr. Jaromír Bischof","Policejní prezidium ČR"
91,"Komise pro řešení závažných hrozeb pro veřejné zdraví s možnými přeshraničními dopady (Ústřední epidemiologická komise)","HH/OVZ","Členové",3980,"Ing. Helena Doktorová","Ministerstvo financí"
91,"Komise pro řešení závažných hrozeb pro veřejné zdraví s možnými přeshraničními dopady (Ústřední epidemiologická komise)","HH/OVZ","Členové",3981,"plk. MUDr. Zuzana Dvořáková","Ministerstvo obrany"
91,"Komise pro řešení závažných hrozeb pro veřejné zdraví s možnými přeshraničními dopady (Ústřední epidemiologická komise)","HH/OVZ","Členové",3984,"Ing. Milan Ekert","Ministerstvo zahraničních věcí"
91,"Komise pro řešení závažných hrozeb pro veřejné zdraví s možnými přeshraničními dopady (Ústřední epidemiologická komise)","HH/OVZ","Členové",3477,"Ing. Markéta Galiová","Ministerstvo zdravotnictví"
91,"Komise pro řešení závažných hrozeb pro veřejné zdraví s možnými přeshraničními dopady (Ústřední epidemiologická komise)","HH/OVZ","Členové",3838,"Mgr. Lenka Hynštová","Ministerstvo zdravotnictví"
91,"Komise pro řešení závažných hrozeb pro veřejné zdraví s možnými přeshraničními dopady (Ústřední epidemiologická komise)","HH/OVZ","Členové",3992,"ThLic. Tomáš Kotrlý, Th.D.","Ministerstvo pro místní rozvoj"
91,"Komise pro řešení závažných hrozeb pro veřejné zdraví s možnými přeshraničními dopady (Ústřední epidemiologická komise)","HH/OVZ","Členové",3988,"Ing. Petr Kutálek","Ministerstvo zemědělství"
91,"Komise pro řešení závažných hrozeb pro veřejné zdraví s možnými přeshraničními dopady (Ústřední epidemiologická komise)","HH/OVZ","Členové",3251,"MUDr. Jan Kynčl, Ph.D.","Státní zdravotní ústav"
91,"Komise pro řešení závažných hrozeb pro veřejné zdraví s možnými přeshraničními dopady (Ústřední epidemiologická komise)","HH/OVZ","Členové",3451,"Mgr. Zdeněk Kyselý","Ministerstvo zdravotnictví"
91,"Komise pro řešení závažných hrozeb pro veřejné zdraví s možnými přeshraničními dopady (Ústřední epidemiologická komise)","HH/OVZ","Členové",1493,"RNDr. Marek Malý, CSc.","Státní zdravotní ústav"
91,"Komise pro řešení závažných hrozeb pro veřejné zdraví s možnými přeshraničními dopady (Ústřední epidemiologická komise)","HH/OVZ","Členové",3982,"Mgr. Karel Mikuláš","Ministerstvo spravedlnosti"
91,"Komise pro řešení závažných hrozeb pro veřejné zdraví s možnými přeshraničními dopady (Ústřední epidemiologická komise)","HH/OVZ","Členové",3983,"Ing. Ladislav Němec","Ministerstvo dopravy"
91,"Komise pro řešení závažných hrozeb pro veřejné zdraví s možnými přeshraničními dopady (Ústřední epidemiologická komise)","HH/OVZ","Členové",3987,"Mgr. Milan Němeček, Ph.D.","Ministerstvo kultury"
91,"Komise pro řešení závažných hrozeb pro veřejné zdraví s možnými přeshraničními dopady (Ústřední epidemiologická komise)","HH/OVZ","Členové",3979,"Ing. Miloslav Novák","Správa státních hmotných rezerv"
91,"Komise pro řešení závažných hrozeb pro veřejné zdraví s možnými přeshraničními dopady (Ústřední epidemiologická komise)","HH/OVZ","Členové",3974,"brig. gen. Ing Petr Ošlejšek, Ph.D.","Generální ředitelství HZS ČR"
91,"Komise pro řešení závažných hrozeb pro veřejné zdraví s možnými přeshraničními dopady (Ústřední epidemiologická komise)","HH/OVZ","Členové",3975,"Mgr. Daniela Rrahmaniová","Ministerstvo zdravotnictví"
91,"Komise pro řešení závažných hrozeb pro veřejné zdraví s možnými přeshraničními dopady (Ústřední epidemiologická komise)","HH/OVZ","Členové",3978,"Ing. Pavel Švagr, CSc.","Správa státních hmotných rezerv"
91,"Komise pro řešení závažných hrozeb pro veřejné zdraví s možnými přeshraničními dopady (Ústřední epidemiologická komise)","HH/OVZ","Členové",3991,"Mgr. Jiří Toman","Ministerstvo vnitra"
91,"Komise pro řešení závažných hrozeb pro veřejné zdraví s možnými přeshraničními dopady (Ústřední epidemiologická komise)","HH/OVZ","Členové",3989,"Ing. Bc. Pavel Tuček","Asociace krajů ČR"
91,"Komise pro řešení závažných hrozeb pro veřejné zdraví s možnými přeshraničními dopady (Ústřední epidemiologická komise)","HH/OVZ","Členové",3976,"Ing. Eliška Urbancová","Ministerstvo zdravotnictví"
91,"Komise pro řešení závažných hrozeb pro veřejné zdraví s možnými přeshraničními dopady (Ústřední epidemiologická komise)","HH/OVZ","Členové",3244,"Ing. Zdeněk Zeman","Ministerstvo průmyslu a obchodu"
103,"Pracovní skupina pro koncepční řešení poskytování domácí péče v ČR","SZ/OZPO","Místopředseda",3904,"Mgr. Bc. Pavel Kurek, DiS.","zástupce Odboru zdravotní péče"
103,"Pracovní skupina pro koncepční řešení poskytování domácí péče v ČR","SZ/OZPO","Místopředseda",3064,"Mgr. Alice Strnadová, MBA","ředitelka Odboru zdravotnických povolání, hlavní sestra ČR"
103,"Pracovní skupina pro koncepční řešení poskytování domácí péče v ČR","SZ/OZPO","Místopředseda",2692,"Mgr. Tomáš Troch","ředitel Odboru regulace cen a úhrad"
103,"Pracovní skupina pro koncepční řešení poskytování domácí péče v ČR","SZ/OZPO","Tajemník",716,"Mgr. Lenka Hladíková","zástupce Odboru zdravotnických povolání"
103,"Pracovní skupina pro koncepční řešení poskytování domácí péče v ČR","SZ/OZPO","Členové",3180,"Mgr. Lucie Brožková","KDP Sluníčko, zástupce Grémia manažerů agentur domácí péče"
103,"Pracovní skupina pro koncepční řešení poskytování domácí péče v ČR","SZ/OZPO","Členové",4058,"Bc. Kateřina Čechová, DiS.","zástupce ZZS hl. m. Prahy"
103,"Pracovní skupina pro koncepční řešení poskytování domácí péče v ČR","SZ/OZPO","Členové",4077,"MUDr. Zuzana Elbertová","zástupce VZP ČR"
103,"Pracovní skupina pro koncepční řešení poskytování domácí péče v ČR","SZ/OZPO","Členové",507,"Zdeňka Faltýnková","zástupce České asociace paraplegiků CZEPA"
103,"Pracovní skupina pro koncepční řešení poskytování domácí péče v ČR","SZ/OZPO","Členové",1060,"MUDr. Eva Kasalická","zástupce Sdružení praktických lékařů ČLS JEP"
103,"Pracovní skupina pro koncepční řešení poskytování domácí péče v ČR","SZ/OZPO","Členové",3183,"Lucie Linkeová, BA","vedoucí odboru nelůžkových služeb zdravotního úseku ČPZP, zástupce Svazu zdravotních pojišťoven"
103,"Pracovní skupina pro koncepční řešení poskytování domácí péče v ČR","SZ/OZPO","Členové",3182,"Alena Makarová","vrchní sestra VFN, zástupce Asociace nemocnic ČR"
103,"Pracovní skupina pro koncepční řešení poskytování domácí péče v ČR","SZ/OZPO","Členové",3176,"Mgr. Petr Peiger","zástupce Odboru legislativně-právního"
103,"Pracovní skupina pro koncepční řešení poskytování domácí péče v ČR","SZ/OZPO","Členové",3178,"Bc. Hana Pekárková","zástupce Pracoviště ošetřovatelské péče Hradec Králové, s.r.o."
103,"Pracovní skupina pro koncepční řešení poskytování domácí péče v ČR","SZ/OZPO","Členové",2097,"Ing. Jitka Reineltová","Parent project, z. s, zástupce Pacientské rady MZD"
103,"Pracovní skupina pro koncepční řešení poskytování domácí péče v ČR","SZ/OZPO","Členové",3749,"RNDr. Jitka Soukupová","zástupce ÚZIS ČR"
103,"Pracovní skupina pro koncepční řešení poskytování domácí péče v ČR","SZ/OZPO","Členové",3432,"Bc. Jana Šnýdrová","zástupce Asociace domácí péče ČR"
103,"Pracovní skupina pro koncepční řešení poskytování domácí péče v ČR","SZ/OZPO","Členové",4168,"Mgr. Jaroslava Tkáčová","zástupce NCO NZO v Brně"
103,"Pracovní skupina pro koncepční řešení poskytování domácí péče v ČR","SZ/OZPO","Členové",3179,"Andrea Turková","zástupce Pracoviště ošetřovatelské péče Hradec Králové, s.r.o."
103,"Pracovní skupina pro koncepční řešení poskytování domácí péče v ČR","SZ/OZPO","Členové",3177,"MUDr. Jana Vocílková","zástupce Sdružení ambulantních specialistů ČLS JEP"
103,"Pracovní skupina pro koncepční řešení poskytování domácí péče v ČR","SZ/OZPO","Členové",3431,"Mgr. Petra Vytasil Krajíčková, MBA","zástupce České asociace sester"
111,"Vzdělávací rada zubních lékařů","SZ/OZPO","Předseda",914,"prof. MUDr. Lydie Izakovičová-Hollá, Ph.D.",""
111,"Vzdělávací rada zubních lékařů","SZ/OZPO","Místopředseda",2292,"doc. MUDr. Radovan Slezák, CSc.",""
111,"Vzdělávací rada zubních lékařů","SZ/OZPO","Členové",457,"prof. MUDr. Jana Dušková, DrSc., MBA",""
111,"Vzdělávací rada zubních lékařů","SZ/OZPO","Členové",650,"MUDr. et. MUDr. Lukáš Hauer, Ph.D.",""
111,"Vzdělávací rada zubních lékařů","SZ/OZPO","Členové",810,"MUDr. Robert Houba, Ph.D.",""
111,"Vzdělávací rada zubních lékařů","SZ/OZPO","Členové",4085,"doc. MUDr. Martin Starosta, Ph.D.",""
111,"Vzdělávací rada zubních lékařů","SZ/OZPO","Členové",2538,"doc. MUDr. Roman Šmucler, CSc.",""
111,"Vzdělávací rada zubních lékařů","SZ/OZPO","Členové",2555,"doc. MUDr. Miloš Špidlen, Ph.D.",""
111,"Vzdělávací rada zubních lékařů","SZ/OZPO","Členové",4084,"MDDr. Iva Voborná, Ph.D.",""
112,"Vzdělávací rada farmaceutů","SZ/OZPO","Členové",591,"PharmDr. Jana Gregorová",""
112,"Vzdělávací rada farmaceutů","SZ/OZPO","Členové",4082,"doc. RNDr. Jozef Kolář, CSc.",""
112,"Vzdělávací rada farmaceutů","SZ/OZPO","Členové",1259,"Mgr. Aleš Krebs, Ph.D.",""
112,"Vzdělávací rada farmaceutů","SZ/OZPO","Členové",4081,"doc. PharmDr. Josef Malý, Ph.D.",""
112,"Vzdělávací rada farmaceutů","SZ/OZPO","Členové",2490,"PharmDr. Martin Šíma",""
114,"Pracovní komise pro systémové řešení urgentních příjmů","SZ/OZP","Místopředseda",2507,"Ing. Mgr. Venuše Škampová","ředitelka OZP MZ"
114,"Pracovní komise pro systémové řešení urgentních příjmů","SZ/OZP","Tajemník",602,"MUDr. Roman Gřegoř, MBA",""
114,"Pracovní komise pro systémové řešení urgentních příjmů","SZ/OZP","Členové",48,"doc. MUDr. Martin Balík, Ph.D., EDIC","ČSARIM ČLS JEP"
114,"Pracovní komise pro systémové řešení urgentních příjmů","SZ/OZP","Členové",3477,"Ing. Markéta Galiová","ředitelka KRB MZ"
114,"Pracovní komise pro systémové řešení urgentních příjmů","SZ/OZP","Členové",771,"prof. MUDr. Tomáš Honzík, Ph.D.","Česká pediatrická společnost ČLS JEP"
114,"Pracovní komise pro systémové řešení urgentních příjmů","SZ/OZP","Členové",1125,"MUDr. Jaromír Kočí, Ph.D., FACS","SUMMK ČLS JEP"
114,"Pracovní komise pro systémové řešení urgentních příjmů","SZ/OZP","Členové",1156,"MUDr. Petr Kolouch, MBA","Asociace ZZS ČR"
114,"Pracovní komise pro systémové řešení urgentních příjmů","SZ/OZP","Členové",1364,"MUDr. Vladislav Kutěj","SUMMK ČLS JEP"
114,"Pracovní komise pro systémové řešení urgentních příjmů","SZ/OZP","Členové",3290,"MUDr. Vít Lorenc","ANČM"
114,"Pracovní komise pro systémové řešení urgentních příjmů","SZ/OZP","Členové",3293,"MUDr. Dagmar Märzová",""
114,"Pracovní komise pro systémové řešení urgentních příjmů","SZ/OZP","Členové",1648,"MUDr. Zdeněk Monhart, Ph.D.",""
114,"Pracovní komise pro systémové řešení urgentních příjmů","SZ/OZP","Členové",1671,"Ing. Jiří Mrázek, MBA","VZP ČR"
114,"Pracovní komise pro systémové řešení urgentních příjmů","SZ/OZP","Členové",1677,"MUDr. Zdeněk Mrozek, Ph.D.",""
114,"Pracovní komise pro systémové řešení urgentních příjmů","SZ/OZP","Členové",3292,"MUDr. Jiří Nový",""
114,"Pracovní komise pro systémové řešení urgentních příjmů","SZ/OZP","Členové",3176,"Mgr. Petr Peiger","MZ, LEG"
114,"Pracovní komise pro systémové řešení urgentních příjmů","SZ/OZP","Členové",1955,"MUDr. Ludmila Plšková","SZP"
114,"Pracovní komise pro systémové řešení urgentních příjmů","SZ/OZP","Členové",3291,"MUDr. Martin Polák",""
114,"Pracovní komise pro systémové řešení urgentních příjmů","SZ/OZP","Členové",3289,"Ing. Jitka Šmehlíková","Asociace nemocnic ČR"
114,"Pracovní komise pro systémové řešení urgentních příjmů","SZ/OZP","Členové",2547,"MUDr. Petr Šonka","SPL ČR"
114,"Pracovní komise pro systémové řešení urgentních příjmů","SZ/OZP","Členové",2996,"MUDr. Zdeněk Zíma","SPLDD ČR"
114,"Pracovní komise pro systémové řešení urgentních příjmů","SZ/OZP","Členové",3028,"Mgr. Pavlína Žílová","MZ, CAU"
121,"Komise pro kategorizaci a úhradovou regulaci zdravotnických prostředků","SZT/OLZP","Předseda",115,"prof. MUDr. RNDr. Jiří Beneš, CSc.","ČLS JEP"
121,"Komise pro kategorizaci a úhradovou regulaci zdravotnických prostředků","SZT/OLZP","Tajemník",4145,"Veronika Novotná",""
121,"Komise pro kategorizaci a úhradovou regulaci zdravotnických prostředků","SZT/OLZP","Členové",3314,"Václav Antonín","SČOO - trvalý náhradní člen"
121,"Komise pro kategorizaci a úhradovou regulaci zdravotnických prostředků","SZT/OLZP","Členové",113,"Ing. Jan Beneš","SZP ČR"
121,"Komise pro kategorizaci a úhradovou regulaci zdravotnických prostředků","SZT/OLZP","Členové",3860,"Ing. Denisa Ciprová","VZP ČR"
121,"Komise pro kategorizaci a úhradovou regulaci zdravotnických prostředků","SZT/OLZP","Členové",3312,"Ing. Šárka Dvořáková","SVPZP"
121,"Komise pro kategorizaci a úhradovou regulaci zdravotnických prostředků","SZT/OLZP","Členové",4098,"Mgr. Martin Dymáček","APZZP – trvalý náhradní člen"
121,"Komise pro kategorizaci a úhradovou regulaci zdravotnických prostředků","SZT/OLZP","Členové",507,"Zdeňka Faltýnková","Pacientská rada ministra zdravotnictví"
121,"Komise pro kategorizaci a úhradovou regulaci zdravotnických prostředků","SZT/OLZP","Členové",3872,"Ing. Miloslav Franta","SÚKL - trvalý náhradní člen"
121,"Komise pro kategorizaci a úhradovou regulaci zdravotnických prostředků","SZT/OLZP","Členové",723,"Mgr. Jana Hlaváčová","Ministerstvo zdravotnictví"
121,"Komise pro kategorizaci a úhradovou regulaci zdravotnických prostředků","SZT/OLZP","Členové",3317,"Mgr. Monika Hradecká","CzechMed"
121,"Komise pro kategorizaci a úhradovou regulaci zdravotnických prostředků","SZT/OLZP","Členové",3861,"PaedDr. Jana Kaufmanová","VZP ČR"
121,"Komise pro kategorizaci a úhradovou regulaci zdravotnických prostředků","SZT/OLZP","Členové",1236,"JUDr. Jakub Král, Ph.D.","ČLS JEP - trvalý náhradní člen"
121,"Komise pro kategorizaci a úhradovou regulaci zdravotnických prostředků","SZT/OLZP","Členové",1248,"Mgr. Václav Krása","Pacientská rada ministra zdravotnictví - trvalý náhradní člen"
121,"Komise pro kategorizaci a úhradovou regulaci zdravotnických prostředků","SZT/OLZP","Členové",3320,"MUDr. Petr Krawczyk","ČLS JEP"
121,"Komise pro kategorizaci a úhradovou regulaci zdravotnických prostředků","SZT/OLZP","Členové",1285,"prof. MUDr. Zdeněk Krška, DrSc.","ČLS JEP"
121,"Komise pro kategorizaci a úhradovou regulaci zdravotnických prostředků","SZT/OLZP","Členové",1290,"Ing. Pavel Krupička, LL.M.","SZP ČR"
121,"Komise pro kategorizaci a úhradovou regulaci zdravotnických prostředků","SZT/OLZP","Členové",3316,"Ing. Michal Maštalíř","CzechMed - trvalý náhradní člen"
121,"Komise pro kategorizaci a úhradovou regulaci zdravotnických prostředků","SZT/OLZP","Členové",3783,"Ing. Marek Mikulka","SVPZP - trvalý náhradní člen"
121,"Komise pro kategorizaci a úhradovou regulaci zdravotnických prostředků","SZT/OLZP","Členové",1628,"Mgr. Vlastimil Milata","Pacientská rada ministra zdravotnictví - trvalý náhradní člen"
121,"Komise pro kategorizaci a úhradovou regulaci zdravotnických prostředků","SZT/OLZP","Členové",3871,"Mgr. Karolína Peštová","SÚKL"
121,"Komise pro kategorizaci a úhradovou regulaci zdravotnických prostředků","SZT/OLZP","Členové",1920,"Jana Petrenko","Ministerstvo zdravotnictví"
121,"Komise pro kategorizaci a úhradovou regulaci zdravotnických prostředků","SZT/OLZP","Členové",3318,"Bc. Vladan Princ","APZZP"
121,"Komise pro kategorizaci a úhradovou regulaci zdravotnických prostředků","SZT/OLZP","Členové",3975,"Mgr. Daniela Rrahmaniová","Ministerstvo zdravotnictví"
121,"Komise pro kategorizaci a úhradovou regulaci zdravotnických prostředků","SZT/OLZP","Členové",2180,"Ing. Marie Ředinová","Pacientská rada ministra zdravotnictví"
121,"Komise pro kategorizaci a úhradovou regulaci zdravotnických prostředků","SZT/OLZP","Členové",3321,"MUDr. Jan Šoupal, Ph.D.","ČLS JEP"
121,"Komise pro kategorizaci a úhradovou regulaci zdravotnických prostředků","SZT/OLZP","Členové",4097,"Ing. Jakub Šourek","VZP ČR – trvalý náhradní člen"
121,"Komise pro kategorizaci a úhradovou regulaci zdravotnických prostředků","SZT/OLZP","Členové",4096,"Mgr. Stanislav Verosta","Ministerstvo zdravotnictví"
121,"Komise pro kategorizaci a úhradovou regulaci zdravotnických prostředků","SZT/OLZP","Členové",3315,"Mgr. Jan Zahálka","SČOO"
131,"Řídící rada pro implementaci CZ-DRG do resortu zdravotnictví","SE/CAU","Předseda",2126,"Ing. Helena Rögnerová",""
131,"Řídící rada pro implementaci CZ-DRG do resortu zdravotnictví","SE/CAU","Místopředseda",450,"prof. RNDr. Ladislav Dušek, Ph.D.",""
131,"Řídící rada pro implementaci CZ-DRG do resortu zdravotnictví","SE/CAU","Členové",3185,"Ing. Markéta Bartůňková",""
131,"Řídící rada pro implementaci CZ-DRG do resortu zdravotnictví","SE/CAU","Členové",94,"MUDr. Jiří Běhounek",""
131,"Řídící rada pro implementaci CZ-DRG do resortu zdravotnictví","SE/CAU","Členové",3286,"Ing. Michal Čarvaš, MBA",""
131,"Řídící rada pro implementaci CZ-DRG do resortu zdravotnictví","SE/CAU","Členové",3376,"MUDr. Pavel Frňka",""
131,"Řídící rada pro implementaci CZ-DRG do resortu zdravotnictví","SE/CAU","Členové",3378,"Ing. Petr Hrabák, MHA",""
131,"Řídící rada pro implementaci CZ-DRG do resortu zdravotnictví","SE/CAU","Členové",821,"doc. Ing. Jaroslav Hrabák, Ph.D.",""
131,"Řídící rada pro implementaci CZ-DRG do resortu zdravotnictví","SE/CAU","Členové",3375,"JUDr. Václav Janalík, MBA",""
131,"Řídící rada pro implementaci CZ-DRG do resortu zdravotnictví","SE/CAU","Členové",3382,"MUDr. David Kadaňka",""
131,"Řídící rada pro implementaci CZ-DRG do resortu zdravotnictví","SE/CAU","Členové",1110,"MUDr. Renata Knorová, MBA",""
131,"Řídící rada pro implementaci CZ-DRG do resortu zdravotnictví","SE/CAU","Členové",1336,"MUDr. Zdeňka Kučerová Salcman, MBA, LL.M.",""
131,"Řídící rada pro implementaci CZ-DRG do resortu zdravotnictví","SE/CAU","Členové",1354,"Ing. Jaroslava Kunová",""
131,"Řídící rada pro implementaci CZ-DRG do resortu zdravotnictví","SE/CAU","Členové",1404,"Ing. Jan Linda",""
131,"Řídící rada pro implementaci CZ-DRG do resortu zdravotnictví","SE/CAU","Členové",1616,"Ing. Jan Michálek",""
131,"Řídící rada pro implementaci CZ-DRG do resortu zdravotnictví","SE/CAU","Členové",1671,"Ing. Jiří Mrázek, MBA",""
131,"Řídící rada pro implementaci CZ-DRG do resortu zdravotnictví","SE/CAU","Členové",3379,"Pavel Nesměrák",""
131,"Řídící rada pro implementaci CZ-DRG do resortu zdravotnictví","SE/CAU","Členové",3377,"RNDr. Tomáš Pavlík, Ph.D.",""
131,"Řídící rada pro implementaci CZ-DRG do resortu zdravotnictví","SE/CAU","Členové",3374,"Ing. et Ing. Lenka Poliaková",""
131,"Řídící rada pro implementaci CZ-DRG do resortu zdravotnictví","SE/CAU","Členové",2056,"prof. MUDr. Roman Prymula, CSc., Ph.D.",""
131,"Řídící rada pro implementaci CZ-DRG do resortu zdravotnictví","SE/CAU","Členové",3266,"Ing. David Šmehlík, MHA",""
131,"Řídící rada pro implementaci CZ-DRG do resortu zdravotnictví","SE/CAU","Členové",3367,"JUDr. Mgr. Vladimíra Těšitelová, LL.M.",""
131,"Řídící rada pro implementaci CZ-DRG do resortu zdravotnictví","SE/CAU","Členové",3380,"Ing. Zdeněk Vitásek, MBA",""
131,"Řídící rada pro implementaci CZ-DRG do resortu zdravotnictví","SE/CAU","Členové",3028,"Mgr. Pavlína Žílová",""
141,"Pracovní skupina pro rozvoj a implementaci mezinárodních principů na podporu zdraví do systémů řízení kvality ve zdravotnických zařízeních","SZ/OZP","Předseda",3838,"Mgr. Lenka Hynštová",""
141,"Pracovní skupina pro rozvoj a implementaci mezinárodních principů na podporu zdraví do systémů řízení kvality ve zdravotnických zařízeních","SZ/OZP","Místopředseda",3089,"MUDr. Lenka Štěpánková, Ph.D.",""
141,"Pracovní skupina pro rozvoj a implementaci mezinárodních principů na podporu zdraví do systémů řízení kvality ve zdravotnických zařízeních","SZ/OZP","Členové",254,"Mgr. Jiřina Cahlíková, MBA",""
141,"Pracovní skupina pro rozvoj a implementaci mezinárodních principů na podporu zdraví do systémů řízení kvality ve zdravotnických zařízeních","SZ/OZP","Členové",3425,"MUDr. Soňa Csemyová",""
141,"Pracovní skupina pro rozvoj a implementaci mezinárodních principů na podporu zdraví do systémů řízení kvality ve zdravotnických zařízeních","SZ/OZP","Členové",4104,"Mgr. Hana Drábková",""
141,"Pracovní skupina pro rozvoj a implementaci mezinárodních principů na podporu zdraví do systémů řízení kvality ve zdravotnických zařízeních","SZ/OZP","Členové",4105,"Mgr. Monika Fatrová, MHA",""
141,"Pracovní skupina pro rozvoj a implementaci mezinárodních principů na podporu zdraví do systémů řízení kvality ve zdravotnických zařízeních","SZ/OZP","Členové",556,"Mgr. Pavlína Fridrichovská, Dis.",""
141,"Pracovní skupina pro rozvoj a implementaci mezinárodních principů na podporu zdraví do systémů řízení kvality ve zdravotnických zařízeních","SZ/OZP","Členové",573,"PhDr. Libuše Gavlasová, MBA",""
141,"Pracovní skupina pro rozvoj a implementaci mezinárodních principů na podporu zdraví do systémů řízení kvality ve zdravotnických zařízeních","SZ/OZP","Členové",4103,"Ing. Iva Hrnčiříková, Ph.D.",""
141,"Pracovní skupina pro rozvoj a implementaci mezinárodních principů na podporu zdraví do systémů řízení kvality ve zdravotnických zařízeních","SZ/OZP","Členové",4106,"Tomáš Kelbich, BBA, MHA",""
141,"Pracovní skupina pro rozvoj a implementaci mezinárodních principů na podporu zdraví do systémů řízení kvality ve zdravotnických zařízeních","SZ/OZP","Členové",1097,"Ing. Martina Klimková",""
141,"Pracovní skupina pro rozvoj a implementaci mezinárodních principů na podporu zdraví do systémů řízení kvality ve zdravotnických zařízeních","SZ/OZP","Členové",3843,"PhDr. Mgr. Hana Kubešová",""
141,"Pracovní skupina pro rozvoj a implementaci mezinárodních principů na podporu zdraví do systémů řízení kvality ve zdravotnických zařízeních","SZ/OZP","Členové",3427,"Mgr. Nina Müllerová",""
141,"Pracovní skupina pro rozvoj a implementaci mezinárodních principů na podporu zdraví do systémů řízení kvality ve zdravotnických zařízeních","SZ/OZP","Členové",3429,"Mgr. Kateřina Pokorná",""
141,"Pracovní skupina pro rozvoj a implementaci mezinárodních principů na podporu zdraví do systémů řízení kvality ve zdravotnických zařízeních","SZ/OZP","Členové",4052,"Šárka Tavanzi",""
141,"Pracovní skupina pro rozvoj a implementaci mezinárodních principů na podporu zdraví do systémů řízení kvality ve zdravotnických zařízeních","SZ/OZP","Členové",4051,"Mgr. Jana Vácová",""
141,"Pracovní skupina pro rozvoj a implementaci mezinárodních principů na podporu zdraví do systémů řízení kvality ve zdravotnických zařízeních","SZ/OZP","Členové",2768,"Ing. Monika Vaňhová, MBA",""
141,"Pracovní skupina pro rozvoj a implementaci mezinárodních principů na podporu zdraví do systémů řízení kvality ve zdravotnických zařízeních","SZ/OZP","Členové",3426,"MUDr. Lívia Večeřová, MBA",""
141,"Pracovní skupina pro rozvoj a implementaci mezinárodních principů na podporu zdraví do systémů řízení kvality ve zdravotnických zařízeních","SZ/OZP","Členové",2836,"Mgr. Marie Vlachová",""
148,"Pracovní skupina pro metodické řízení poskytovatelů zdravotnických záchranných služeb","SZ/OZP","Místopředseda",2507,"Ing. Mgr. Venuše Škampová","ředitelka OZP MZ"
148,"Pracovní skupina pro metodické řízení poskytovatelů zdravotnických záchranných služeb","SZ/OZP","Tajemník",602,"MUDr. Roman Gřegoř, MBA",""
148,"Pracovní skupina pro metodické řízení poskytovatelů zdravotnických záchranných služeb","SZ/OZP","Členové",549,"MUDr. Ondřej Franěk","SUMMK ČLS JEP- OŘ"
148,"Pracovní skupina pro metodické řízení poskytovatelů zdravotnických záchranných služeb","SZ/OZP","Členové",3477,"Ing. Markéta Galiová","Vedoucí OKP MZ"
148,"Pracovní skupina pro metodické řízení poskytovatelů zdravotnických záchranných služeb","SZ/OZP","Členové",858,"PhDr. Mgr. Bc. Vladimír Husárek, DiS., MBA, LL.M.","Komora záchranářů ZZS ČR"
148,"Pracovní skupina pro metodické řízení poskytovatelů zdravotnických záchranných služeb","SZ/OZP","Členové",3184,"Mgr. Petr Jarema",""
148,"Pracovní skupina pro metodické řízení poskytovatelů zdravotnických záchranných služeb","SZ/OZP","Členové",3520,"Ing. Vladimír Novotný","Komise RAK ČR pro zdravotnictví"
148,"Pracovní skupina pro metodické řízení poskytovatelů zdravotnických záchranných služeb","SZ/OZP","Členové",3098,"MUDr. Libor Seneta","AZZS ČR"
155,"Pracovní skupina pro dětskou a dorostovou psychiatrii","SZ","Předseda",577,"doc. MUDr. Michal Goetz, Ph.D.",""
155,"Pracovní skupina pro dětskou a dorostovou psychiatrii","SZ","Členové",437,"doc. MUDr. Iva Dudová, Ph.D.",""
155,"Pracovní skupina pro dětskou a dorostovou psychiatrii","SZ","Členové",3617,"Marie Hájek Salomonová, MSci.",""
155,"Pracovní skupina pro dětskou a dorostovou psychiatrii","SZ","Členové",3615,"MUDr. Tomáš Havelka",""
155,"Pracovní skupina pro dětskou a dorostovou psychiatrii","SZ","Členové",738,"MUDr. Iva Hodková",""
155,"Pracovní skupina pro dětskou a dorostovou psychiatrii","SZ","Členové",3109,"MUDr. Iveta Matějovská, CSc.",""
155,"Pracovní skupina pro dětskou a dorostovou psychiatrii","SZ","Členové",3618,"Alena Müllerová",""
155,"Pracovní skupina pro dětskou a dorostovou psychiatrii","SZ","Členové",1847,"MUDr. Simona Papežová",""
155,"Pracovní skupina pro dětskou a dorostovou psychiatrii","SZ","Členové",3176,"Mgr. Petr Peiger",""
155,"Pracovní skupina pro dětskou a dorostovou psychiatrii","SZ","Členové",2014,"MUDr. Michal Považan",""
155,"Pracovní skupina pro dětskou a dorostovou psychiatrii","SZ","Členové",3733,"Mgr. Ivana Svobodová",""
155,"Pracovní skupina pro dětskou a dorostovou psychiatrii","SZ","Členové",3731,"MUDr. Petra Tomášková",""
155,"Pracovní skupina pro dětskou a dorostovou psychiatrii","SZ","Členové",2715,"Ing. Štěpánka Tyburcová",""
155,"Pracovní skupina pro dětskou a dorostovou psychiatrii","SZ","Členové",3730,"MUDr. Petra Uhlíková",""
155,"Pracovní skupina pro dětskou a dorostovou psychiatrii","SZ","Členové",3732,"MUDr. Jan Uhlíř",""
155,"Pracovní skupina pro dětskou a dorostovou psychiatrii","SZ","Hosté",445,"Mgr. Oldřich Ďurech",""
155,"Pracovní skupina pro dětskou a dorostovou psychiatrii","SZ","Hosté",4144,"Mgr. Tomáš Jandáč, Ph.D.",""
155,"Pracovní skupina pro dětskou a dorostovou psychiatrii","SZ","Hosté",1390,"Mgr. Klára Šimáčková Laurenčíková",""
158,"Národní rada pro implementaci Národního onkologického programu","SZ/OZP","Předseda",4195,"MUDr. Patrik Zachar","vrchní ředitel sekce zdravotní péče MZd"
158,"Národní rada pro implementaci Národního onkologického programu","SZ/OZP","Místopředseda",2954,"Mgr. Jan Zapletal","vrchní ředitel sekce ekonomiky a zdravotního pojištění MZd"
158,"Národní rada pro implementaci Národního onkologického programu","SZ/OZP","Tajemník",4284,"Mgr. Eliška Svobodová","Odbor zdravotní péče MZd"
158,"Národní rada pro implementaci Národního onkologického programu","SZ/OZP","Členové",29,"prof. MUDr. Petr Arenberger, DrSc., MBA","Česká dermatovenerologická společnost ČLS JEP"
158,"Národní rada pro implementaci Národního onkologického programu","SZ/OZP","Členové",3307,"MUDr. Tomáš Boráň","ředitel Státního ústavu pro kontrolu léčiv"
158,"Národní rada pro implementaci Národního onkologického programu","SZ/OZP","Členové",221,"prof. MUDr. Tomáš Büchler, Ph.D.","Česká onkologická společnost ČLS JEP"
158,"Národní rada pro implementaci Národního onkologického programu","SZ/OZP","Členové",253,"MUDr. Hana Cabrnochová, MBA","Odborná společnost praktických dětských lékařů ČLS JEP"
158,"Národní rada pro implementaci Národního onkologického programu","SZ/OZP","Členové",264,"prof. MUDr. David Cibula, CSc., FCMA","Onkologická sekce České gynekologicko-porodnické společnosti ČLS JEP"
158,"Národní rada pro implementaci Národního onkologického programu","SZ/OZP","Členové",381,"doc. MUDr. Martin Doležel, Ph.D.","Společnost radiační onkologie, biologie a fyziky ČLS JEP"
158,"Národní rada pro implementaci Národního onkologického programu","SZ/OZP","Členové",450,"prof. RNDr. Ladislav Dušek, Ph.D.","Ústav zdravotnických informací a statistiky ČR"
158,"Národní rada pro implementaci Národního onkologického programu","SZ/OZP","Členové",520,"prof. MUDr. Jiří Ferda, Ph.D.","Radiologická společnost ČLS JEP"
158,"Národní rada pro implementaci Národního onkologického programu","SZ/OZP","Členové",536,"prof. MUDr. Jindřich Fínek, Ph.D.","Česká onkologická společnost ČLS JEP"
158,"Národní rada pro implementaci Národního onkologického programu","SZ/OZP","Členové",3308,"Mgr. Bc. Kateřina Grygarová","ředitelka Odboru evropských fondů a investičního rozvoje"
158,"Národní rada pro implementaci Národního onkologického programu","SZ/OZP","Členové",605,"prof. MUDr. Robert Gürlich, CSc.","Česká chirurgická společnost ČLS JEP"
158,"Národní rada pro implementaci Národního onkologického programu","SZ/OZP","Členové",4147,"prof. MUDr. Igor Kiss, Ph.D., MBA","Česká onkologická společnost ČLS JEP"
158,"Národní rada pro implementaci Národního onkologického programu","SZ/OZP","Členové",1110,"MUDr. Renata Knorová, MBA","Svaz zdravotních pojišťoven"
158,"Národní rada pro implementaci Národního onkologického programu","SZ/OZP","Členové",1453,"MUDr. Barbora Macková, MHA","hlavní hygienička ČR, ředitelka Státního zdravotního ústavu"
158,"Národní rada pro implementaci Národního onkologického programu","SZ/OZP","Členové",3469,"MUDr. Helena Sajdlová","Všeobecná zdravotní pojišťovna ČR"
158,"Národní rada pro implementaci Národního onkologického programu","SZ/OZP","Členové",2226,"doc. MUDr. Bohumil Seifert, Ph.D.","Společnost všeobecného lékařství ČLS JEP"
158,"Národní rada pro implementaci Národního onkologického programu","SZ/OZP","Členové",2270,"prof. MUDr. Jana Skřičková, CSc.","Česká pneumologická a ftizeologická společnost ČLS JEP"
158,"Národní rada pro implementaci Národního onkologického programu","SZ/OZP","Členové",2284,"MUDr. Ondřej Sláma, Ph.D.","Česká společnost paliativní medicíny ČLS JEP"
158,"Národní rada pro implementaci Národního onkologického programu","SZ/OZP","Členové",3929,"Mgr. Šárka Slavíková","Pacientská rada MZd"
158,"Národní rada pro implementaci Národního onkologického programu","SZ/OZP","Členové",2357,"prof. MUDr. Jan Starý, DrSc.","Česká hematologická společnost ČLS JEP"
158,"Národní rada pro implementaci Národního onkologického programu","SZ/OZP","Členové",3064,"Mgr. Alice Strnadová, MBA","ředitelka Odboru zdravotnických povolání"
158,"Národní rada pro implementaci Národního onkologického programu","SZ/OZP","Členové",3486,"prof. MUDr. Marek Svoboda, Ph.D.","Masarykův onkologický ústav, spoluautor NOP"
158,"Národní rada pro implementaci Národního onkologického programu","SZ/OZP","Členové",2507,"Ing. Mgr. Venuše Škampová","ředitelka Odboru zdravotní péče"
158,"Národní rada pro implementaci Národního onkologického programu","SZ/OZP","Členové",2592,"prof. MUDr. Jaroslav Štěrba, Ph.D.","Pediatrická sekce České onkologické společnosti ČLS JEP"
158,"Národní rada pro implementaci Národního onkologického programu","SZ/OZP","Členové",2939,"prof. MUDr. Roman Zachoval, Ph.D., MBA","Česká urologická společnost ČLS JEP"
158,"Národní rada pro implementaci Národního onkologického programu","SZ/OZP","Členové",3021,"prof. MUDr. Pavel Žák, Ph.D.","Česká hematologická Společnost ČLS JEP"
158,"Národní rada pro implementaci Národního onkologického programu","SZ/OZP","Hosté",4171,"Mgr. Petra Adámková","Předsedkyně výboru Hlas onkologických pacientů"
158,"Národní rada pro implementaci Národního onkologického programu","SZ/OZP","Hosté",3263,"PhDr. Karel Hejduk","Národní screeningové centrum"
158,"Národní rada pro implementaci Národního onkologického programu","SZ/OZP","Hosté",1071,"Mgr. Blanka Kavková","Odbor zdravotní péče MZd"
158,"Národní rada pro implementaci Národního onkologického programu","SZ/OZP","Hosté",1174,"doc. MUDr. Kateřina Kopečková, Ph.D.","Česká onkologická společnost ČLS JEP"
158,"Národní rada pro implementaci Národního onkologického programu","SZ/OZP","Hosté",3418,"RNDr. Jan Mužík, Ph.D.","Ústav zdravotnických informací a statistiky ČR"
158,"Národní rada pro implementaci Národního onkologického programu","SZ/OZP","Hosté",3274,"RNDr. Marian Rybář, MHA","Ústav zdravotnických informací a statistiky ČR"
158,"Národní rada pro implementaci Národního onkologického programu","SZ/OZP","Hosté",3733,"Mgr. Ivana Svobodová","Odbor duševního zdraví MZd"
158,"Národní rada pro implementaci Národního onkologického programu","SZ/OZP","Hosté",3690,"MUDr. Karel Švojgr, Ph.D.","ČOS ČLS JEP - Pediatrická sekce"
159,"Mezioborová komise pro vzácná onemocnění","SZ/OZP","Místopředseda",2507,"Ing. Mgr. Venuše Škampová","Ministerstvo zdravotnictví"
159,"Mezioborová komise pro vzácná onemocnění","SZ/OZP","Tajemník",3756,"Mgr. Martina Brzková","Ministerstvo zdravotnictví"
159,"Mezioborová komise pro vzácná onemocnění","SZ/OZP","Členové",28,"Bc. Anna Arellanesová","Pacientská rada ministra zdravotnictví"
159,"Mezioborová komise pro vzácná onemocnění","SZ/OZP","Členové",3691,"MUDr. Jiří Bonaventura, Ph.D.","ERN GUARD-Heart, FN Motol"
159,"Mezioborová komise pro vzácná onemocnění","SZ/OZP","Členové",183,"prof. MUDr. Milan Brázdil, Ph.D., FRCP","ERN EpiCARE, FNuSA"
159,"Mezioborová komise pro vzácná onemocnění","SZ/OZP","Členové",213,"Ing. René Břečťan","Česká asociace pro vzácná onemocnění"
159,"Mezioborová komise pro vzácná onemocnění","SZ/OZP","Členové",217,"prim. MUDr. Hana Bučková, Ph.D.","ERN Skin, FN Brno"
159,"Mezioborová komise pro vzácná onemocnění","SZ/OZP","Členové",380,"prof. MUDr. Pavla Doležalová, CSc.","expert MZ pro oblast vzácných onemocnění"
159,"Mezioborová komise pro vzácná onemocnění","SZ/OZP","Členové",398,"prof. MUDr. Taťjana Dostálova, DrSc., MBA","ERN CRANIO, FN Motol"
159,"Mezioborová komise pro vzácná onemocnění","SZ/OZP","Členové",3867,"doc. MUDr. Lenka Foretová, Ph.D.","ERN GENTURIS, Masarykův onkologický ústav"
159,"Mezioborová komise pro vzácná onemocnění","SZ/OZP","Členové",608,"MUDr. Jana Haberlová, Ph.D.","ERN EURO-NMD, FN Motol"
159,"Mezioborová komise pro vzácná onemocnění","SZ/OZP","Členové",3696,"MUDr. Ladislav Hadravský, Ph.D.","Svaz zdravotních pojišťoven ČR"
159,"Mezioborová komise pro vzácná onemocnění","SZ/OZP","Členové",669,"prim. MUDr. Markéta Havlovicová","ERN ITHACA, FN Motol"
159,"Mezioborová komise pro vzácná onemocnění","SZ/OZP","Členové",771,"prof. MUDr. Tomáš Honzík, Ph.D.","MetabERN, VFN"
159,"Mezioborová komise pro vzácná onemocnění","SZ/OZP","Členové",950,"prof. MUDr. Jan Janoušek, Ph.D.","ERN GUARD-Heart, FN Motol"
159,"Mezioborová komise pro vzácná onemocnění","SZ/OZP","Členové",3689,"doc. MUDr. Jiří Klempíř, Ph.D.","ERN-RND, VFN"
159,"Mezioborová komise pro vzácná onemocnění","SZ/OZP","Členové",1127,"doc. MUDr. Radim Kočvara, CSc., FEAPU","ERN eUrogen, VFN"
159,"Mezioborová komise pro vzácná onemocnění","SZ/OZP","Členové",1174,"doc. MUDr. Kateřina Kopečková, Ph.D.","ERN EURACAN, FN Motol"
159,"Mezioborová komise pro vzácná onemocnění","SZ/OZP","Členové",2776,"prof. MUDr. Martina Koziar Vašáková, Ph.D.","ERN LUNG, Fakultní Thomayerova nemocnice"
159,"Mezioborová komise pro vzácná onemocnění","SZ/OZP","Členové",3692,"doc. MUDr. Petra Lišková, Ph.D.","ERN EYE, VFN"
159,"Mezioborová komise pro vzácná onemocnění","SZ/OZP","Členové",1451,"prof. MUDr. Milan Macek, Jr., DrSc., MHA","expert MZ pro oblast vzácných onemocnění"
159,"Mezioborová komise pro vzácná onemocnění","SZ/OZP","Členové",3109,"MUDr. Iveta Matějovská, CSc.","Ministerstvo zdravotnictví"
159,"Mezioborová komise pro vzácná onemocnění","SZ/OZP","Členové",1581,"prof. MUDr. Jiří Mayer, CSc.","ERN EuroBloodNet, FN Brno"
159,"Mezioborová komise pro vzácná onemocnění","SZ/OZP","Členové",2171,"prof. MUDr. Michal Rygl, Ph.D.","ERN ERNICA, FN Motol"
159,"Mezioborová komise pro vzácná onemocnění","SZ/OZP","Členové",3469,"MUDr. Helena Sajdlová",""
159,"Mezioborová komise pro vzácná onemocnění","SZ/OZP","Členové",3693,"doc. MUDr. Ondřej Souček, Ph.D.","ERN BOND, FN Motol"
159,"Mezioborová komise pro vzácná onemocnění","SZ/OZP","Členové",3866,"doc. MUDr. Jan Šperl, CSc.","ERN RARE-LIVER, IKEM"
159,"Mezioborová komise pro vzácná onemocnění","SZ/OZP","Členové",3139,"prof. MUDr. Zdeněk Šumník, Ph.D.","Endo-ERN, FN Motol"
159,"Mezioborová komise pro vzácná onemocnění","SZ/OZP","Členové",3690,"MUDr. Karel Švojgr, Ph.D.","ERN PaedCan, FN Motol"
159,"Mezioborová komise pro vzácná onemocnění","SZ/OZP","Členové",2637,"prof. MUDr. Vladimír Tesař, DrSc., MBA, FASN, FERA, FISN","ERN RITA, VFN"
159,"Mezioborová komise pro vzácná onemocnění","SZ/OZP","Členové",2796,"prof. MUDr. Jiří Vencovský","ERN ReCONNET, Rehabilitační ústav"
159,"Mezioborová komise pro vzácná onemocnění","SZ/OZP","Členové",3684,"MUDr. Jitka Vojtová, MBA","Svaz zdravotních pojišťoven ČR"
159,"Mezioborová komise pro vzácná onemocnění","SZ/OZP","Členové",3694,"doc. MUDr. Jakub Zieg, Ph.D.","ERKNet, FN Motol"
159,"Mezioborová komise pro vzácná onemocnění","SZ/OZP","Členové",3017,"MUDr. Miroslav Zvolský","ÚZIS ČR"
164,"Meziresortní pracovní komise pro přípravu a koordinaci zavedení MKN-11 v ČR","","Předseda",3017,"MUDr. Miroslav Zvolský",""
164,"Meziresortní pracovní komise pro přípravu a koordinaci zavedení MKN-11 v ČR","","Místopředseda",2692,"Mgr. Tomáš Troch",""
164,"Meziresortní pracovní komise pro přípravu a koordinaci zavedení MKN-11 v ČR","","Tajemník",3495,"RNDr. Šárka Daňková",""
164,"Meziresortní pracovní komise pro přípravu a koordinaci zavedení MKN-11 v ČR","","Členové",19,"doc. MUDr. Martin Anders, Ph.D.",""
164,"Meziresortní pracovní komise pro přípravu a koordinaci zavedení MKN-11 v ČR","","Členové",61,"MUDr. Emília Bartišková",""
164,"Meziresortní pracovní komise pro přípravu a koordinaci zavedení MKN-11 v ČR","","Členové",3705,"Mgr. Magdaléna Baštecká",""
164,"Meziresortní pracovní komise pro přípravu a koordinaci zavedení MKN-11 v ČR","","Členové",3376,"MUDr. Pavel Frňka",""
164,"Meziresortní pracovní komise pro přípravu a koordinaci zavedení MKN-11 v ČR","","Členové",3709,"Plk. gšt. MUDr. Richard Kraus",""
164,"Meziresortní pracovní komise pro přípravu a koordinaci zavedení MKN-11 v ČR","","Členové",1493,"RNDr. Marek Malý, CSc.",""
164,"Meziresortní pracovní komise pro přípravu a koordinaci zavedení MKN-11 v ČR","","Členové",3379,"Pavel Nesměrák",""
164,"Meziresortní pracovní komise pro přípravu a koordinaci zavedení MKN-11 v ČR","","Členové",3708,"MUDr. Martin Pretl, Ph.D.",""
164,"Meziresortní pracovní komise pro přípravu a koordinaci zavedení MKN-11 v ČR","","Členové",2280,"MUDr. Bc. Petra Sládková, Ph.D.",""
164,"Meziresortní pracovní komise pro přípravu a koordinaci zavedení MKN-11 v ČR","","Členové",3707,"MUDr. Michal Sojka",""
164,"Meziresortní pracovní komise pro přípravu a koordinaci zavedení MKN-11 v ČR","","Členové",2538,"doc. MUDr. Roman Šmucler, CSc.",""
164,"Meziresortní pracovní komise pro přípravu a koordinaci zavedení MKN-11 v ČR","","Členové",3706,"MUDr. Ludmila Šulcová Hejnalová, MBA, LL.M.",""
164,"Meziresortní pracovní komise pro přípravu a koordinaci zavedení MKN-11 v ČR","","Členové",2612,"MUDr. Hana Šustková",""
164,"Meziresortní pracovní komise pro přípravu a koordinaci zavedení MKN-11 v ČR","","Členové",3367,"JUDr. Mgr. Vladimíra Těšitelová, LL.M.",""
164,"Meziresortní pracovní komise pro přípravu a koordinaci zavedení MKN-11 v ČR","","Členové",2976,"Ing. Martin Zeman",""
166,"Národní rada elektronického zdravotnictví","SCA/NCEZ","Předseda",4131,"Bc. Petr Foltýn","MZD/Digitální zmocněnec"
166,"Národní rada elektronického zdravotnictví","SCA/NCEZ","Tajemník",2976,"Ing. Martin Zeman","MZD/IKT"
166,"Národní rada elektronického zdravotnictví","SCA/NCEZ","Členové",45,"Mgr. Martin Balada, LL.M.","SZP ČR"
166,"Národní rada elektronického zdravotnictví","SCA/NCEZ","Členové",4134,"Ing. Zdeněk Blažek, MBA","IPVZ"
166,"Národní rada elektronického zdravotnictví","SCA/NCEZ","Členové",450,"prof. RNDr. Ladislav Dušek, Ph.D.","ÚZIS"
166,"Národní rada elektronického zdravotnictví","SCA/NCEZ","Členové",467,"MUDr. Vladimír Dvořák, Ph.D.","Rada poskytovatelů zdravotní péče MZD"
166,"Národní rada elektronického zdravotnictví","SCA/NCEZ","Členové",4119,"MUDr. Kamal Farhan","AKČR"
166,"Národní rada elektronického zdravotnictví","SCA/NCEZ","Členové",4132,"Ing. Jan Gábriš","MZD/SIT"
166,"Národní rada elektronického zdravotnictví","SCA/NCEZ","Členové",3685,"Ing. Zdeněk Kabátek","VZP ČR"
166,"Národní rada elektronického zdravotnictví","SCA/NCEZ","Členové",4133,"Ing. Petr Koucký","SÚKL"
166,"Národní rada elektronického zdravotnictví","SCA/NCEZ","Členové",4135,"Mgr. Jan Kust","KZP"
166,"Národní rada elektronického zdravotnictví","SCA/NCEZ","Členové",1586,"prim. MUDr. Jan Mečl","ČLK"
166,"Národní rada elektronického zdravotnictví","SCA/NCEZ","Členové",4137,"Ing. Čeněk Merta, Ph.D., MBA","FNOL"
166,"Národní rada elektronického zdravotnictví","SCA/NCEZ","Členové",4136,"Ing. Martin Mesršmíd","DIA"
166,"Národní rada elektronického zdravotnictví","SCA/NCEZ","Členové",1628,"Mgr. Vlastimil Milata","Pacientská rada MZD"
166,"Národní rada elektronického zdravotnictví","SCA/NCEZ","Členové",1986,"JUDr. Radek Policar","MZD/SL"
166,"Národní rada elektronického zdravotnictví","SCA/NCEZ","Členové",2406,"prof. MUDr. Štěpán Svačina, DrSc., MBA","ČLS JEP"
166,"Národní rada elektronického zdravotnictví","SCA/NCEZ","Členové",2507,"Ing. Mgr. Venuše Škampová","MZD/OZP"
171,"Pracovní skupina k zajištění dostupnosti psychoterapie, psychoterapeutických a psychosociálních intervencí","SDZ/ODZ","Předseda",757,"MUDr. Martin Hollý, MBA",""
171,"Pracovní skupina k zajištění dostupnosti psychoterapie, psychoterapeutických a psychosociálních intervencí","SDZ/ODZ","Místopředseda",3583,"Mgr. Daniel Krejcar, MBA",""
171,"Pracovní skupina k zajištění dostupnosti psychoterapie, psychoterapeutických a psychosociálních intervencí","SDZ/ODZ","Členové",3961,"Mgr. Jan Knytl",""
171,"Pracovní skupina k zajištění dostupnosti psychoterapie, psychoterapeutických a psychosociálních intervencí","SDZ/ODZ","Členové",1115,"PhDr. Karel Koblic",""
171,"Pracovní skupina k zajištění dostupnosti psychoterapie, psychoterapeutických a psychosociálních intervencí","SDZ/ODZ","Členové",3735,"Mgr. Karel Kolitsch",""
171,"Pracovní skupina k zajištění dostupnosti psychoterapie, psychoterapeutických a psychosociálních intervencí","SDZ/ODZ","Členové",3188,"PhDr. Pavel Král, Ph.D.",""
171,"Pracovní skupina k zajištění dostupnosti psychoterapie, psychoterapeutických a psychosociálních intervencí","SDZ/ODZ","Členové",3899,"Renata Marková",""
171,"Pracovní skupina k zajištění dostupnosti psychoterapie, psychoterapeutických a psychosociálních intervencí","SDZ/ODZ","Členové",3734,"MUDr. František Matuška",""
171,"Pracovní skupina k zajištění dostupnosti psychoterapie, psychoterapeutických a psychosociálních intervencí","SDZ/ODZ","Členové",1842,"PhDr. Alena Paloušová",""
171,"Pracovní skupina k zajištění dostupnosti psychoterapie, psychoterapeutických a psychosociálních intervencí","SDZ/ODZ","Členové",1915,"Mgr. Tomáš Petr, Ph.D.",""
171,"Pracovní skupina k zajištění dostupnosti psychoterapie, psychoterapeutických a psychosociálních intervencí","SDZ/ODZ","Členové",1980,"Mgr. Barbora Poláková",""
171,"Pracovní skupina k zajištění dostupnosti psychoterapie, psychoterapeutických a psychosociálních intervencí","SDZ/ODZ","Členové",2019,"prof. MUDr. Ján Praško Pavlov, CSc.",""
171,"Pracovní skupina k zajištění dostupnosti psychoterapie, psychoterapeutických a psychosociálních intervencí","SDZ/ODZ","Členové",2105,"MUDr. Juraj Rektor",""
171,"Pracovní skupina k zajištění dostupnosti psychoterapie, psychoterapeutických a psychosociálních intervencí","SDZ/ODZ","Členové",3064,"Mgr. Alice Strnadová, MBA",""
171,"Pracovní skupina k zajištění dostupnosti psychoterapie, psychoterapeutických a psychosociálních intervencí","SDZ/ODZ","Členové",3733,"Mgr. Ivana Svobodová",""
171,"Pracovní skupina k zajištění dostupnosti psychoterapie, psychoterapeutických a psychosociálních intervencí","SDZ/ODZ","Členové",3737,"Markéta Vítková",""
171,"Pracovní skupina k zajištění dostupnosti psychoterapie, psychoterapeutických a psychosociálních intervencí","SDZ/ODZ","Hosté",1122,"PhDr. Jana Kocourková, MBA",""
172,"Poradní orgán pro úhradu léčiv určených k léčbě vzácných onemocnění","SZT/HTA","Předseda",3235,"Mgr. Irena Storová, MHA",""
172,"Poradní orgán pro úhradu léčiv určených k léčbě vzácných onemocnění","SZT/HTA","Tajemník",3169,"Ing. Vanda Horná, MBA","Členy poradního orgánu jmenuje a odvolává ministr zdravotnictví ze zástupců státu, zdravotních pojišťoven, odborných společností a pacientských organizací. Kontakt: ORPHANY (zavináč) mzd.gov.cz"
173,"Meziresortní koordinační skupina pro dětské duševní zdraví","MIN/KAB","Předseda",1390,"Mgr. Klára Šimáčková Laurenčíková",""
173,"Meziresortní koordinační skupina pro dětské duševní zdraví","MIN/KAB","Místopředseda",3733,"Mgr. Ivana Svobodová",""
173,"Meziresortní koordinační skupina pro dětské duševní zdraví","MIN/KAB","Členové",3741,"JUDr. Michal Barbořík",""
173,"Meziresortní koordinační skupina pro dětské duševní zdraví","MIN/KAB","Členové",3740,"Mgr. Jaromír Beran",""
173,"Meziresortní koordinační skupina pro dětské duševní zdraví","MIN/KAB","Členové",3738,"PaedDr. Michal Černý",""
173,"Meziresortní koordinační skupina pro dětské duševní zdraví","MIN/KAB","Členové",3739,"Mgr. Ivo Jupa",""
173,"Meziresortní koordinační skupina pro dětské duševní zdraví","MIN/KAB","Členové",4143,"Ing. Petra Kačírková",""
173,"Meziresortní koordinační skupina pro dětské duševní zdraví","MIN/KAB","Členové",1081,"Ing. Lucia Kiššová",""
173,"Meziresortní koordinační skupina pro dětské duševní zdraví","MIN/KAB","Členové",3780,"Mgr. Tomáš Machalík, Ph.D.",""
173,"Meziresortní koordinační skupina pro dětské duševní zdraví","MIN/KAB","Členové",3782,"Mgr. Jan Mušuta",""
173,"Meziresortní koordinační skupina pro dětské duševní zdraví","MIN/KAB","Členové",2507,"Ing. Mgr. Venuše Škampová",""
173,"Meziresortní koordinační skupina pro dětské duševní zdraví","MIN/KAB","Členové",2926,"PhDr. Petr Winkler, Ph.D.",""
177,"Pracovní skupina pro restrukturalizaci intenzivní zdravotní péče","SZ/OZP","Předseda",2507,"Ing. Mgr. Venuše Škampová","ředitelka OZP MZ"
177,"Pracovní skupina pro restrukturalizaci intenzivní zdravotní péče","SZ/OZP","Místopředseda",309,"prof. MUDr. Vladimír Černý, Ph.D., FCCM, FESAIC","ČSARIM ČLS JEP"
177,"Pracovní skupina pro restrukturalizaci intenzivní zdravotní péče","SZ/OZP","Tajemník",602,"MUDr. Roman Gřegoř, MBA",""
177,"Pracovní skupina pro restrukturalizaci intenzivní zdravotní péče","SZ/OZP","Členové",3781,"doc. MUDr. Jan Bláha, Ph.D., MHA","ANČR"
177,"Pracovní skupina pro restrukturalizaci intenzivní zdravotní péče","SZ/OZP","Členové",430,"Ing. Vladimír Drvota","SSN ČR"
177,"Pracovní skupina pro restrukturalizaci intenzivní zdravotní péče","SZ/OZP","Členové",450,"prof. RNDr. Ladislav Dušek, Ph.D.","ÚZIS ČR"
177,"Pracovní skupina pro restrukturalizaci intenzivní zdravotní péče","SZ/OZP","Členové",1110,"MUDr. Renata Knorová, MBA","SZP ČR"
177,"Pracovní skupina pro restrukturalizaci intenzivní zdravotní péče","SZ/OZP","Členové",1746,"prim. MUDr. Martin Nováček","AČMN"
177,"Pracovní skupina pro restrukturalizaci intenzivní zdravotní péče","SZ/OZP","Členové",1955,"MUDr. Ludmila Plšková","SZP ČR"
177,"Pracovní skupina pro restrukturalizaci intenzivní zdravotní péče","SZ/OZP","Členové",3469,"MUDr. Helena Sajdlová","VZP ČR"
177,"Pracovní skupina pro restrukturalizaci intenzivní zdravotní péče","SZ/OZP","Členové",2382,"doc. MUDr. Martin Stříteský, CSc.","ČSARIM ČLS JEP"
177,"Pracovní skupina pro restrukturalizaci intenzivní zdravotní péče","SZ/OZP","Členové",2572,"prof. MUDr. Vladimír Šrámek, Ph.D., EDIC","ČSIM"
177,"Pracovní skupina pro restrukturalizaci intenzivní zdravotní péče","SZ/OZP","Členové",2692,"Mgr. Tomáš Troch","CAU MZ"
177,"Pracovní skupina pro restrukturalizaci intenzivní zdravotní péče","SZ/OZP","Členové",2715,"Ing. Štěpánka Tyburcová","OZP MZ"
177,"Pracovní skupina pro restrukturalizaci intenzivní zdravotní péče","SZ/OZP","Členové",2902,"doc. MUDr. Tomáš Vymazal, Ph.D., MHA","ČSARIM ČLS JEP"
182,"Odborná rada pro ošetřovatelství a řízení implementace a hodnocení úspěšnosti Koncepce ošetřovatelství","SZ/OZPO","Předseda",3275,"JUDr. Ladislav Švec","náměstek ministra"
182,"Odborná rada pro ošetřovatelství a řízení implementace a hodnocení úspěšnosti Koncepce ošetřovatelství","SZ/OZPO","Místopředseda",3064,"Mgr. Alice Strnadová, MBA","ředitelka Odboru zdravotnických povolání"
182,"Odborná rada pro ošetřovatelství a řízení implementace a hodnocení úspěšnosti Koncepce ošetřovatelství","SZ/OZPO","Členové",4166,"Mgr. Pavel Boháček","zástupce Odborového svazu zdravotnictví a sociální péče"
182,"Odborná rada pro ošetřovatelství a řízení implementace a hodnocení úspěšnosti Koncepce ošetřovatelství","SZ/OZPO","Členové",3812,"Mgr. Jana Heřmanová","zástupce Asociace zdravotnických škol"
182,"Odborná rada pro ošetřovatelství a řízení implementace a hodnocení úspěšnosti Koncepce ošetřovatelství","SZ/OZPO","Členové",716,"Mgr. Lenka Hladíková","zástupce Odboru zdravotnických povolání"
182,"Odborná rada pro ošetřovatelství a řízení implementace a hodnocení úspěšnosti Koncepce ošetřovatelství","SZ/OZPO","Členové",3903,"Mgr. Samuel Jezný","zástupce MŠMT - za vysoké školství"
182,"Odborná rada pro ošetřovatelství a řízení implementace a hodnocení úspěšnosti Koncepce ošetřovatelství","SZ/OZPO","Členové",4211,"Mgr. Petra Krulová, Ph.D.","poradkyně ministra zdravotnictví"
182,"Odborná rada pro ošetřovatelství a řízení implementace a hodnocení úspěšnosti Koncepce ošetřovatelství","SZ/OZPO","Členové",4212,"PhDr. Mgr. Pavla Kudlová, Ph.D., MBA","zástupkyně Spolku vysokoškolsky vzdělaných sester"
182,"Odborná rada pro ošetřovatelství a řízení implementace a hodnocení úspěšnosti Koncepce ošetřovatelství","SZ/OZPO","Členové",3904,"Mgr. Bc. Pavel Kurek, DiS.","zástupce Odboru zdravotní péče"
182,"Odborná rada pro ošetřovatelství a řízení implementace a hodnocení úspěšnosti Koncepce ošetřovatelství","SZ/OZPO","Členové",3635,"PhDr. Ivana Mádlová","zástupce Výboru pro zdravotnictví PS Parlamentu ČR"
182,"Odborná rada pro ošetřovatelství a řízení implementace a hodnocení úspěšnosti Koncepce ošetřovatelství","SZ/OZPO","Členové",3109,"MUDr. Iveta Matějovská, CSc.","zástupce Odboru regulace cen a úhrad"
182,"Odborná rada pro ošetřovatelství a řízení implementace a hodnocení úspěšnosti Koncepce ošetřovatelství","SZ/OZPO","Členové",4167,"PhDr. Monika Měšťanová","zástupce MŠMT pro střední a vyšší odborné školství"
182,"Odborná rada pro ošetřovatelství a řízení implementace a hodnocení úspěšnosti Koncepce ošetřovatelství","SZ/OZPO","Členové",4170,"Jan Mráz","zástupce Panelu mládeže při MŠMT"
182,"Odborná rada pro ošetřovatelství a řízení implementace a hodnocení úspěšnosti Koncepce ošetřovatelství","SZ/OZPO","Členové",3418,"RNDr. Jan Mužík, Ph.D.","zástupce Ústavu zdravotnických informací a statistiky ČR"
182,"Odborná rada pro ošetřovatelství a řízení implementace a hodnocení úspěšnosti Koncepce ošetřovatelství","SZ/OZPO","Členové",3394,"Mgr. Jana Patková","zástupce Odboru legislativně-právního"
182,"Odborná rada pro ošetřovatelství a řízení implementace a hodnocení úspěšnosti Koncepce ošetřovatelství","SZ/OZPO","Členové",1971,"prof. PhDr. Andrea Pokorná, Ph.D.","zástupce Asociace vysokoškolských vzdělavatelů nelékařských zdravotnických profesí"
182,"Odborná rada pro ošetřovatelství a řízení implementace a hodnocení úspěšnosti Koncepce ošetřovatelství","SZ/OZPO","Členové",2545,"PhDr. Martina Šochmanová, MBA","zástupce České asociace sester"
182,"Odborná rada pro ošetřovatelství a řízení implementace a hodnocení úspěšnosti Koncepce ošetřovatelství","SZ/OZPO","Členové",4168,"Mgr. Jaroslava Tkáčová","zástupce Národního centra ošetřovatelství a nelékařských oborů v Brně"
182,"Odborná rada pro ošetřovatelství a řízení implementace a hodnocení úspěšnosti Koncepce ošetřovatelství","SZ/OZPO","Členové",4169,"Tereza Vojtěchová","zástupce Panelu mládeže při MŠMT"
184,"Poradní sbor hygieny práce a pracovního lékařství náměstkyně pro ochranu a podporu veřejného zdraví MZ ČR a hlavní hygieničky České republiky","HH/OVZ","Předseda",1907,"MUDr. Lenka Pešáková, Ph.D.",""
184,"Poradní sbor hygieny práce a pracovního lékařství náměstkyně pro ochranu a podporu veřejného zdraví MZ ČR a hlavní hygieničky České republiky","HH/OVZ","Tajemník",3820,"Mgr. Matyáš Fošum, Ph.D.",""
184,"Poradní sbor hygieny práce a pracovního lékařství náměstkyně pro ochranu a podporu veřejného zdraví MZ ČR a hlavní hygieničky České republiky","HH/OVZ","Tajemník",3821,"Mgr. Jana Urbanová, DiS.",""
184,"Poradní sbor hygieny práce a pracovního lékařství náměstkyně pro ochranu a podporu veřejného zdraví MZ ČR a hlavní hygieničky České republiky","HH/OVZ","Členové",3823,"Ing. Pavel Hlaváč",""
184,"Poradní sbor hygieny práce a pracovního lékařství náměstkyně pro ochranu a podporu veřejného zdraví MZ ČR a hlavní hygieničky České republiky","HH/OVZ","Členové",1331,"MUDr. Ivan Kučera, Ph.D.",""
184,"Poradní sbor hygieny práce a pracovního lékařství náměstkyně pro ochranu a podporu veřejného zdraví MZ ČR a hlavní hygieničky České republiky","HH/OVZ","Členové",3824,"doc. MUDr. Marie Nakládalová, Ph.D.",""
184,"Poradní sbor hygieny práce a pracovního lékařství náměstkyně pro ochranu a podporu veřejného zdraví MZ ČR a hlavní hygieničky České republiky","HH/OVZ","Členové",3825,"JUDr. Bořivoj Šubrt",""
184,"Poradní sbor hygieny práce a pracovního lékařství náměstkyně pro ochranu a podporu veřejného zdraví MZ ČR a hlavní hygieničky České republiky","HH/OVZ","Členové",2699,"prof. MUDr. Milan Tuček, CSc.",""
184,"Poradní sbor hygieny práce a pracovního lékařství náměstkyně pro ochranu a podporu veřejného zdraví MZ ČR a hlavní hygieničky České republiky","HH/OVZ","Členové",3822,"MUDr. Michael Vít, Ph.D.",""
185,"Pracovní skupina pro koncepční řešení oblasti zdravotních služeb a činností provozovaných dle živnostenského zákona","SZ/OZP","Předseda",3838,"Mgr. Lenka Hynštová",""
185,"Pracovní skupina pro koncepční řešení oblasti zdravotních služeb a činností provozovaných dle živnostenského zákona","SZ/OZP","Místopředseda",1071,"Mgr. Blanka Kavková",""
185,"Pracovní skupina pro koncepční řešení oblasti zdravotních služeb a činností provozovaných dle živnostenského zákona","SZ/OZP","Členové",499,"Mgr. Marta Faiereislová",""
185,"Pracovní skupina pro koncepční řešení oblasti zdravotních služeb a činností provozovaných dle živnostenského zákona","SZ/OZP","Členové",4094,"Mgr. Alena Fikejzová",""
185,"Pracovní skupina pro koncepční řešení oblasti zdravotních služeb a činností provozovaných dle živnostenského zákona","SZ/OZP","Členové",4163,"MUDr. Markéta Holubová",""
185,"Pracovní skupina pro koncepční řešení oblasti zdravotních služeb a činností provozovaných dle živnostenského zákona","SZ/OZP","Členové",3869,"Ing. Kateřina Humpová",""
185,"Pracovní skupina pro koncepční řešení oblasti zdravotních služeb a činností provozovaných dle živnostenského zákona","SZ/OZP","Členové",3787,"Mgr. Miroslav Kršiak",""
185,"Pracovní skupina pro koncepční řešení oblasti zdravotních služeb a činností provozovaných dle živnostenského zákona","SZ/OZP","Členové",3789,"PhDr. Miloš Novák",""
185,"Pracovní skupina pro koncepční řešení oblasti zdravotních služeb a činností provozovaných dle živnostenského zákona","SZ/OZP","Členové",4164,"Mgr. Ivana Schwallerová, DiS.",""
185,"Pracovní skupina pro koncepční řešení oblasti zdravotních služeb a činností provozovaných dle živnostenského zákona","SZ/OZP","Členové",3733,"Mgr. Ivana Svobodová",""
185,"Pracovní skupina pro koncepční řešení oblasti zdravotních služeb a činností provozovaných dle živnostenského zákona","SZ/OZP","Členové",3790,"Ing. Martin Tulis",""
185,"Pracovní skupina pro koncepční řešení oblasti zdravotních služeb a činností provozovaných dle živnostenského zákona","SZ/OZP","Členové",4165,"Mgr. Jana Zvoníčková",""
186,"Mezioborová a meziresortní pracovní skupina pro koncepční řešení problematiky Alzheimerovy nemoci a obdobných onemocnění (PS PAN)","SZ/OZP","Předseda",3718,"Mgr. Markéta Švejdová Jandová, DiS.",""
186,"Mezioborová a meziresortní pracovní skupina pro koncepční řešení problematiky Alzheimerovy nemoci a obdobných onemocnění (PS PAN)","SZ/OZP","Místopředseda",2731,"doc. MUDr. Bc. Libor Ustohal, Ph.D.",""
186,"Mezioborová a meziresortní pracovní skupina pro koncepční řešení problematiky Alzheimerovy nemoci a obdobných onemocnění (PS PAN)","SZ/OZP","Členové",177,"MUDr. Markéta Brabcová",""
186,"Mezioborová a meziresortní pracovní skupina pro koncepční řešení problematiky Alzheimerovy nemoci a obdobných onemocnění (PS PAN)","SZ/OZP","Členové",3802,"Mgr. Barbora Brozová Rittichová",""
186,"Mezioborová a meziresortní pracovní skupina pro koncepční řešení problematiky Alzheimerovy nemoci a obdobných onemocnění (PS PAN)","SZ/OZP","Členové",246,"doc. MUDr. Svatopluk Býma, CSc.",""
186,"Mezioborová a meziresortní pracovní skupina pro koncepční řešení problematiky Alzheimerovy nemoci a obdobných onemocnění (PS PAN)","SZ/OZP","Členové",3696,"MUDr. Ladislav Hadravský, Ph.D.",""
186,"Mezioborová a meziresortní pracovní skupina pro koncepční řešení problematiky Alzheimerovy nemoci a obdobných onemocnění (PS PAN)","SZ/OZP","Členové",4229,"Mgr. Lucie Hájková",""
186,"Mezioborová a meziresortní pracovní skupina pro koncepční řešení problematiky Alzheimerovy nemoci a obdobných onemocnění (PS PAN)","SZ/OZP","Členové",3794,"Mgr. Hana Horáková, Ph.D.",""
186,"Mezioborová a meziresortní pracovní skupina pro koncepční řešení problematiky Alzheimerovy nemoci a obdobných onemocnění (PS PAN)","SZ/OZP","Členové",3254,"Ing. Jiří Horecký, Ph.D., MSc., MBA",""
186,"Mezioborová a meziresortní pracovní skupina pro koncepční řešení problematiky Alzheimerovy nemoci a obdobných onemocnění (PS PAN)","SZ/OZP","Členové",3800,"prof. MUDr. Jakub Hort, Ph.D.",""
186,"Mezioborová a meziresortní pracovní skupina pro koncepční řešení problematiky Alzheimerovy nemoci a obdobných onemocnění (PS PAN)","SZ/OZP","Členové",3796,"MUDr. et Mgr. Dana Hrnčiariková, Ph.D.",""
186,"Mezioborová a meziresortní pracovní skupina pro koncepční řešení problematiky Alzheimerovy nemoci a obdobných onemocnění (PS PAN)","SZ/OZP","Členové",4230,"PhDr. Eva Jarolímová, Ph.D.",""
186,"Mezioborová a meziresortní pracovní skupina pro koncepční řešení problematiky Alzheimerovy nemoci a obdobných onemocnění (PS PAN)","SZ/OZP","Členové",4237,"PhDr. Tomáš Klinecký",""
186,"Mezioborová a meziresortní pracovní skupina pro koncepční řešení problematiky Alzheimerovy nemoci a obdobných onemocnění (PS PAN)","SZ/OZP","Členové",3946,"Mgr. Karolína Kroufková, Ph.D.",""
186,"Mezioborová a meziresortní pracovní skupina pro koncepční řešení problematiky Alzheimerovy nemoci a obdobných onemocnění (PS PAN)","SZ/OZP","Členové",3798,"Mgr. Matěj Kučera",""
186,"Mezioborová a meziresortní pracovní skupina pro koncepční řešení problematiky Alzheimerovy nemoci a obdobných onemocnění (PS PAN)","SZ/OZP","Členové",4231,"Mgr. Michal Kurečka",""
186,"Mezioborová a meziresortní pracovní skupina pro koncepční řešení problematiky Alzheimerovy nemoci a obdobných onemocnění (PS PAN)","SZ/OZP","Členové",4236,"Bc. Iveta Leischová",""
186,"Mezioborová a meziresortní pracovní skupina pro koncepční řešení problematiky Alzheimerovy nemoci a obdobných onemocnění (PS PAN)","SZ/OZP","Členové",3799,"doc. Ing. PhDr. Petr Marešová, Ph.D.",""
186,"Mezioborová a meziresortní pracovní skupina pro koncepční řešení problematiky Alzheimerovy nemoci a obdobných onemocnění (PS PAN)","SZ/OZP","Členové",3801,"MUDr. Astrid Matějková",""
186,"Mezioborová a meziresortní pracovní skupina pro koncepční řešení problematiky Alzheimerovy nemoci a obdobných onemocnění (PS PAN)","SZ/OZP","Členové",4235,"Ing. Gustav Ondráček",""
186,"Mezioborová a meziresortní pracovní skupina pro koncepční řešení problematiky Alzheimerovy nemoci a obdobných onemocnění (PS PAN)","SZ/OZP","Členové",4234,"Jitka Ondráčková",""
186,"Mezioborová a meziresortní pracovní skupina pro koncepční řešení problematiky Alzheimerovy nemoci a obdobných onemocnění (PS PAN)","SZ/OZP","Členové",3795,"doc. MUDr. Robert Rusina, Ph.D.",""
186,"Mezioborová a meziresortní pracovní skupina pro koncepční řešení problematiky Alzheimerovy nemoci a obdobných onemocnění (PS PAN)","SZ/OZP","Členové",3806,"Věra Ryšavá",""
186,"Mezioborová a meziresortní pracovní skupina pro koncepční řešení problematiky Alzheimerovy nemoci a obdobných onemocnění (PS PAN)","SZ/OZP","Členové",3749,"RNDr. Jitka Soukupová",""
186,"Mezioborová a meziresortní pracovní skupina pro koncepční řešení problematiky Alzheimerovy nemoci a obdobných onemocnění (PS PAN)","SZ/OZP","Členové",3064,"Mgr. Alice Strnadová, MBA",""
186,"Mezioborová a meziresortní pracovní skupina pro koncepční řešení problematiky Alzheimerovy nemoci a obdobných onemocnění (PS PAN)","SZ/OZP","Členové",4232,"Mgr. Karolína Suchopárková",""
186,"Mezioborová a meziresortní pracovní skupina pro koncepční řešení problematiky Alzheimerovy nemoci a obdobných onemocnění (PS PAN)","SZ/OZP","Členové",4233,"Mgr. Renata Svobodová",""
186,"Mezioborová a meziresortní pracovní skupina pro koncepční řešení problematiky Alzheimerovy nemoci a obdobných onemocnění (PS PAN)","SZ/OZP","Členové",2770,"MUDr. Hana Vaňková, Ph.D.",""
186,"Mezioborová a meziresortní pracovní skupina pro koncepční řešení problematiky Alzheimerovy nemoci a obdobných onemocnění (PS PAN)","SZ/OZP","Členové",3797,"MUDr. Vladimíra Víšková",""
186,"Mezioborová a meziresortní pracovní skupina pro koncepční řešení problematiky Alzheimerovy nemoci a obdobných onemocnění (PS PAN)","SZ/OZP","Členové",3808,"PhDr. Zuzana Žáčková",""
187,"Poradní skupina ekonomů lůžkové péče","SE/CAU","Předseda",3826,"Ing. Robert Czékus",""
187,"Poradní skupina ekonomů lůžkové péče","SE/CAU","Místopředseda",3827,"Ing. Jiří Čihař",""
187,"Poradní skupina ekonomů lůžkové péče","SE/CAU","Tajemník",4094,"Mgr. Alena Fikejzová",""
187,"Poradní skupina ekonomů lůžkové péče","SE/CAU","Členové",3286,"Ing. Michal Čarvaš, MBA",""
187,"Poradní skupina ekonomů lůžkové péče","SE/CAU","Členové",3831,"Ing. Jitka Hiršová",""
187,"Poradní skupina ekonomů lůžkové péče","SE/CAU","Členové",3830,"Ing. Martin Knápek",""
187,"Poradní skupina ekonomů lůžkové péče","SE/CAU","Členové",3995,"Mgr. Jan Kubů",""
187,"Poradní skupina ekonomů lůžkové péče","SE/CAU","Členové",4049,"MUDr. Miroslav Mach",""
187,"Poradní skupina ekonomů lůžkové péče","SE/CAU","Členové",1616,"Ing. Jan Michálek",""
187,"Poradní skupina ekonomů lůžkové péče","SE/CAU","Členové",2126,"Ing. Helena Rögnerová",""
187,"Poradní skupina ekonomů lůžkové péče","SE/CAU","Členové",3289,"Ing. Jitka Šmehlíková",""
187,"Poradní skupina ekonomů lůžkové péče","SE/CAU","Členové",2692,"Mgr. Tomáš Troch",""
187,"Poradní skupina ekonomů lůžkové péče","SE/CAU","Členové",3918,"Ing. Martin Vilímek",""
187,"Poradní skupina ekonomů lůžkové péče","SE/CAU","Členové",3829,"Ing. Viktor Wendler",""
187,"Poradní skupina ekonomů lůžkové péče","SE/CAU","Členové",2954,"Mgr. Jan Zapletal",""
188,"Centrální koordinační skupina Národního antibiotického programu","","Předseda",1453,"MUDr. Barbora Macková, MHA",""
188,"Centrální koordinační skupina Národního antibiotického programu","","Tajemník",2788,"Mgr. Jarmila Vedralová",""
188,"Centrální koordinační skupina Národního antibiotického programu","","Členové",3307,"MUDr. Tomáš Boráň",""
188,"Centrální koordinační skupina Národního antibiotického programu","","Členové",3846,"RNDr. Vladislav Jakubů, Ph.D.",""
188,"Centrální koordinační skupina Národního antibiotického programu","","Členové",3849,"Ing. Taťjana Kolesniková",""
188,"Centrální koordinační skupina Národního antibiotického programu","","Členové",3847,"MUDr. Jan Kubele",""
188,"Centrální koordinační skupina Národního antibiotického programu","","Členové",3451,"Mgr. Zdeněk Kyselý",""
188,"Centrální koordinační skupina Národního antibiotického programu","","Členové",3109,"MUDr. Iveta Matějovská, CSc.",""
188,"Centrální koordinační skupina Národního antibiotického programu","","Členové",3851,"PharmDr. Georg Michálek",""
188,"Centrální koordinační skupina Národního antibiotického programu","","Členové",3855,"PharmDr. Irena Murínová",""
188,"Centrální koordinační skupina Národního antibiotického programu","","Členové",1789,"MUDr. Otakar Nyč, Ph.D.",""
188,"Centrální koordinační skupina Národního antibiotického programu","","Členové",3848,"Mgr. Lucie Pokludová",""
188,"Centrální koordinační skupina Národního antibiotického programu","","Členové",3856,"MUDr. Michal Prokeš",""
188,"Centrální koordinační skupina Národního antibiotického programu","","Členové",3852,"PharmDr. Helena Simonová, Ph.D.",""
188,"Centrální koordinační skupina Národního antibiotického programu","","Členové",3850,"MUDr. Tomáš Srb",""
188,"Centrální koordinační skupina Národního antibiotického programu","","Členové",2453,"MVDr. Petr Šatrán",""
188,"Centrální koordinační skupina Národního antibiotického programu","","Členové",2715,"Ing. Štěpánka Tyburcová",""
188,"Centrální koordinační skupina Národního antibiotického programu","","Členové",2730,"RNDr. Pavla Urbášková",""
189,"Rada Národního centra pro medicínské nomenklatury a klasifikace","ÚZIS","Předseda",1449,"prof. MUDr. Milan Macek, DrSc.",""
189,"Rada Národního centra pro medicínské nomenklatury a klasifikace","ÚZIS","Tajemník",3017,"MUDr. Miroslav Zvolský",""
189,"Rada Národního centra pro medicínské nomenklatury a klasifikace","ÚZIS","Členové",19,"doc. MUDr. Martin Anders, Ph.D.",""
189,"Rada Národního centra pro medicínské nomenklatury a klasifikace","ÚZIS","Členové",23,"doc. MUDr. Yvona Angerová, Ph.D., MBA",""
189,"Rada Národního centra pro medicínské nomenklatury a klasifikace","ÚZIS","Členové",151,"Ing. Milan Blaha, Ph.D.",""
189,"Rada Národního centra pro medicínské nomenklatury a klasifikace","ÚZIS","Členové",380,"prof. MUDr. Pavla Doležalová, CSc.",""
189,"Rada Národního centra pro medicínské nomenklatury a klasifikace","ÚZIS","Členové",3845,"Ing. Gleb Donin, Ph.D.",""
189,"Rada Národního centra pro medicínské nomenklatury a klasifikace","ÚZIS","Členové",3591,"Prof. RNDr. Dagmar Dzúrová, CSc.",""
189,"Rada Národního centra pro medicínské nomenklatury a klasifikace","ÚZIS","Členové",2776,"prof. MUDr. Martina Koziar Vašáková, Ph.D.",""
189,"Rada Národního centra pro medicínské nomenklatury a klasifikace","ÚZIS","Členové",1401,"doc. Ing. Lenka Lhotská, CSc.",""
189,"Rada Národního centra pro medicínské nomenklatury a klasifikace","ÚZIS","Členové",1971,"prof. PhDr. Andrea Pokorná, Ph.D.",""
189,"Rada Národního centra pro medicínské nomenklatury a klasifikace","ÚZIS","Členové",2357,"prof. MUDr. Jan Starý, DrSc.",""
189,"Rada Národního centra pro medicínské nomenklatury a klasifikace","ÚZIS","Členové",3367,"JUDr. Mgr. Vladimíra Těšitelová, LL.M.",""
189,"Rada Národního centra pro medicínské nomenklatury a klasifikace","ÚZIS","Členové",3844,"MUDr. Martin Vejražka, Ph.D.",""
191,"Komise pro přípravu programu screeningu aneurysmatu abdominální aorty","ÚZIS","Předseda",1136,"prof. MUDr. Martin Köcher, Ph.D.","Česká společnost intervenční radiologie ČLS JEP"
191,"Komise pro přípravu programu screeningu aneurysmatu abdominální aorty","ÚZIS","Místopředseda",3172,"RNDr. Ondřej Májek, Ph.D.","Národní screeningové centrum, ÚZIS ČR"
191,"Komise pro přípravu programu screeningu aneurysmatu abdominální aorty","ÚZIS","Tajemník",3263,"PhDr. Karel Hejduk","Národní screeningové centrum, ÚZIS ČR"
191,"Komise pro přípravu programu screeningu aneurysmatu abdominální aorty","ÚZIS","Členové",3888,"MUDr. Theodor Adla","Česká radiologická společnost ČLS JEP"
191,"Komise pro přípravu programu screeningu aneurysmatu abdominální aorty","ÚZIS","Členové",397,"MUDr. Markéta Dostalíková, Ph.D.","Všeobecná zdravotní pojišťovna ČR"
191,"Komise pro přípravu programu screeningu aneurysmatu abdominální aorty","ÚZIS","Členové",450,"prof. RNDr. Ladislav Dušek, Ph.D.","ÚZIS ČR"
191,"Komise pro přípravu programu screeningu aneurysmatu abdominální aorty","ÚZIS","Členové",623,"MUDr. David Halata","Společnost všeobecného lékařství, ČLS JEP"
191,"Komise pro přípravu programu screeningu aneurysmatu abdominální aorty","ÚZIS","Členové",3885,"MUDr. Samuel Heller, Ph.D.","Česká angiologická společnost ČLS JEP"
191,"Komise pro přípravu programu screeningu aneurysmatu abdominální aorty","ÚZIS","Členové",1056,"doc. MUDr. Debora Karetová, CSc.","Česká angiologická společnost, ČLS JEP"
191,"Komise pro přípravu programu screeningu aneurysmatu abdominální aorty","ÚZIS","Členové",3109,"MUDr. Iveta Matějovská, CSc.","Odbor regulace cen a úhrad Ministerstvo zdravotnictví ČR"
191,"Komise pro přípravu programu screeningu aneurysmatu abdominální aorty","ÚZIS","Členové",3886,"prof. MUDr. Jiří Moláček, Ph.D.","Česká společnost kardiovaskulární chirurgie ČLS JEP"
191,"Komise pro přípravu programu screeningu aneurysmatu abdominální aorty","ÚZIS","Členové",2094,"MUDr. Jan Raupach, Ph.D.","Česká společnost intervenční radiologie, ČLS JEP"
191,"Komise pro přípravu programu screeningu aneurysmatu abdominální aorty","ÚZIS","Členové",2121,"prof. MUDr. Miloslav Roček, CSc.","Česká radiologická společnost ČLS JEP"
191,"Komise pro přípravu programu screeningu aneurysmatu abdominální aorty","ÚZIS","Členové",3880,"Mgr. Eva Šindlářová","Odbor zdravotní péče, Ministerstvo zdravotnictví ČR"
191,"Komise pro přípravu programu screeningu aneurysmatu abdominální aorty","ÚZIS","Členové",3086,"MUDr. Alena Šteflová, Ph.D., MPH","Svaz zdravotních pojišťoven ČR"
191,"Komise pro přípravu programu screeningu aneurysmatu abdominální aorty","ÚZIS","Členové",2606,"MUDr. Petr Šubrt","Sdružení praktických lékařů ČR"
191,"Komise pro přípravu programu screeningu aneurysmatu abdominální aorty","ÚZIS","Členové",3887,"doc. MUDr. Petr Utíkal, Ph.D.","Česká společnost kardiovaskulární chirurgie, ČLS JEP"
192,"Komise pro program screeningu karcinomu děložního hrdla","ÚZIS","Předseda",467,"MUDr. Vladimír Dvořák, Ph.D.","Česká gynekologická a porodnická společnost ČLS JEP"
192,"Komise pro program screeningu karcinomu děložního hrdla","ÚZIS","Místopředseda",3172,"RNDr. Ondřej Májek, Ph.D.","Národní screeningové centrum ÚZIS ČR"
192,"Komise pro program screeningu karcinomu děložního hrdla","ÚZIS","Tajemník",3263,"PhDr. Karel Hejduk","Národní screeningové centrum ÚZIS ČR"
192,"Komise pro program screeningu karcinomu děložního hrdla","ÚZIS","Členové",450,"prof. RNDr. Ladislav Dušek, Ph.D.","Ústav zdravotnických informací a statistiky ČR"
192,"Komise pro program screeningu karcinomu děložního hrdla","ÚZIS","Členové",3108,"prof. MUDr. Jaroslava Dušková, CSc., F.I.A.C","Společnost českých patologů ČLS JEP"
192,"Komise pro program screeningu karcinomu děložního hrdla","ÚZIS","Členové",4077,"MUDr. Zuzana Elbertová","Všeobecná zdravotní pojišťovna ČR"
192,"Komise pro program screeningu karcinomu děložního hrdla","ÚZIS","Členové",1071,"Mgr. Blanka Kavková","Odbor zdravotní péče Ministerstva zdravotnictví"
192,"Komise pro program screeningu karcinomu děložního hrdla","ÚZIS","Členové",3879,"MUDr. Aleš Kotouš","Společnost klinické cytologie ČLS JEP"
192,"Komise pro program screeningu karcinomu děložního hrdla","ÚZIS","Členové",3878,"MUDr. Tomáš Malík","Sdružení soukromých gynekologů ČR"
192,"Komise pro program screeningu karcinomu děložního hrdla","ÚZIS","Členové",3109,"MUDr. Iveta Matějovská, CSc.","Odbor regulace cen a úhrad Ministerstva zdravotnictví"
192,"Komise pro program screeningu karcinomu děložního hrdla","ÚZIS","Členové",1878,"MUDr. Vilma Pavlíková","Svaz zdravotních pojišťoven ČR"
192,"Komise pro program screeningu karcinomu děložního hrdla","ÚZIS","Členové",2274,"MUDr. Aleš Skřivánek, Ph.D.","Česká gynekologická a porodnická společnost ČLS JEP"
192,"Komise pro program screeningu karcinomu děložního hrdla","ÚZIS","Členové",2606,"MUDr. Petr Šubrt","Sdružení praktických lékařů ČR"
192,"Komise pro program screeningu karcinomu děložního hrdla","ÚZIS","Členové",3335,"MUDr. Markéta Trnková","Společnost českých patologů ČLS JEP"
192,"Komise pro program screeningu karcinomu děložního hrdla","ÚZIS","Členové",3877,"MUDr. Radovan Turyna, Ph.D.","Sekce kolposkopie a cervikální patologie ČGPS ČLS JEP"
193,"Komise pro program časného záchytu karcinomu plic","ÚZIS","Předseda",2776,"prof. MUDr. Martina Koziar Vašáková, Ph.D.","Česká pneumologická a ftizeologická společnost ČLS JEP"
193,"Komise pro program časného záchytu karcinomu plic","ÚZIS","Místopředseda",3172,"RNDr. Ondřej Májek, Ph.D.","Národní screeningové centrum ÚZIS ČR"
193,"Komise pro program časného záchytu karcinomu plic","ÚZIS","Tajemník",3263,"PhDr. Karel Hejduk","Národní screeningové centrum ÚZIS ČR"
193,"Komise pro program časného záchytu karcinomu plic","ÚZIS","Členové",3355,"MUDr. Ivana Čierna - Peterová","Sekce ambulantních pneumologů ČPFS ČLS JEP"
193,"Komise pro program časného záchytu karcinomu plic","ÚZIS","Členové",450,"prof. RNDr. Ladislav Dušek, Ph.D.","Ústav zdravotnických informací a statistiky ČR"
193,"Komise pro program časného záchytu karcinomu plic","ÚZIS","Členové",4077,"MUDr. Zuzana Elbertová","Všeobecná zdravotní pojišťovna ČR"
193,"Komise pro program časného záchytu karcinomu plic","ÚZIS","Členové",1110,"MUDr. Renata Knorová, MBA","Svaz zdravotních pojišťoven ČR"
193,"Komise pro program časného záchytu karcinomu plic","ÚZIS","Členové",1116,"doc. MUDr. Vladimír Koblížek, Ph.D.","Česká pneumologická a ftizeologická společnost ČLS JEP"
193,"Komise pro program časného záchytu karcinomu plic","ÚZIS","Členové",3363,"MUDr. Marcela Koudelková","Ústav zdravotnických informací a statistiky ČR"
193,"Komise pro program časného záchytu karcinomu plic","ÚZIS","Členové",1243,"prof. MUDr. Eva Králíková, CSc.","Společnost pro léčbu závislosti na tabáku"
193,"Komise pro program časného záchytu karcinomu plic","ÚZIS","Členové",3884,"prof. MUDr. Robert Lischke, Ph.D.","Česká chirurgická společnost ČLS JEP"
193,"Komise pro program časného záchytu karcinomu plic","ÚZIS","Členové",3109,"MUDr. Iveta Matějovská, CSc.","Odbor regulace cen a úhrad Ministerstva zdravotnictví"
193,"Komise pro program časného záchytu karcinomu plic","ÚZIS","Členové",1635,"prof. MUDr. Hynek Mírka, Ph.D.","Česká radiologická společnost ČLS JEP"
193,"Komise pro program časného záchytu karcinomu plic","ÚZIS","Členové",1923,"prof. MUDr. Luboš Petruželka, CSc.","Česká onkologická společnost ČLS JEP"
193,"Komise pro program časného záchytu karcinomu plic","ÚZIS","Členové",2226,"doc. MUDr. Bohumil Seifert, Ph.D.","Společnost všeobecného lékařství ČLS JEP"
193,"Komise pro program časného záchytu karcinomu plic","ÚZIS","Členové",3883,"MUDr. Vojtěch Suchánek","Česká radiologická společnost ČLS JEP"
193,"Komise pro program časného záchytu karcinomu plic","ÚZIS","Členové",3381,"Ing. Lucie Súkupová, Ph.D.","Česká společnost fyziků v medicíně, z.s."
193,"Komise pro program časného záchytu karcinomu plic","ÚZIS","Členové",3880,"Mgr. Eva Šindlářová","Odbor zdravotní péče Ministerstva zdravotnictví"
193,"Komise pro program časného záchytu karcinomu plic","ÚZIS","Členové",2606,"MUDr. Petr Šubrt","Sdružení praktických lékařů ČR"
193,"Komise pro program časného záchytu karcinomu plic","ÚZIS","Členové",4031,"Ing. Michaela Vostřáková","Státní úřad pro jadernou bezpečnost"
194,"Komise pro přípravu programu časného záchytu karcinomu prostaty","ÚZIS","Předseda",2939,"prof. MUDr. Roman Zachoval, Ph.D., MBA","Česká urologická společnost ČLS JEP"
194,"Komise pro přípravu programu časného záchytu karcinomu prostaty","ÚZIS","Místopředseda",3172,"RNDr. Ondřej Májek, Ph.D.","Národní screeningové centrum ÚZIS ČR"
194,"Komise pro přípravu programu časného záchytu karcinomu prostaty","ÚZIS","Tajemník",3263,"PhDr. Karel Hejduk","Národní screeningové centrum ÚZIS ČR"
194,"Komise pro přípravu programu časného záchytu karcinomu prostaty","ÚZIS","Členové",40,"prof. MUDr. Marek Babjuk, CSc.","Česká urologická společnost ČLS JEP"
194,"Komise pro přípravu programu časného záchytu karcinomu prostaty","ÚZIS","Členové",221,"prof. MUDr. Tomáš Büchler, Ph.D.","Česká onkologická společnost ČLS JEP"
194,"Komise pro přípravu programu časného záchytu karcinomu prostaty","ÚZIS","Členové",237,"doc. MUDr. Andrea Burgetová, Ph.D., MBA","Česká radiologická společnost ČLS JEP"
194,"Komise pro přípravu programu časného záchytu karcinomu prostaty","ÚZIS","Členové",450,"prof. RNDr. Ladislav Dušek, Ph.D.","ÚZIS ČR"
194,"Komise pro přípravu programu časného záchytu karcinomu prostaty","ÚZIS","Členové",520,"prof. MUDr. Jiří Ferda, Ph.D.","Česká radiologická společnost ČLS JEP"
194,"Komise pro přípravu programu časného záchytu karcinomu prostaty","ÚZIS","Členové",691,"MUDr. Otto Herber","Společnost všeobecného lékařství ČLS JEP"
194,"Komise pro přípravu programu časného záchytu karcinomu prostaty","ÚZIS","Členové",1110,"MUDr. Renata Knorová, MBA","Svaz zdravotních pojišťoven ČR"
194,"Komise pro přípravu programu časného záchytu karcinomu prostaty","ÚZIS","Členové",3363,"MUDr. Marcela Koudelková","ÚZIS ČR"
194,"Komise pro přípravu programu časného záchytu karcinomu prostaty","ÚZIS","Členové",3109,"MUDr. Iveta Matějovská, CSc.","Odbor regulace cen a úhrad MZ ČR"
194,"Komise pro přípravu programu časného záchytu karcinomu prostaty","ÚZIS","Členové",3362,"MUDr. Michaela Matoušková","Sekce ambulantních urologů ČUS ČLS JEP"
194,"Komise pro přípravu programu časného záchytu karcinomu prostaty","ÚZIS","Členové",1795,"prof. MUDr. Karel Odrážka, Ph.D.","Společnost radiační onkologie, biologie a fyziky ČLS JEP"
194,"Komise pro přípravu programu časného záchytu karcinomu prostaty","ÚZIS","Členové",2081,"prof. MUDr. Jaroslav Racek, DrSc.","Česká společnost klinické biochemie ČLS JEP"
194,"Komise pro přípravu programu časného záchytu karcinomu prostaty","ÚZIS","Členové",3469,"MUDr. Helena Sajdlová","Všeobecná zdravotní pojišťovna ČR"
194,"Komise pro přípravu programu časného záchytu karcinomu prostaty","ÚZIS","Členové",2507,"Ing. Mgr. Venuše Škampová","Odbor zdravotní péče MZ ČR"
194,"Komise pro přípravu programu časného záchytu karcinomu prostaty","ÚZIS","Členové",2606,"MUDr. Petr Šubrt","Sdružení praktických lékařů ČR"
194,"Komise pro přípravu programu časného záchytu karcinomu prostaty","ÚZIS","Členové",3335,"MUDr. Markéta Trnková","Společnost českých patologů ČLS JEP"
196,"Komise pro program screeningu karcinomu prsu","ÚZIS","Předseda",339,"prof. MUDr. Jan Daneš, CSc.","Asociace mamodiagnostiků ČR"
196,"Komise pro program screeningu karcinomu prsu","ÚZIS","Místopředseda",3172,"RNDr. Ondřej Májek, Ph.D.","Národní screeningové centrum ÚZIS ČR"
196,"Komise pro program screeningu karcinomu prsu","ÚZIS","Tajemník",3263,"PhDr. Karel Hejduk","Národní screeningové centrum ÚZIS ČR"
196,"Komise pro program screeningu karcinomu prsu","ÚZIS","Členové",3881,"MUDr. Josef Bárta","Česká radiologická společnost ČLS JEP"
196,"Komise pro program screeningu karcinomu prsu","ÚZIS","Členové",450,"prof. RNDr. Ladislav Dušek, Ph.D.","Ústav zdravotnických informací a statistiky ČR"
196,"Komise pro program screeningu karcinomu prsu","ÚZIS","Členové",467,"MUDr. Vladimír Dvořák, Ph.D.","Sdružení soukromých gynekologů ČR"
196,"Komise pro program screeningu karcinomu prsu","ÚZIS","Členové",1012,"Ing. Eva Jursíková","Státní úřad pro jadernou bezpečnost"
196,"Komise pro program screeningu karcinomu prsu","ÚZIS","Členové",1110,"MUDr. Renata Knorová, MBA","Svaz zdravotních pojišťoven ČR"
196,"Komise pro program screeningu karcinomu prsu","ÚZIS","Členové",3109,"MUDr. Iveta Matějovská, CSc.","Odbor regulace cen a úhrad Ministerstva zdravotnictví"
196,"Komise pro program screeningu karcinomu prsu","ÚZIS","Členové",3469,"MUDr. Helena Sajdlová","Všeobecná zdravotní pojišťovna ČR"
196,"Komise pro program screeningu karcinomu prsu","ÚZIS","Členové",2267,"prim. MUDr. Miroslava Skovajsová, Ph.D.","Asociace mamodiagnostiků ČR"
196,"Komise pro program screeningu karcinomu prsu","ÚZIS","Členové",3880,"Mgr. Eva Šindlářová","Odbor zdravotní péče Ministerstva zdravotnictví"
196,"Komise pro program screeningu karcinomu prsu","ÚZIS","Členové",2606,"MUDr. Petr Šubrt","Sdružení praktických lékařů ČR"
196,"Komise pro program screeningu karcinomu prsu","ÚZIS","Členové",3882,"MUDr. Lucia Veverková, Ph.D.","Komise odborníků pro mamární diagnostiku ČRS ČLS JEP"
197,"Komise pro program screeningu kolorektálního karcinomu","ÚZIS","Předseda",3107,"doc. MUDr. Štěpán Suchánek, Ph.D.","Společnost pro gastrointestinální onkologii ČLS JEP"
197,"Komise pro program screeningu kolorektálního karcinomu","ÚZIS","Místopředseda",3172,"RNDr. Ondřej Májek, Ph.D.","Národní screeningové centrum ÚZIS ČR"
197,"Komise pro program screeningu kolorektálního karcinomu","ÚZIS","Tajemník",3263,"PhDr. Karel Hejduk","Národní screeningové centrum ÚZIS ČR"
197,"Komise pro program screeningu kolorektálního karcinomu","ÚZIS","Členové",177,"MUDr. Markéta Brabcová","Všeobecná zdravotní pojišťovna ČR"
197,"Komise pro program screeningu kolorektálního karcinomu","ÚZIS","Členové",450,"prof. RNDr. Ladislav Dušek, Ph.D.","Ústav zdravotnických informací a statistiky ČR"
197,"Komise pro program screeningu kolorektálního karcinomu","ÚZIS","Členové",3875,"MUDr. Kateřina Kamarádová, Ph.D.","Společnost českých patologů ČLS JEP"
197,"Komise pro program screeningu kolorektálního karcinomu","ÚZIS","Členové",1071,"Mgr. Blanka Kavková","Odbor zdravotní péče Ministerstva zdravotnictví"
197,"Komise pro program screeningu kolorektálního karcinomu","ÚZIS","Členové",1119,"MUDr. Petr Kocna, CSc.","Česká společnost klinické biochemie ČLS JEP"
197,"Komise pro program screeningu kolorektálního karcinomu","ÚZIS","Členové",3874,"MUDr. Jan Král, Ph.D., MBA","Spolek ambulantních gastroenterologů"
197,"Komise pro program screeningu kolorektálního karcinomu","ÚZIS","Členové",3876,"prof. MUDr. Ing. Lukáš Lambert, Ph.D., MBA","Česká radiologická společnost ČLS JEP"
197,"Komise pro program screeningu kolorektálního karcinomu","ÚZIS","Členové",3109,"MUDr. Iveta Matějovská, CSc.","Odbor regulace cen a úhrad Ministerstva zdravotnictví"
197,"Komise pro program screeningu kolorektálního karcinomu","ÚZIS","Členové",3994,"prof. MUDr. Stanislav Rejchrt, Ph.D.","Česká gastroenterologická společnost ČLS JEP"
197,"Komise pro program screeningu kolorektálního karcinomu","ÚZIS","Členové",2226,"doc. MUDr. Bohumil Seifert, Ph.D.","Společnost všeobecného lékařství ČLS JEP"
197,"Komise pro program screeningu kolorektálního karcinomu","ÚZIS","Členové",2274,"MUDr. Aleš Skřivánek, Ph.D.","Sdružení soukromých gynekologů ČR"
197,"Komise pro program screeningu kolorektálního karcinomu","ÚZIS","Členové",2606,"MUDr. Petr Šubrt","Sdružení praktických lékařů ČR"
197,"Komise pro program screeningu kolorektálního karcinomu","ÚZIS","Členové",2659,"MUDr. Milada Tomanová","Svaz zdravotních pojišťoven ČR"
197,"Komise pro program screeningu kolorektálního karcinomu","ÚZIS","Členové",2961,"prof. MUDr. Miroslav Zavoral, Ph.D.","Rada pro screening kolorektálního karcinomu ČGS ČLS JEP"
198,"Komise pro přípravu programu časného záchytu poruch štítné žlázy v těhotenství","ÚZIS","Předseda",1000,"doc. MUDr. Jan Jiskra, Ph.D.","Česká endokrinologická společnost ČLS JEP"
198,"Komise pro přípravu programu časného záchytu poruch štítné žlázy v těhotenství","ÚZIS","Místopředseda",3172,"RNDr. Ondřej Májek, Ph.D.","Národní screeningové centrum (NSC)"
198,"Komise pro přípravu programu časného záchytu poruch štítné žlázy v těhotenství","ÚZIS","Tajemník",3263,"PhDr. Karel Hejduk","Národní screeningové centrum (NSC)"
198,"Komise pro přípravu programu časného záchytu poruch štítné žlázy v těhotenství","ÚZIS","Členové",177,"MUDr. Markéta Brabcová","Všeobecná zdravotní pojišťovna ČR"
198,"Komise pro přípravu programu časného záchytu poruch štítné žlázy v těhotenství","ÚZIS","Členové",450,"prof. RNDr. Ladislav Dušek, Ph.D.","Ústav zdravotnických informací a statistiky ČR (ÚZIS ČR)"
198,"Komise pro přípravu programu časného záchytu poruch štítné žlázy v těhotenství","ÚZIS","Členové",3363,"MUDr. Marcela Koudelková","Ústav zdravotnických informací a statistiky ČR (ÚZIS ČR)"
198,"Komise pro přípravu programu časného záchytu poruch štítné žlázy v těhotenství","ÚZIS","Členové",1282,"prof. MUDr. Michal Kršek, CSc., MBA","Česká endokrinologická společnost ČLS JEP"
198,"Komise pro přípravu programu časného záchytu poruch štítné žlázy v těhotenství","ÚZIS","Členové",3109,"MUDr. Iveta Matějovská, CSc.","MZD ČR, odbor regulace cen a úhrad"
198,"Komise pro přípravu programu časného záchytu poruch štítné žlázy v těhotenství","ÚZIS","Členové",3417,"Mgr. Milada Menšíková","MZD ČR, odbor zdravotní péče"
198,"Komise pro přípravu programu časného záchytu poruch štítné žlázy v těhotenství","ÚZIS","Členové",1654,"MUDr. Dana Moravčíková","Společnost všeobecného lékařství ČLS JEP"
198,"Komise pro přípravu programu časného záchytu poruch štítné žlázy v těhotenství","ÚZIS","Členové",1856,"prof. MUDr. Antonín Pařízek, CSc.","Česká gynekologická a porodnická společnost ČLS JEP"
198,"Komise pro přípravu programu časného záchytu poruch štítné žlázy v těhotenství","ÚZIS","Členové",2274,"MUDr. Aleš Skřivánek, Ph.D.","Sdružení soukromých gynekologů ČR"
198,"Komise pro přípravu programu časného záchytu poruch štítné žlázy v těhotenství","ÚZIS","Členové",2339,"doc. Ing. Drahomíra Springer, Ph.D.","Česká společnost klinické biochemie ČLS JEP"
198,"Komise pro přípravu programu časného záchytu poruch štítné žlázy v těhotenství","ÚZIS","Členové",3890,"MUDr. Richard Stejskal","Sdružení ambulantních endokrinologů ČR"
198,"Komise pro přípravu programu časného záchytu poruch štítné žlázy v těhotenství","ÚZIS","Členové",2606,"MUDr. Petr Šubrt","Sdružení praktických lékařů ČR"
199,"Komise pro výživu kojenců a malých dětí","NAM 3","Předseda",4197,"Karla Maříková","náměstkyně ministra"
199,"Komise pro výživu kojenců a malých dětí","NAM 3","Tajemník",4288,"PhDr. Alena Mikutová","MZd OZP"
199,"Komise pro výživu kojenců a malých dětí","NAM 3","Členové",4289,"Ing. Petra Bok","MZd Kabinet ministra"
199,"Komise pro výživu kojenců a malých dětí","NAM 3","Členové",4076,"Mgr. Petr Davídek","MZd OLZP"
199,"Komise pro výživu kojenců a malých dětí","NAM 3","Členové",4290,"MUDr. Milena Dokoupilová","Česká neonatologická společnost"
199,"Komise pro výživu kojenců a malých dětí","NAM 3","Členové",4291,"Mgr. Petra Dostálová","Kancelář veřejného ochránce práv a ochránce práv dětí"
199,"Komise pro výživu kojenců a malých dětí","NAM 3","Členové",4293,"Ing. Pavla Gomba, Ph.D.","Dětský fond Organizace spojených národů"
199,"Komise pro výživu kojenců a malých dětí","NAM 3","Členové",4292,"Ing. Jitka Götzová","MZe - odbor bezpečnosti potravin"
199,"Komise pro výživu kojenců a malých dětí","NAM 3","Členové",3911,"Bc. Veronika Hažlinská","Unie porodních asistentek, z.s."
199,"Komise pro výživu kojenců a malých dětí","NAM 3","Členové",3937,"Mgr. Lucie Hradecká","Úřad vlády ČR"
199,"Komise pro výživu kojenců a malých dětí","NAM 3","Členové",3944,"Mgr. BcA. Kristýna Hrdličková","NUDZ"
199,"Komise pro výživu kojenců a malých dětí","NAM 3","Členové",4295,"Mgr. Daniela Hrnčířová, Ph.D.","Česká asociace nutričních terapeutů"
199,"Komise pro výživu kojenců a malých dětí","NAM 3","Členové",4294,"Mgr. Naďa Chattová","MZd TIS"
199,"Komise pro výživu kojenců a malých dětí","NAM 3","Členové",3938,"RNDr. Jitka Jírová","ÚZIS ČR"
199,"Komise pro výživu kojenců a malých dětí","NAM 3","Členové",1021,"prof. MUDr. Marian Kacerovský, Ph.D.","Česká gynekologická a porodnická společnost ČLS JEP"
199,"Komise pro výživu kojenců a malých dětí","NAM 3","Členové",4296,"Ing. Martina Kovaříková","MPO - oddělení metodiky, vzdělávání a správních činností"
199,"Komise pro výživu kojenců a malých dětí","NAM 3","Členové",3934,"Ing. Andrea Kredbová","SpoKojení, z. s."
199,"Komise pro výživu kojenců a malých dětí","NAM 3","Členové",4297,"Martina Kučerová, DiS.","Unie laktačních poradkyň, z. s."
199,"Komise pro výživu kojenců a malých dětí","NAM 3","Členové",3727,"MUDr. Jana Kulhánková","Sdružení praktických lékařů pro děti a dorost, z. s."
199,"Komise pro výživu kojenců a malých dětí","NAM 3","Členové",3968,"Mgr. Jiřina Kunášková","MPSV - odbor rodinné politiky a ochrany práv dětí"
199,"Komise pro výživu kojenců a malých dětí","NAM 3","Členové",4046,"Mgr. Adéla Lemrová, PhD.","Státní zdravotní ústav"
199,"Komise pro výživu kojenců a malých dětí","NAM 3","Členové",3109,"MUDr. Iveta Matějovská, CSc.","MZd OZI"
199,"Komise pro výživu kojenců a malých dětí","NAM 3","Členové",3422,"MUDr. Anna Mydlilová","Laktační ligou zapsaný spolek Národním laktačním centrem Fakultní Thomayerovy nemocnice"
199,"Komise pro výživu kojenců a malých dětí","NAM 3","Členové",3723,"Petra Pařízková","Česká společnost porodních asistentek"
199,"Komise pro výživu kojenců a malých dětí","NAM 3","Členové",3932,"Mgr. Andrea Poloková","Mamila, o. z."
199,"Komise pro výživu kojenců a malých dětí","NAM 3","Členové",3931,"Mgr. Jana Romanová","Česká asociace sester"
199,"Komise pro výživu kojenců a malých dětí","NAM 3","Členové",4275,"Mgr. Lucie Růžičková","MZd OPP"
199,"Komise pro výživu kojenců a malých dětí","NAM 3","Členové",3909,"MUDr. Eliška Selinger, MSc.","WHO"
199,"Komise pro výživu kojenců a malých dětí","NAM 3","Členové",2290,"Ing. Silvie Slavíková","MZd OVZ"
199,"Komise pro výživu kojenců a malých dětí","NAM 3","Členové",2458,"MUDr. Alena Šebková","Odborná společnost praktických dětských lékařů"
199,"Komise pro výživu kojenců a malých dětí","NAM 3","Členové",3933,"Michaela Topinková","Přirozené kojení"
199,"Komise pro výživu kojenců a malých dětí","NAM 3","Členové",2715,"Ing. Štěpánka Tyburcová","MZd OZP"
199,"Komise pro výživu kojenců a malých dětí","NAM 3","Členové",4298,"Eva Welge, MSc., BSc.","Česká komora porodních asistentek"
199,"Komise pro výživu kojenců a malých dětí","NAM 3","Členové",4299,"MUDr. Kristýna Zárubová, Ph.D.","Česká pediatrická společnost ČLS JEP"
201,"Pracovní skupina k problematice péče o pacienty s nařízeným ochranným léčením","SZ/OZP","Členové",3892,"Mgr. Kateřina Bělohlávková",""
201,"Pracovní skupina k problematice péče o pacienty s nařízeným ochranným léčením","SZ/OZP","Členové",3893,"Mgr. Michaela Borovanská",""
201,"Pracovní skupina k problematice péče o pacienty s nařízeným ochranným léčením","SZ/OZP","Členové",3896,"Mgr. Petr Fassati",""
201,"Pracovní skupina k problematice péče o pacienty s nařízeným ochranným léčením","SZ/OZP","Členové",3898,"MUDr. Růžena Hajnová",""
201,"Pracovní skupina k problematice péče o pacienty s nařízeným ochranným léčením","SZ/OZP","Členové",1071,"Mgr. Blanka Kavková",""
201,"Pracovní skupina k problematice péče o pacienty s nařízeným ochranným léčením","SZ/OZP","Členové",3899,"Renata Marková",""
201,"Pracovní skupina k problematice péče o pacienty s nařízeným ochranným léčením","SZ/OZP","Členové",1847,"MUDr. Simona Papežová",""
201,"Pracovní skupina k problematice péče o pacienty s nařízeným ochranným léčením","SZ/OZP","Členové",1865,"MUDr. Marek Páv, Ph.D., MBA",""
201,"Pracovní skupina k problematice péče o pacienty s nařízeným ochranným léčením","SZ/OZP","Členové",2187,"MUDr. Zuzana Řeřichová",""
201,"Pracovní skupina k problematice péče o pacienty s nařízeným ochranným léčením","SZ/OZP","Členové",3894,"Mgr. Taťána Skalická",""
201,"Pracovní skupina k problematice péče o pacienty s nařízeným ochranným léčením","SZ/OZP","Členové",3902,"prim. MUDr. Adéla Stoklasová",""
201,"Pracovní skupina k problematice péče o pacienty s nařízeným ochranným léčením","SZ/OZP","Členové",3900,"Mgr. Matěj Stříteský, Ph.D., MBA",""
201,"Pracovní skupina k problematice péče o pacienty s nařízeným ochranným léčením","SZ/OZP","Členové",2507,"Ing. Mgr. Venuše Škampová",""
201,"Pracovní skupina k problematice péče o pacienty s nařízeným ochranným léčením","SZ/OZP","Členové",3895,"Mgr. Kamila Špejrová",""
201,"Pracovní skupina k problematice péče o pacienty s nařízeným ochranným léčením","SZ/OZP","Členové",3897,"JUDr. Petr Zeman, Ph.D.",""
202,"Pracovní skupina pro koncepční řešení rozvoje geriatrické péče v České republice","SZ/OZP","Předseda",2507,"Ing. Mgr. Venuše Škampová","OZP MZ"
202,"Pracovní skupina pro koncepční řešení rozvoje geriatrické péče v České republice","SZ/OZP","Místopředseda",3308,"Mgr. Bc. Kateřina Grygarová","EFI MZ"
202,"Pracovní skupina pro koncepční řešení rozvoje geriatrické péče v České republice","SZ/OZP","Místopředseda",1071,"Mgr. Blanka Kavková","OZP MZ"
202,"Pracovní skupina pro koncepční řešení rozvoje geriatrické péče v České republice","SZ/OZP","Členové",3917,"MUDr. Markéta Dostálová","VZP ČR"
202,"Pracovní skupina pro koncepční řešení rozvoje geriatrické péče v České republice","SZ/OZP","Členové",3796,"MUDr. et Mgr. Dana Hrnčiariková, Ph.D.","Česká společnost paliativní medicíny ČLS JEP"
202,"Pracovní skupina pro koncepční řešení rozvoje geriatrické péče v České republice","SZ/OZP","Členové",3912,"Ing. Klečková Jana","VVD MZ"
202,"Pracovní skupina pro koncepční řešení rozvoje geriatrické péče v České republice","SZ/OZP","Členové",1009,"MUDr. Božena Jurašková, Ph.D.","předsedkyně České gerontologické a geriatrické společnosti ČLS JEP"
202,"Pracovní skupina pro koncepční řešení rozvoje geriatrické péče v České republice","SZ/OZP","Členové",1414,"Mgr. Šárka Liolia","OPP MZ"
202,"Pracovní skupina pro koncepční řešení rozvoje geriatrické péče v České republice","SZ/OZP","Členové",3801,"MUDr. Astrid Matějková","Společnost všeobecného lékařství ČLS JEP"
202,"Pracovní skupina pro koncepční řešení rozvoje geriatrické péče v České republice","SZ/OZP","Členové",3109,"MUDr. Iveta Matějovská, CSc.","CAU MZ"
202,"Pracovní skupina pro koncepční řešení rozvoje geriatrické péče v České republice","SZ/OZP","Členové",3176,"Mgr. Petr Peiger","LEG MZ"
202,"Pracovní skupina pro koncepční řešení rozvoje geriatrické péče v České republice","SZ/OZP","Členové",3913,"Mgr. Václav Pláteník, MA, LL.M.","náměstek ministra zdravotnictví"
202,"Pracovní skupina pro koncepční řešení rozvoje geriatrické péče v České republice","SZ/OZP","Členové",1991,"prim. MUDr. Zdenka Polzerová, MBA","Asociace nemocnic ČR"
202,"Pracovní skupina pro koncepční řešení rozvoje geriatrické péče v České republice","SZ/OZP","Členové",2232,"Ing. Petr Severa","Asociace krajů ČR"
202,"Pracovní skupina pro koncepční řešení rozvoje geriatrické péče v České republice","SZ/OZP","Členové",3749,"RNDr. Jitka Soukupová","ÚZIS ČR"
202,"Pracovní skupina pro koncepční řešení rozvoje geriatrické péče v České republice","SZ/OZP","Členové",3064,"Mgr. Alice Strnadová, MBA","ONP MZ"
202,"Pracovní skupina pro koncepční řešení rozvoje geriatrické péče v České republice","SZ/OZP","Členové",3916,"MUDr. Zuzana Šnajdrová","člen výboru České gerontologické a geriatrické společnosti ČLS JEP"
202,"Pracovní skupina pro koncepční řešení rozvoje geriatrické péče v České republice","SZ/OZP","Členové",3718,"Mgr. Markéta Švejdová Jandová, DiS.","OZP MZ"
202,"Pracovní skupina pro koncepční řešení rozvoje geriatrické péče v České republice","SZ/OZP","Členové",2671,"prof. MUDr. Eva Topinková","vědecký sekretář České gerontologické a geriatrické společnosti ČLS JEP"
202,"Pracovní skupina pro koncepční řešení rozvoje geriatrické péče v České republice","SZ/OZP","Členové",2770,"MUDr. Hana Vaňková, Ph.D.","člen výboru České gerontologické a geriatrické společnosti ČLS JEP"
202,"Pracovní skupina pro koncepční řešení rozvoje geriatrické péče v České republice","SZ/OZP","Členové",3914,"Mgr. Tereza Vránová","EFI MZ"
203,"Řídicí výbor implementace Strategického rámce rozvoje péče o zdraví v České republice do roku 2030","NAM 2","Členové",450,"prof. RNDr. Ladislav Dušek, Ph.D.","ředitel Ústavu zdravotnických informací a statistiky ČR"
203,"Řídicí výbor implementace Strategického rámce rozvoje péče o zdraví v České republice do roku 2030","NAM 2","Členové",3308,"Mgr. Bc. Kateřina Grygarová","ředitelka Odboru evropských fondů a investičního rozvoje"
203,"Řídicí výbor implementace Strategického rámce rozvoje péče o zdraví v České republice do roku 2030","NAM 2","Členové",1114,"Mgr. Daniela Kobilková","ředitelka Odboru kanceláře ministra"
203,"Řídicí výbor implementace Strategického rámce rozvoje péče o zdraví v České republice do roku 2030","NAM 2","Členové",3396,"Ing. Olga Laaksonen","vedoucí Oddělení vědy, výzkumu a dotací ve zdravotnictví"
203,"Řídicí výbor implementace Strategického rámce rozvoje péče o zdraví v České republice do roku 2030","NAM 2","Členové",1414,"Mgr. Šárka Liolia","Oddělení podpory práv pacientů MZD"
203,"Řídicí výbor implementace Strategického rámce rozvoje péče o zdraví v České republice do roku 2030","NAM 2","Členové",1453,"MUDr. Barbora Macková, MHA","hlavní hygienička ČR"
203,"Řídicí výbor implementace Strategického rámce rozvoje péče o zdraví v České republice do roku 2030","NAM 2","Členové",3921,"PhDr. Stanislav Měšťan, LL.M.","státní tajemník"
203,"Řídicí výbor implementace Strategického rámce rozvoje péče o zdraví v České republice do roku 2030","NAM 2","Členové",1980,"Mgr. Barbora Poláková","vedoucí Oddělení lékařských povolání"
203,"Řídicí výbor implementace Strategického rámce rozvoje péče o zdraví v České republice do roku 2030","NAM 2","Členové",3235,"Mgr. Irena Storová, MHA","ředitelka Státního ústavu pro kontrolu léčiv"
203,"Řídicí výbor implementace Strategického rámce rozvoje péče o zdraví v České republice do roku 2030","NAM 2","Členové",3064,"Mgr. Alice Strnadová, MBA","ředitelka Odboru zdravotnických povolání"
203,"Řídicí výbor implementace Strategického rámce rozvoje péče o zdraví v České republice do roku 2030","NAM 2","Členové",2507,"Ing. Mgr. Venuše Škampová","ředitelka Odboru zdravotní péče"
203,"Řídicí výbor implementace Strategického rámce rozvoje péče o zdraví v České republice do roku 2030","NAM 2","Členové",2976,"Ing. Martin Zeman","ředitel Odboru IT a elektronizace zdravotnictví"
204,"Strategická skupina pro personální stabilizaci resortu zdravotnictví","NAM 2","Místopředseda",2507,"Ing. Mgr. Venuše Škampová","ředitelka Odboru zdravotní péče MZd"
204,"Strategická skupina pro personální stabilizaci resortu zdravotnictví","NAM 2","Členové",3951,"Petr Bannert","zástupce Ministerstva školství, mládeže a tělovýchovy"
204,"Strategická skupina pro personální stabilizaci resortu zdravotnictví","NAM 2","Členové",450,"prof. RNDr. Ladislav Dušek, Ph.D.","ředitel Ústavu zdravotnických informací a statistiky ČR"
204,"Strategická skupina pro personální stabilizaci resortu zdravotnictví","NAM 2","Členové",3256,"MUDr. Martin Engel","zástupce Lékařského odborového klubu"
204,"Strategická skupina pro personální stabilizaci resortu zdravotnictví","NAM 2","Členové",691,"MUDr. Otto Herber","zástupce České lékařské společnosti JEP"
204,"Strategická skupina pro personální stabilizaci resortu zdravotnictví","NAM 2","Členové",1320,"MUDr. Milan Kubek","prezident České lékařské komory"
204,"Strategická skupina pro personální stabilizaci resortu zdravotnictví","NAM 2","Členové",1414,"Mgr. Šárka Liolia","Oddělení podpory práv pacientů MZd"
204,"Strategická skupina pro personální stabilizaci resortu zdravotnictví","NAM 2","Členové",1453,"MUDr. Barbora Macková, MHA","hlavní hygienička ČR"
204,"Strategická skupina pro personální stabilizaci resortu zdravotnictví","NAM 2","Členové",3921,"PhDr. Stanislav Měšťan, LL.M.","státní tajemník v Ministerstvu zdravotnictví"
204,"Strategická skupina pro personální stabilizaci resortu zdravotnictví","NAM 2","Členové",1971,"prof. PhDr. Andrea Pokorná, Ph.D.","zástupkyně Asociace vysokoškolských vzdělavatelů nelékařských zdravotnických pracovníků"
204,"Strategická skupina pro personální stabilizaci resortu zdravotnictví","NAM 2","Členové",2109,"doc. MUDr. Martin Repko, Ph.D.","zástupce České konference rektorů"
204,"Strategická skupina pro personální stabilizaci resortu zdravotnictví","NAM 2","Členové",3064,"Mgr. Alice Strnadová, MBA","ředitelka Odboru zdravotnických povolání MZd"
204,"Strategická skupina pro personální stabilizaci resortu zdravotnictví","NAM 2","Členové",2545,"PhDr. Martina Šochmanová, MBA","prezidentka České asociace sester"
204,"Strategická skupina pro personální stabilizaci resortu zdravotnictví","NAM 2","Členové",2547,"MUDr. Petr Šonka","předseda Sdružení praktických lékařů ČR"
204,"Strategická skupina pro personální stabilizaci resortu zdravotnictví","NAM 2","Členové",2954,"Mgr. Jan Zapletal","vrchní ředitel sekce pro ekonomiku a zdravotní pojištění"
204,"Strategická skupina pro personální stabilizaci resortu zdravotnictví","NAM 2","Členové",3029,"Bc. Dagmar Žitníková","předsedkyně Odborového svazu zdravotnictví a sociální péče ČR"
205,"Meziresortní pracovní skupina pro problematiku institucionálního stravování","HH/OVZ","Předseda",1453,"MUDr. Barbora Macková, MHA","Státní zdravotní ústav"
205,"Meziresortní pracovní skupina pro problematiku institucionálního stravování","HH/OVZ","Tajemník",4011,"Mgr. Nora Veselá",""
205,"Meziresortní pracovní skupina pro problematiku institucionálního stravování","HH/OVZ","Členové",3963,"Mgr. Bc. Martina Běťáková","Ministerstvo školství, mládeže a tělovýchovy"
205,"Meziresortní pracovní skupina pro problematiku institucionálního stravování","HH/OVZ","Členové",3964,"Mgr. Monika Dobrovodská","Ministerstvo pro místní rozvoj"
205,"Meziresortní pracovní skupina pro problematiku institucionálního stravování","HH/OVZ","Členové",3965,"Ing. Jitka Götzová","Ministerstvo zemědělství"
205,"Meziresortní pracovní skupina pro problematiku institucionálního stravování","HH/OVZ","Členové",976,"Ing. Dalibor Ježorek","Pacientská rada"
205,"Meziresortní pracovní skupina pro problematiku institucionálního stravování","HH/OVZ","Členové",3966,"Mgr. Alexandra Košťálová","garantka odborné skupiny pro školní stravování, Státní zdravotní ústav"
205,"Meziresortní pracovní skupina pro problematiku institucionálního stravování","HH/OVZ","Členové",3968,"Mgr. Jiřina Kunášková","Ministerstvo práce a sociálních věcí"
205,"Meziresortní pracovní skupina pro problematiku institucionálního stravování","HH/OVZ","Členové",3969,"Mgr. Jan Mareš, MBA","Ministerstvo školství, mládeže a tělovýchovy"
205,"Meziresortní pracovní skupina pro problematiku institucionálního stravování","HH/OVZ","Členové",3970,"Ing. Petra Martínková","Asociace krajů ČR"
205,"Meziresortní pracovní skupina pro problematiku institucionálního stravování","HH/OVZ","Členové",3972,"Bc. Markéta Rydvalová","Svaz měst a obcí ČR"
205,"Meziresortní pracovní skupina pro problematiku institucionálního stravování","HH/OVZ","Členové",2507,"Ing. Mgr. Venuše Škampová","Ministerstvo zdravotnictví"
205,"Meziresortní pracovní skupina pro problematiku institucionálního stravování","HH/OVZ","Členové",2686,"MUDr. Zdeňka Trestrová","Ministerstvo zdravotnictví"
206,"Pracovní skupina pro koncepční řešení pediatrické péče","SZ/OZP","Předseda",2507,"Ing. Mgr. Venuše Škampová",""
206,"Pracovní skupina pro koncepční řešení pediatrické péče","SZ/OZP","Místopředseda",1071,"Mgr. Blanka Kavková",""
206,"Pracovní skupina pro koncepční řešení pediatrické péče","SZ/OZP","Tajemník",2715,"Ing. Štěpánka Tyburcová",""
206,"Pracovní skupina pro koncepční řešení pediatrické péče","SZ/OZP","Členové",200,"doc. MUDr. Jiří Bronský, Ph.D.",""
206,"Pracovní skupina pro koncepční řešení pediatrické péče","SZ/OZP","Členové",259,"Ing. Martina Cetelová",""
206,"Pracovní skupina pro koncepční řešení pediatrické péče","SZ/OZP","Členové",448,"doc. RNDr. Jaroslav Dušek, CSc.",""
206,"Pracovní skupina pro koncepční řešení pediatrické péče","SZ/OZP","Členové",3949,"MUDr. Šárka Fingerhutová",""
206,"Pracovní skupina pro koncepční řešení pediatrické péče","SZ/OZP","Členové",716,"Mgr. Lenka Hladíková",""
206,"Pracovní skupina pro koncepční řešení pediatrické péče","SZ/OZP","Členové",3947,"prim. MUDr. René Hrdlička, Ph.D.",""
206,"Pracovní skupina pro koncepční řešení pediatrické péče","SZ/OZP","Členové",852,"MUDr. Ilona Hülleová",""
206,"Pracovní skupina pro koncepční řešení pediatrické péče","SZ/OZP","Členové",3945,"Mgr. Kristýna Jánišová",""
206,"Pracovní skupina pro koncepční řešení pediatrické péče","SZ/OZP","Členové",3948,"MUDr. Martina Kašparová",""
206,"Pracovní skupina pro koncepční řešení pediatrické péče","SZ/OZP","Členové",3726,"Bc. Michaela Kolářová, MBA",""
206,"Pracovní skupina pro koncepční řešení pediatrické péče","SZ/OZP","Členové",1495,"MUDr. Jan Malý, Ph.D.",""
206,"Pracovní skupina pro koncepční řešení pediatrické péče","SZ/OZP","Členové",3270,"Bc. Ivona Mikulenková",""
206,"Pracovní skupina pro koncepční řešení pediatrické péče","SZ/OZP","Členové",3469,"MUDr. Helena Sajdlová",""
206,"Pracovní skupina pro koncepční řešení pediatrické péče","SZ/OZP","Členové",2458,"MUDr. Alena Šebková",""
206,"Pracovní skupina pro koncepční řešení pediatrické péče","SZ/OZP","Členové",2528,"MUDr. Petr Šmach",""
209,"Komise pro schvalování pracovišť a zařazení radiologického pracoviště pro provádění magnetické rezonance (MRI) v rámci Populačního pilotního programu časného záchytu karcinomu prostaty v ČR a pro schvalování pracovišť a zařazení urologického pracoviště pro provádění biopsie prostaty v rámci Populačního pilotního programu časného záchytu karcinomu prostaty v ČR","SZ/OZP","Předseda",2507,"Ing. Mgr. Venuše Škampová","Ministerstvo zdravotnictví"
209,"Komise pro schvalování pracovišť a zařazení radiologického pracoviště pro provádění magnetické rezonance (MRI) v rámci Populačního pilotního programu časného záchytu karcinomu prostaty v ČR a pro schvalování pracovišť a zařazení urologického pracoviště pro provádění biopsie prostaty v rámci Populačního pilotního programu časného záchytu karcinomu prostaty v ČR","SZ/OZP","Místopředseda",1071,"Mgr. Blanka Kavková","Ministerstvo zdravotnictví"
209,"Komise pro schvalování pracovišť a zařazení radiologického pracoviště pro provádění magnetické rezonance (MRI) v rámci Populačního pilotního programu časného záchytu karcinomu prostaty v ČR a pro schvalování pracovišť a zařazení urologického pracoviště pro provádění biopsie prostaty v rámci Populačního pilotního programu časného záchytu karcinomu prostaty v ČR","SZ/OZP","Tajemník",4284,"Mgr. Eliška Svobodová","Ministerstvo zdravotnictví"
209,"Komise pro schvalování pracovišť a zařazení radiologického pracoviště pro provádění magnetické rezonance (MRI) v rámci Populačního pilotního programu časného záchytu karcinomu prostaty v ČR a pro schvalování pracovišť a zařazení urologického pracoviště pro provádění biopsie prostaty v rámci Populačního pilotního programu časného záchytu karcinomu prostaty v ČR","SZ/OZP","Členové",40,"prof. MUDr. Marek Babjuk, CSc.","Česká urologická společnost ČLS JEP"
209,"Komise pro schvalování pracovišť a zařazení radiologického pracoviště pro provádění magnetické rezonance (MRI) v rámci Populačního pilotního programu časného záchytu karcinomu prostaty v ČR a pro schvalování pracovišť a zařazení urologického pracoviště pro provádění biopsie prostaty v rámci Populačního pilotního programu časného záchytu karcinomu prostaty v ČR","SZ/OZP","Členové",237,"doc. MUDr. Andrea Burgetová, Ph.D., MBA","Česká radiologická společnost ČLS JEP"
209,"Komise pro schvalování pracovišť a zařazení radiologického pracoviště pro provádění magnetické rezonance (MRI) v rámci Populačního pilotního programu časného záchytu karcinomu prostaty v ČR a pro schvalování pracovišť a zařazení urologického pracoviště pro provádění biopsie prostaty v rámci Populačního pilotního programu časného záchytu karcinomu prostaty v ČR","SZ/OZP","Členové",397,"MUDr. Markéta Dostalíková, Ph.D.","Všeobecná zdravotní pojišťovna ČR"
209,"Komise pro schvalování pracovišť a zařazení radiologického pracoviště pro provádění magnetické rezonance (MRI) v rámci Populačního pilotního programu časného záchytu karcinomu prostaty v ČR a pro schvalování pracovišť a zařazení urologického pracoviště pro provádění biopsie prostaty v rámci Populačního pilotního programu časného záchytu karcinomu prostaty v ČR","SZ/OZP","Členové",520,"prof. MUDr. Jiří Ferda, Ph.D.","Česká radiologická společnost ČLS JEP"
209,"Komise pro schvalování pracovišť a zařazení radiologického pracoviště pro provádění magnetické rezonance (MRI) v rámci Populačního pilotního programu časného záchytu karcinomu prostaty v ČR a pro schvalování pracovišť a zařazení urologického pracoviště pro provádění biopsie prostaty v rámci Populačního pilotního programu časného záchytu karcinomu prostaty v ČR","SZ/OZP","Členové",3109,"MUDr. Iveta Matějovská, CSc.","Ministerstvo zdravotnictví"
209,"Komise pro schvalování pracovišť a zařazení radiologického pracoviště pro provádění magnetické rezonance (MRI) v rámci Populačního pilotního programu časného záchytu karcinomu prostaty v ČR a pro schvalování pracovišť a zařazení urologického pracoviště pro provádění biopsie prostaty v rámci Populačního pilotního programu časného záchytu karcinomu prostaty v ČR","SZ/OZP","Členové",3362,"MUDr. Michaela Matoušková","Česká urologická společnost ČLS JEP"
209,"Komise pro schvalování pracovišť a zařazení radiologického pracoviště pro provádění magnetické rezonance (MRI) v rámci Populačního pilotního programu časného záchytu karcinomu prostaty v ČR a pro schvalování pracovišť a zařazení urologického pracoviště pro provádění biopsie prostaty v rámci Populačního pilotního programu časného záchytu karcinomu prostaty v ČR","SZ/OZP","Členové",1592,"doc. MUDr. Marek Mechl, Ph.D., MBA","Česká radiologická společnost ČLS JEP"
209,"Komise pro schvalování pracovišť a zařazení radiologického pracoviště pro provádění magnetické rezonance (MRI) v rámci Populačního pilotního programu časného záchytu karcinomu prostaty v ČR a pro schvalování pracovišť a zařazení urologického pracoviště pro provádění biopsie prostaty v rámci Populačního pilotního programu časného záchytu karcinomu prostaty v ČR","SZ/OZP","Členové",2659,"MUDr. Milada Tomanová","Svaz zdravotních pojišťoven ČR"
209,"Komise pro schvalování pracovišť a zařazení radiologického pracoviště pro provádění magnetické rezonance (MRI) v rámci Populačního pilotního programu časného záchytu karcinomu prostaty v ČR a pro schvalování pracovišť a zařazení urologického pracoviště pro provádění biopsie prostaty v rámci Populačního pilotního programu časného záchytu karcinomu prostaty v ČR","SZ/OZP","Členové",2939,"prof. MUDr. Roman Zachoval, Ph.D., MBA","Česká urologická společnost ČLS JEP"
210,"Meziresortní pracovní skupina pro rozvoj pohybových aktivit","SZÚ","Předseda",1453,"MUDr. Barbora Macková, MHA",""
210,"Meziresortní pracovní skupina pro rozvoj pohybových aktivit","SZÚ","Místopředseda",2332,"prof. MUDr. Eliška Sovová, Ph.D., MBA",""
210,"Meziresortní pracovní skupina pro rozvoj pohybových aktivit","SZÚ","Tajemník",4018,"Mgr. Jana Velkoborská",""
210,"Meziresortní pracovní skupina pro rozvoj pohybových aktivit","SZÚ","Členové",3985,"PhDr. Ondřej Andrys, MAE, MBA, MPA",""
210,"Meziresortní pracovní skupina pro rozvoj pohybových aktivit","SZÚ","Členové",4196,"Ing. Mgr. Markéta Foldyna Hellová, MHA",""
210,"Meziresortní pracovní skupina pro rozvoj pohybových aktivit","SZÚ","Členové",3820,"Mgr. Matyáš Fošum, Ph.D.",""
210,"Meziresortní pracovní skupina pro rozvoj pohybových aktivit","SZÚ","Členové",4028,"Mgr. Jana Havrdová, MPA",""
210,"Meziresortní pracovní skupina pro rozvoj pohybových aktivit","SZÚ","Členové",4024,"RNDr. Aleš Jakubec, Ph.D.",""
210,"Meziresortní pracovní skupina pro rozvoj pohybových aktivit","SZÚ","Členové",4021,"PhDr. Pavla Kortusová",""
210,"Meziresortní pracovní skupina pro rozvoj pohybových aktivit","SZÚ","Členové",4026,"Ing. Dušan Macháček",""
210,"Meziresortní pracovní skupina pro rozvoj pohybových aktivit","SZÚ","Členové",4027,"PaedDr. Ladislav Malý",""
210,"Meziresortní pracovní skupina pro rozvoj pohybových aktivit","SZÚ","Členové",4019,"Ing. Bc. Simona Marešová",""
210,"Meziresortní pracovní skupina pro rozvoj pohybových aktivit","SZÚ","Členové",4022,"prof. MUDr. Martin Matoulek, Ph.D.",""
210,"Meziresortní pracovní skupina pro rozvoj pohybových aktivit","SZÚ","Členové",4023,"Mgr. Jakub Rychtecký",""
210,"Meziresortní pracovní skupina pro rozvoj pohybových aktivit","SZÚ","Členové",4020,"Mgr. Petr Sobotovič",""
210,"Meziresortní pracovní skupina pro rozvoj pohybových aktivit","SZÚ","Členové",4030,"Ing. Vladimír Štrébl",""
210,"Meziresortní pracovní skupina pro rozvoj pohybových aktivit","SZÚ","Členové",4029,"Mgr. Kateřina Valachová, Ph.D.",""
210,"Meziresortní pracovní skupina pro rozvoj pohybových aktivit","SZÚ","Členové",4017,"Mgr. Karolína Vašendová",""
210,"Meziresortní pracovní skupina pro rozvoj pohybových aktivit","SZÚ","Členové",3797,"MUDr. Vladimíra Víšková",""
210,"Meziresortní pracovní skupina pro rozvoj pohybových aktivit","SZÚ","Členové",4016,"Iva Vystrčilová",""
211,"Národní institut pro zvládání pandemie","HH","Předseda",875,"prof. MUDr. Roman Chlíbek, Ph.D.",""
211,"Národní institut pro zvládání pandemie","HH","Místopředseda",1453,"MUDr. Barbora Macková, MHA",""
211,"Národní institut pro zvládání pandemie","HH","Tajemník",4011,"Mgr. Nora Veselá",""
211,"Národní institut pro zvládání pandemie","HH","Členové",48,"doc. MUDr. Martin Balík, Ph.D., EDIC",""
211,"Národní institut pro zvládání pandemie","HH","Členové",253,"MUDr. Hana Cabrnochová, MBA",""
211,"Národní institut pro zvládání pandemie","HH","Členové",3776,"MUDr. Pavel Dlouhý",""
211,"Národní institut pro zvládání pandemie","HH","Členové",3531,"prof. MUDr. Pavel Dřevínek, Ph.D.",""
211,"Národní institut pro zvládání pandemie","HH","Členové",450,"prof. RNDr. Ladislav Dušek, Ph.D.",""
211,"Národní institut pro zvládání pandemie","HH","Členové",847,"MUDr. Petr Hubáček, MBA LL.M.",""
211,"Národní institut pro zvládání pandemie","HH","Členové",3765,"RNDr. Jiří Jarkovský, Ph.D.",""
211,"Národní institut pro zvládání pandemie","HH","Členové",3611,"RNDr. Helena Jiřincová",""
211,"Národní institut pro zvládání pandemie","HH","Členové",1116,"doc. MUDr. Vladimír Koblížek, Ph.D.",""
211,"Národní institut pro zvládání pandemie","HH","Členové",1190,"MUDr. Pavel Kosina, Ph.D.",""
211,"Národní institut pro zvládání pandemie","HH","Členové",3251,"MUDr. Jan Kynčl, Ph.D.",""
211,"Národní institut pro zvládání pandemie","HH","Členové",3451,"Mgr. Zdeněk Kyselý",""
211,"Národní institut pro zvládání pandemie","HH","Členové",3530,"doc. Mgr. Martina Lengerová, Ph.D.",""
211,"Národní institut pro zvládání pandemie","HH","Členové",1458,"doc. MUDr. Rastislav Maďar, Ph.D., MBA, FRCPS",""
211,"Národní institut pro zvládání pandemie","HH","Členové",1648,"MUDr. Zdeněk Monhart, Ph.D.",""
211,"Národní institut pro zvládání pandemie","HH","Členové",1885,"prof. MUDr. Petr Pazdiora, CSc.",""
211,"Národní institut pro zvládání pandemie","HH","Členové",4012,"MUDr. Lenka Petroušová, Ph.D.",""
211,"Národní institut pro zvládání pandemie","HH","Členové",3356,"MUDr. Richard Pikner, Ph.D.",""
211,"Národní institut pro zvládání pandemie","HH","Členové",3770,"RNDr. Lenka Přibylová, Ph.D.",""
211,"Národní institut pro zvládání pandemie","HH","Členové",2298,"MUDr. Petr Smejkal",""
211,"Národní institut pro zvládání pandemie","HH","Členové",3547,"prof. MUDr. Jan Smetana, Ph.D.",""
211,"Národní institut pro zvládání pandemie","HH","Členové",2384,"prof. MUDr. Ilja Stříž, CSc.",""
211,"Národní institut pro zvládání pandemie","HH","Členové",3772,"RNDr. Martin Šmíd, Ph.D.",""
211,"Národní institut pro zvládání pandemie","HH","Členové",2547,"MUDr. Petr Šonka",""
211,"Národní institut pro zvládání pandemie","HH","Členové",4014,"MUDr. František Ulman",""
212,"Pracovní skupina pro klinické hodnocení humánních léčivých přípravků","SL","Místopředseda",4033,"doc. MUDr. Regina Demlová, Ph.D.","ředitelka CZECRIN"
212,"Pracovní skupina pro klinické hodnocení humánních léčivých přípravků","SL","Členové",4171,"Mgr. Petra Adámková","Pacientská rada MZD, předsedkyně Výboru Hlasu onkologických pacientů"
212,"Pracovní skupina pro klinické hodnocení humánních léčivých přípravků","SL","Členové",3791,"PhDr. Mgr. Jan Bodnár, LL.M.","náměstek ředitele VZP"
212,"Pracovní skupina pro klinické hodnocení humánních léčivých přípravků","SL","Členové",3307,"MUDr. Tomáš Boráň","ředitel Státního ústavu pro kontrolu léčiv"
212,"Pracovní skupina pro klinické hodnocení humánních léčivých přípravků","SL","Členové",4076,"Mgr. Petr Davídek","ředitel Odboru léčiv a zdravotnických prostředků MZD"
212,"Pracovní skupina pro klinické hodnocení humánních léčivých přípravků","SL","Členové",4034,"Mgr. Radek Halouzka, MBA","vedoucí právního oddělení, Masarykův onkologický ústav"
212,"Pracovní skupina pro klinické hodnocení humánních léčivých přípravků","SL","Členové",3961,"Mgr. Jan Knytl","Odbor legislativně-právní MZD"
212,"Pracovní skupina pro klinické hodnocení humánních léčivých přípravků","SL","Členové",4035,"Mgr. David Kolář","výkonný ředitel AIFP"
212,"Pracovní skupina pro klinické hodnocení humánních léčivých přípravků","SL","Členové",1616,"Ing. Jan Michálek","ředitel Odboru přímo řízených organizací MZD"
212,"Pracovní skupina pro klinické hodnocení humánních léčivých přípravků","SL","Členové",1662,"prof. MUDr. Zuzana Moťovská, Ph.D., FESC.","zástupkyně přednosty pro vědeckou činnost (Kardiologie), 3. LF a FNKV"
212,"Pracovní skupina pro klinické hodnocení humánních léčivých přípravků","SL","Členové",4037,"MUDr. Alice Němcová","ředitelka odboru klinického hodnocení léčivých přípravků, SÚKL"
212,"Pracovní skupina pro klinické hodnocení humánních léčivých přípravků","SL","Členové",2277,"prof. RNDr. Ondřej Slabý, Ph.D.","ředitel AZV ČR"
212,"Pracovní skupina pro klinické hodnocení humánních léčivých přípravků","SL","Členové",4172,"MUDr. Petr Vaculík","místopředseda ACRO-CZ"
212,"Pracovní skupina pro klinické hodnocení humánních léčivých přípravků","SL","Členové",4124,"Ing. Magdalena Vondráčková, Ph.D.","předsedkyně LK Svazu zdravotních pojišťoven ČR"
213,"Pracovní skupina pro nastavení systémových změn v odbornosti zdravotnický záchranář","SZ/OZPO","Předseda",3064,"Mgr. Alice Strnadová, MBA",""
213,"Pracovní skupina pro nastavení systémových změn v odbornosti zdravotnický záchranář","SZ/OZPO","Místopředseda",716,"Mgr. Lenka Hladíková",""
213,"Pracovní skupina pro nastavení systémových změn v odbornosti zdravotnický záchranář","SZ/OZPO","Tajemník",4041,"Bc. Lenka Šnajdrová",""
213,"Pracovní skupina pro nastavení systémových změn v odbornosti zdravotnický záchranář","SZ/OZPO","Členové",4043,"Mgr. Bc. Petr Bureš, MBA",""
213,"Pracovní skupina pro nastavení systémových změn v odbornosti zdravotnický záchranář","SZ/OZPO","Členové",4076,"Mgr. Petr Davídek",""
213,"Pracovní skupina pro nastavení systémových změn v odbornosti zdravotnický záchranář","SZ/OZPO","Členové",602,"MUDr. Roman Gřegoř, MBA",""
213,"Pracovní skupina pro nastavení systémových změn v odbornosti zdravotnický záchranář","SZ/OZPO","Členové",858,"PhDr. Mgr. Bc. Vladimír Husárek, DiS., MBA, LL.M.",""
213,"Pracovní skupina pro nastavení systémových změn v odbornosti zdravotnický záchranář","SZ/OZPO","Členové",3904,"Mgr. Bc. Pavel Kurek, DiS.",""
213,"Pracovní skupina pro nastavení systémových změn v odbornosti zdravotnický záchranář","SZ/OZPO","Členové",4044,"PhDr. Ing. Petr Matouch",""
213,"Pracovní skupina pro nastavení systémových změn v odbornosti zdravotnický záchranář","SZ/OZPO","Členové",3304,"PhDr. David Peřan, Ph.D., FERC",""
213,"Pracovní skupina pro nastavení systémových změn v odbornosti zdravotnický záchranář","SZ/OZPO","Členové",2744,"Mgr. Zuzana Pražáková",""
213,"Pracovní skupina pro nastavení systémových změn v odbornosti zdravotnický záchranář","SZ/OZPO","Členové",2078,"Mgr. Mario Pytel",""
213,"Pracovní skupina pro nastavení systémových změn v odbornosti zdravotnický záchranář","SZ/OZPO","Členové",2207,"Mgr. Renata Sasová",""
213,"Pracovní skupina pro nastavení systémových změn v odbornosti zdravotnický záchranář","SZ/OZPO","Členové",3209,"Mgr. Lenka Smolová",""
213,"Pracovní skupina pro nastavení systémových změn v odbornosti zdravotnický záchranář","SZ/OZPO","Členové",4045,"Mgr. Markéta Vyhnanovská, MBA",""
213,"Pracovní skupina pro nastavení systémových změn v odbornosti zdravotnický záchranář","SZ/OZPO","Členové",3029,"Bc. Dagmar Žitníková",""
218,"Pracovní skupina pro koncepci neurorehabilitační péče v ČR","SZ/OZP","Předseda",2507,"Ing. Mgr. Venuše Škampová","Ministerstvo zdravotnictví"
218,"Pracovní skupina pro koncepci neurorehabilitační péče v ČR","SZ/OZP","Místopředseda",1071,"Mgr. Blanka Kavková","Ministerstvo zdravotnictví"
218,"Pracovní skupina pro koncepci neurorehabilitační péče v ČR","SZ/OZP","Tajemník",4069,"Bc. Aneta Hroníková","Ministerstvo zdravotnictví"
218,"Pracovní skupina pro koncepci neurorehabilitační péče v ČR","SZ/OZP","Členové",4072,"Mgr. Ilona Benková","Česká neurorehabilitační společnost, z. s."
218,"Pracovní skupina pro koncepci neurorehabilitační péče v ČR","SZ/OZP","Členové",499,"Mgr. Marta Faiereislová","Ministerstvo zdravotnictví"
218,"Pracovní skupina pro koncepci neurorehabilitační péče v ČR","SZ/OZP","Členové",4070,"prof. MUDr. Marcela Grünerová-Lippertová, Ph.D.","Česká neurorehabilitační společnost, z. s."
218,"Pracovní skupina pro koncepci neurorehabilitační péče v ČR","SZ/OZP","Členové",666,"MUDr. Miluše Havlová","Všeobecná zdravotní pojišťovna ČR"
218,"Pracovní skupina pro koncepci neurorehabilitační péče v ČR","SZ/OZP","Členové",3264,"prof. MUDr. Robert Jech, Ph.D.","Česká neurologická společnost ČLS JEP"
218,"Pracovní skupina pro koncepci neurorehabilitační péče v ČR","SZ/OZP","Členové",3925,"Drahoslava Kolací","Sdružení pro rehabilitaci osob po cévních mozkových příhodách, z. s."
218,"Pracovní skupina pro koncepci neurorehabilitační péče v ČR","SZ/OZP","Členové",1213,"MUDr. Martina Kövári, MHA","Společnost pro rehabilitační a fyzikální medicínu ČLS JEP"
218,"Pracovní skupina pro koncepci neurorehabilitační péče v ČR","SZ/OZP","Členové",3396,"Ing. Olga Laaksonen","Ministerstvo zdravotnictví"
218,"Pracovní skupina pro koncepci neurorehabilitační péče v ČR","SZ/OZP","Členové",3109,"MUDr. Iveta Matějovská, CSc.","Ministerstvo zdravotnictví"
218,"Pracovní skupina pro koncepci neurorehabilitační péče v ČR","SZ/OZP","Členové",4075,"Mgr. Ondřej Němeček","Unie fyzioterapeutů ČR"
218,"Pracovní skupina pro koncepci neurorehabilitační péče v ČR","SZ/OZP","Členové",4071,"Mgr. Jakub Pětioký, MBA","Česká neurorehabilitační společnost, z. s."
218,"Pracovní skupina pro koncepci neurorehabilitační péče v ČR","SZ/OZP","Členové",4074,"Mgr. Anna Rejtarová","Česká asociace ergoterapeutů"
218,"Pracovní skupina pro koncepci neurorehabilitační péče v ČR","SZ/OZP","Členové",2305,"prof. MUDr. Martin Smrčka, Ph.D., MBA","Česká neurochirurgická společnost ČLS JEP"
218,"Pracovní skupina pro koncepci neurorehabilitační péče v ČR","SZ/OZP","Členové",3367,"JUDr. Mgr. Vladimíra Těšitelová, LL.M.","Ústav zdravotnických informací a statistiky ČR"
218,"Pracovní skupina pro koncepci neurorehabilitační péče v ČR","SZ/OZP","Členové",4067,"Mgr. Zdeněk Třískala","Ministerstvo zdravotnictví"
218,"Pracovní skupina pro koncepci neurorehabilitační péče v ČR","SZ/OZP","Členové",4073,"MUDr. Ivana Vacková","Svaz zdravotních pojišťoven ČR"
220,"Meziresortní pracovní skupiny k výkonu rozsudku V proti ČR","SZ/OZP","Předseda",4195,"MUDr. Patrik Zachar",""
220,"Meziresortní pracovní skupiny k výkonu rozsudku V proti ČR","SZ/OZP","Místopředseda",4091,"plk. Mgr. Kateřina Hlaváčová, Ph.D.",""
220,"Meziresortní pracovní skupiny k výkonu rozsudku V proti ČR","SZ/OZP","Místopředseda",3733,"Mgr. Ivana Svobodová",""
220,"Meziresortní pracovní skupiny k výkonu rozsudku V proti ČR","SZ/OZP","Členové",4094,"Mgr. Alena Fikejzová",""
220,"Meziresortní pracovní skupiny k výkonu rozsudku V proti ČR","SZ/OZP","Členové",4089,"MUDr. Tomáš Gottvald, MHA",""
220,"Meziresortní pracovní skupiny k výkonu rozsudku V proti ČR","SZ/OZP","Členové",4090,"Mgr. Jan Hudáč",""
220,"Meziresortní pracovní skupiny k výkonu rozsudku V proti ČR","SZ/OZP","Členové",4093,"JUDr. Vladimír Janoušek Pysk, LL.M.",""
220,"Meziresortní pracovní skupiny k výkonu rozsudku V proti ČR","SZ/OZP","Členové",4086,"plk. Mgr. Bc. Radek Karlík",""
220,"Meziresortní pracovní skupiny k výkonu rozsudku V proti ČR","SZ/OZP","Členové",1154,"Mgr. Jitka Kolmanová",""
220,"Meziresortní pracovní skupiny k výkonu rozsudku V proti ČR","SZ/OZP","Členové",3787,"Mgr. Miroslav Kršiak",""
220,"Meziresortní pracovní skupiny k výkonu rozsudku V proti ČR","SZ/OZP","Členové",4092,"JUDr. Jana Martinková, Ph.D., LL.M.",""
220,"Meziresortní pracovní skupiny k výkonu rozsudku V proti ČR","SZ/OZP","Členové",4277,"pplk. Mgr. Bc. Martin Pech, DiS.",""
220,"Meziresortní pracovní skupiny k výkonu rozsudku V proti ČR","SZ/OZP","Členové",1894,"Mgr. Jaroslav Pekara, Ph.D.",""
220,"Meziresortní pracovní skupiny k výkonu rozsudku V proti ČR","SZ/OZP","Členové",1915,"Mgr. Tomáš Petr, Ph.D.",""
220,"Meziresortní pracovní skupiny k výkonu rozsudku V proti ČR","SZ/OZP","Členové",4087,"plk. Mgr. Jiří Stejskal",""
220,"Meziresortní pracovní skupiny k výkonu rozsudku V proti ČR","SZ/OZP","Členové",2488,"MUDr. Petr Šilhán, Ph.D.",""
220,"Meziresortní pracovní skupiny k výkonu rozsudku V proti ČR","SZ/OZP","Členové",4276,"Mgr. Zlata van Beek",""
220,"Meziresortní pracovní skupiny k výkonu rozsudku V proti ČR","SZ/OZP","Členové",4199,"Mgr. Marie Židův",""
221,"Komise pro podporu diagnostiky a léčby rakoviny slinivky břišní","ÚZIS","Předseda",2961,"prof. MUDr. Miroslav Zavoral, Ph.D.","Společnost pro gastrointestinální onkologii ČLS JEP"
221,"Komise pro podporu diagnostiky a léčby rakoviny slinivky břišní","ÚZIS","Místopředseda",4112,"Mgr. Ondřej Ngo, Ph.D.","Národní screeningové centrum ÚZIS ČR"
221,"Komise pro podporu diagnostiky a léčby rakoviny slinivky břišní","ÚZIS","Tajemník",3263,"PhDr. Karel Hejduk","Národní screeningové centrum ÚZIS ČR"
221,"Komise pro podporu diagnostiky a léčby rakoviny slinivky břišní","ÚZIS","Členové",4113,"prof. MUDr. Ondřej Daum, Ph.D.","Společnost českých patologů ČLS JEP"
221,"Komise pro podporu diagnostiky a léčby rakoviny slinivky břišní","ÚZIS","Členové",381,"doc. MUDr. Martin Doležel, Ph.D.","Společnost radiační onkologie, biologie a fyziky ČLS JEP"
221,"Komise pro podporu diagnostiky a léčby rakoviny slinivky břišní","ÚZIS","Členové",450,"prof. RNDr. Ladislav Dušek, Ph.D.","Ústav zdravotnických informací a statistiky ČR"
221,"Komise pro podporu diagnostiky a léčby rakoviny slinivky břišní","ÚZIS","Členové",4111,"prof. MUDr. Tomáš Hucl, Ph.D.","Společnost pro gastrointestinální onkologii ČLS JEP"
221,"Komise pro podporu diagnostiky a léčby rakoviny slinivky břišní","ÚZIS","Členové",4114,"MUDr. Alena Jeníková","Všeobecná zdravotní pojišťovna ČR"
221,"Komise pro podporu diagnostiky a léčby rakoviny slinivky břišní","ÚZIS","Členové",1030,"prof. MUDr. Zdeněk Kala, CSc.","Česká chirurgická společnost ČLS JEP"
221,"Komise pro podporu diagnostiky a léčby rakoviny slinivky břišní","ÚZIS","Členové",1071,"Mgr. Blanka Kavková","Odbor zdravotní péče MZD"
221,"Komise pro podporu diagnostiky a léčby rakoviny slinivky břišní","ÚZIS","Členové",4115,"PhDr. Miloslav Klugar, Ph.D.","Metodické centrum NIKEZ"
221,"Komise pro podporu diagnostiky a léčby rakoviny slinivky břišní","ÚZIS","Členové",4117,"MUDr. Monika Koudová, MBA","Společnost lékařské genetiky a genomiky ČLS JEP"
221,"Komise pro podporu diagnostiky a léčby rakoviny slinivky břišní","ÚZIS","Členové",1329,"MUDr. Vladimír Kučera","Svaz zdravotních pojišťoven ČR"
221,"Komise pro podporu diagnostiky a léčby rakoviny slinivky břišní","ÚZIS","Členové",3876,"prof. MUDr. Ing. Lukáš Lambert, Ph.D., MBA","Česká radiologická společnost ČLS JEP"
221,"Komise pro podporu diagnostiky a léčby rakoviny slinivky břišní","ÚZIS","Členové",4110,"doc. MUDr. Martin Loveček, Ph.D., MHA","Společnost pro gastrointestinální onkologii ČLS JEP"
221,"Komise pro podporu diagnostiky a léčby rakoviny slinivky břišní","ÚZIS","Členové",3172,"RNDr. Ondřej Májek, Ph.D.","Národní screeningové centrum ÚZIS ČR"
221,"Komise pro podporu diagnostiky a léčby rakoviny slinivky břišní","ÚZIS","Členové",3109,"MUDr. Iveta Matějovská, CSc.","Odbor regulace cen a úhrad MZD"
221,"Komise pro podporu diagnostiky a léčby rakoviny slinivky břišní","ÚZIS","Členové",2226,"doc. MUDr. Bohumil Seifert, Ph.D.","Společnost všeobecného lékařství"
221,"Komise pro podporu diagnostiky a léčby rakoviny slinivky břišní","ÚZIS","Členové",3929,"Mgr. Šárka Slavíková","Pacientská rada ministra zdravotnictví"
221,"Komise pro podporu diagnostiky a léčby rakoviny slinivky břišní","ÚZIS","Členové",2339,"doc. Ing. Drahomíra Springer, Ph.D.","Česká společnost klinické biochemie ČLS JEP"
221,"Komise pro podporu diagnostiky a léčby rakoviny slinivky břišní","ÚZIS","Členové",3486,"prof. MUDr. Marek Svoboda, Ph.D.","Česká onkologická společnost ČLS JEP"
221,"Komise pro podporu diagnostiky a léčby rakoviny slinivky břišní","ÚZIS","Členové",2517,"prof. MUDr. Jan Škrha, DrSc., MBA","Česká diabetologická společnost ČLS JEP"
221,"Komise pro podporu diagnostiky a léčby rakoviny slinivky břišní","ÚZIS","Členové",2547,"MUDr. Petr Šonka","Sdružení praktických lékařů ČR"
221,"Komise pro podporu diagnostiky a léčby rakoviny slinivky břišní","ÚZIS","Členové",3993,"doc. MUDr. Ilja Tachecí, Ph.D.","Česká gastroenterologická společnost ČLS JEP"
221,"Komise pro podporu diagnostiky a léčby rakoviny slinivky břišní","ÚZIS","Členové",4118,"prof. MUDr. Ondřej Urban, Ph.D.","Česká gastroenterologická společnost ČLS JEP"
222,"Pracovní skupina pro bakteriofágovou terapii","SZT/OLZP","Předseda",3919,"Mgr. Jakub Dvořáček, MHA, LL.M.",""
222,"Pracovní skupina pro bakteriofágovou terapii","SZT/OLZP","Místopředseda",3975,"Mgr. Daniela Rrahmaniová",""
222,"Pracovní skupina pro bakteriofágovou terapii","SZT/OLZP","Tajemník",1411,"Mgr. Miroslava Linhartová",""
222,"Pracovní skupina pro bakteriofágovou terapii","SZT/OLZP","Členové",4126,"as. MUDr. Radek Bartoška, Ph.D.",""
222,"Pracovní skupina pro bakteriofágovou terapii","SZT/OLZP","Členové",3307,"MUDr. Tomáš Boráň",""
222,"Pracovní skupina pro bakteriofágovou terapii","SZT/OLZP","Členové",4127,"Ing. Milan Buňata",""
222,"Pracovní skupina pro bakteriofágovou terapii","SZT/OLZP","Členové",3531,"prof. MUDr. Pavel Dřevínek, Ph.D.",""
222,"Pracovní skupina pro bakteriofágovou terapii","SZT/OLZP","Členové",610,"doc. MUDr. Marián Hajdúch, Ph.D.",""
222,"Pracovní skupina pro bakteriofágovou terapii","SZT/OLZP","Členové",760,"prof. MUDr. Michal Holub, Ph.D.",""
222,"Pracovní skupina pro bakteriofágovou terapii","SZT/OLZP","Členové",4121,"Ing. Daniel Holý",""
222,"Pracovní skupina pro bakteriofágovou terapii","SZT/OLZP","Členové",4125,"pplk. PharmDr. Michal Kočí",""
222,"Pracovní skupina pro bakteriofágovou terapii","SZT/OLZP","Členové",4035,"Mgr. David Kolář",""
222,"Pracovní skupina pro bakteriofágovou terapii","SZT/OLZP","Členové",4128,"RNDr. Marek Moša, Ph.D.",""
222,"Pracovní skupina pro bakteriofágovou terapii","SZT/OLZP","Členové",4120,"PharmDr. František Pavlík",""
222,"Pracovní skupina pro bakteriofágovou terapii","SZT/OLZP","Členové",4123,"MUDr. Jana Šípková",""
222,"Pracovní skupina pro bakteriofágovou terapii","SZT/OLZP","Členové",4122,"MUDr. Romana Švejdová",""
222,"Pracovní skupina pro bakteriofágovou terapii","SZT/OLZP","Členové",4130,"Ing. Marie Vávrová",""
222,"Pracovní skupina pro bakteriofágovou terapii","SZT/OLZP","Členové",4032,"PharmDr. Jakub Velík, Ph.D.",""
222,"Pracovní skupina pro bakteriofágovou terapii","SZT/OLZP","Členové",4124,"Ing. Magdalena Vondráčková, Ph.D.",""
222,"Pracovní skupina pro bakteriofágovou terapii","SZT/OLZP","Členové",4129,"RNDr. Juraj Vronka",""
222,"Pracovní skupina pro bakteriofágovou terapii","SZT/OLZP","Členové",3118,"Mgr. Simona Zábranská",""
224,"Komise pro novorozenecký laboratorní screening","ÚZIS","Předseda",3263,"PhDr. Karel Hejduk","Národní screeningové centrum, ÚZIS ČR"
224,"Komise pro novorozenecký laboratorní screening","ÚZIS","Místopředseda",771,"prof. MUDr. Tomáš Honzík, Ph.D.","Česká pediatrická společnost ČLS JEP"
224,"Komise pro novorozenecký laboratorní screening","ÚZIS","Místopředseda",3698,"Ing. Karolína Pešková","Všeobecná fakultní nemocnice Praha - Klinika pediatrie a dědičných poruch metabolismu"
224,"Komise pro novorozenecký laboratorní screening","ÚZIS","Členové",4206,"Ing. Markéta Benešová, MHA","Svaz zdravotních pojišťoven ČR"
224,"Komise pro novorozenecký laboratorní screening","ÚZIS","Členové",4205,"doc. MUDr. Markéta Bloomfield, Ph.D.","Česká společnost alergologie a klinické imunologie ČLS JEP"
224,"Komise pro novorozenecký laboratorní screening","ÚZIS","Členové",213,"Ing. René Břečťan","Česká asociace pro vzácná onemocnění"
224,"Komise pro novorozenecký laboratorní screening","ÚZIS","Členové",3697,"MUDr. Iva Burianová","Česká neonatologická společnost ČLS JEP"
224,"Komise pro novorozenecký laboratorní screening","ÚZIS","Členové",4203,"doc. MUDr. Jan David, Ph.D.","Česká pediatrická společnost ČLS JEP"
224,"Komise pro novorozenecký laboratorní screening","ÚZIS","Členové",4077,"MUDr. Zuzana Elbertová","Všeobecná zdravotní pojišťovna"
224,"Komise pro novorozenecký laboratorní screening","ÚZIS","Členové",3601,"doc. Mgr. Věra Franková, Ph.D. et Ph.D.","Společnost lékařské etiky ČLS JEP"
224,"Komise pro novorozenecký laboratorní screening","ÚZIS","Členové",4208,"prof. RNDr. David Friedecký, Ph.D.","Fakultní nemocnice Olomouc - Oddělení klinické biochemie"
224,"Komise pro novorozenecký laboratorní screening","ÚZIS","Členové",608,"MUDr. Jana Haberlová, Ph.D.","Společnost dětské neurologie ČLS JEP"
224,"Komise pro novorozenecký laboratorní screening","ÚZIS","Členové",852,"MUDr. Ilona Hülleová","Sdružení praktických lékařů pro děti a dorost"
224,"Komise pro novorozenecký laboratorní screening","ÚZIS","Členové",4204,"Ing. Petr Chrastina","Česká společnost klinické biochemie, ČLS JEP"
224,"Komise pro novorozenecký laboratorní screening","ÚZIS","Členové",4207,"PharmDr. Kateřina Chreňová","Národní centrum medicínské nomenklatury a klasifikace, ÚZIS ČR"
224,"Komise pro novorozenecký laboratorní screening","ÚZIS","Členové",4202,"doc. MUDr. Petr Jabandžiev, Ph.D.","Česká pediatrická společnost ČLS JEP"
224,"Komise pro novorozenecký laboratorní screening","ÚZIS","Členové",3726,"Bc. Michaela Kolářová, MBA","Česká asociace sester"
224,"Komise pro novorozenecký laboratorní screening","ÚZIS","Členové",1451,"prof. MUDr. Milan Macek, Jr., DrSc., MHA","FN Motol: Ústav biologie a lékařské genetiky 2. LF UK a FN Motol"
224,"Komise pro novorozenecký laboratorní screening","ÚZIS","Členové",3172,"RNDr. Ondřej Májek, Ph.D.","Národní screeningové centrum, ÚZIS ČR"
224,"Komise pro novorozenecký laboratorní screening","ÚZIS","Členové",3109,"MUDr. Iveta Matějovská, CSc.","Odbor regulace cen a úhrad MZd ČR"
224,"Komise pro novorozenecký laboratorní screening","ÚZIS","Členové",4210,"prof. RNDr. Šárka Pospíšilová, Ph.D.","Fakultní nemocnice Brno - Ústav lékařské genetiky a genomiky"
224,"Komise pro novorozenecký laboratorní screening","ÚZIS","Členové",3905,"prim. MUDr. Antonín Šípek Jr., Ph.D.","Společnost lékařské genetiky a genomiky ČLS JEP"
224,"Komise pro novorozenecký laboratorní screening","ÚZIS","Členové",2715,"Ing. Štěpánka Tyburcová","Odbor zdravotní péče MZd ČR"
224,"Komise pro novorozenecký laboratorní screening","ÚZIS","Členové",4209,"MUDr. Hana Vinohradská","Fakultní nemocnice Brno - Oddělení dětské hematologie a biochemie"
224,"Komise pro novorozenecký laboratorní screening","ÚZIS","Členové",2872,"doc. MUDr. Felix Votava, Ph.D.","FN Královské Vinohrady: Oddělení dětí a dorostu – Laboratoř Novorozeneckého screeningu"
224,"Komise pro novorozenecký laboratorní screening","ÚZIS","Členové",2996,"MUDr. Zdeněk Zíma","Odborná společnost praktických dětských lékařů ČLS JEP"
225,"Koncepční pracovní skupina pro přípravu budoucího programového období kohezní politiky EU 2028+","SE/EFI","Předseda",2954,"Mgr. Jan Zapletal","vrchní ředitel pro ekonomiku a zdravotní pojištění MZD"
225,"Koncepční pracovní skupina pro přípravu budoucího programového období kohezní politiky EU 2028+","SE/EFI","Místopředseda",2507,"Ing. Mgr. Venuše Škampová","pověřená vrchní ředitelka pro zdravotní péči MZD"
225,"Koncepční pracovní skupina pro přípravu budoucího programového období kohezní politiky EU 2028+","SE/EFI","Tajemník",4155,"Ing. Stanislava Polanecká","odbor evropských fondů a investičního rozvoje MZD"
225,"Koncepční pracovní skupina pro přípravu budoucího programového období kohezní politiky EU 2028+","SE/EFI","Členové",28,"Bc. Anna Arellanesová","zástupkyně pacientů nominovaný Pacientskou radou ministra zdravotnictví"
225,"Koncepční pracovní skupina pro přípravu budoucího programového období kohezní politiky EU 2028+","SE/EFI","Členové",45,"Mgr. Martin Balada, LL.M.","zástupce Svazu zdravotních pojišťoven ČR"
225,"Koncepční pracovní skupina pro přípravu budoucího programového období kohezní politiky EU 2028+","SE/EFI","Členové",3791,"PhDr. Mgr. Jan Bodnár, LL.M.","zástupce Všeobecné zdravotní pojišťovny ČR"
225,"Koncepční pracovní skupina pro přípravu budoucího programového období kohezní politiky EU 2028+","SE/EFI","Členové",3308,"Mgr. Bc. Kateřina Grygarová","ředitelka odboru evropských fondů a investičního rozvoje MZD"
225,"Koncepční pracovní skupina pro přípravu budoucího programového období kohezní politiky EU 2028+","SE/EFI","Členové",4151,"Libor Helis","zástupce Svazu měst a obcí ČR"
225,"Koncepční pracovní skupina pro přípravu budoucího programového období kohezní politiky EU 2028+","SE/EFI","Členové",4150,"Mgr. Gabriela Hůlková","zástupkyně Svazu měst a obcí ČR"
225,"Koncepční pracovní skupina pro přípravu budoucího programového období kohezní politiky EU 2028+","SE/EFI","Členové",956,"prof. MUDr. Pavel Jansa, Ph.D.","zástupce České biskupské konference"
225,"Koncepční pracovní skupina pro přípravu budoucího programového období kohezní politiky EU 2028+","SE/EFI","Členové",4149,"Mgr. Michaela Klapková","zástupkyně Všeobecné zdravotní pojišťovny ČR"
225,"Koncepční pracovní skupina pro přípravu budoucího programového období kohezní politiky EU 2028+","SE/EFI","Členové",1453,"MUDr. Barbora Macková, MHA","hlavní hygienička ČR a ředitelka Státního zdravotního ústavu"
225,"Koncepční pracovní skupina pro přípravu budoucího programového období kohezní politiky EU 2028+","SE/EFI","Členové",1616,"Ing. Jan Michálek","ředitel odboru přímo řízených organizací MZD"
225,"Koncepční pracovní skupina pro přípravu budoucího programového období kohezní politiky EU 2028+","SE/EFI","Členové",4152,"Mgr. Zdeněk Semorád","zástupce Asociace krajů ČR"
225,"Koncepční pracovní skupina pro přípravu budoucího programového období kohezní politiky EU 2028+","SE/EFI","Členové",4148,"Eva Schönherrová","zástupce České biskupské konference"
225,"Koncepční pracovní skupina pro přípravu budoucího programového období kohezní politiky EU 2028+","SE/EFI","Členové",3749,"RNDr. Jitka Soukupová","zástupkyně Ústavu zdravotnických informací a statistiky ČR"
225,"Koncepční pracovní skupina pro přípravu budoucího programového období kohezní politiky EU 2028+","SE/EFI","Členové",2692,"Mgr. Tomáš Troch","ředitel odboru regulace cen a úhrad MZD"
225,"Koncepční pracovní skupina pro přípravu budoucího programového období kohezní politiky EU 2028+","SE/EFI","Hosté",5,"MUDr. Jan Adámek","Ministerstvo pro místní rozvoj"
225,"Koncepční pracovní skupina pro přípravu budoucího programového období kohezní politiky EU 2028+","SE/EFI","Hosté",3175,"Mgr. Kateřina Dimitrovová","zástupkyně odboru evropských fondů a investičního rozvoje MZD"
225,"Koncepční pracovní skupina pro přípravu budoucího programového období kohezní politiky EU 2028+","SE/EFI","Hosté",3820,"Mgr. Matyáš Fošum, Ph.D.","ředitel odboru ochrany veřejného zdraví MZD"
225,"Koncepční pracovní skupina pro přípravu budoucího programového období kohezní politiky EU 2028+","SE/EFI","Hosté",4154,"Ing. Pavla Jurášková","Ministerstvo pro místní rozvoj"
225,"Koncepční pracovní skupina pro přípravu budoucího programového období kohezní politiky EU 2028+","SE/EFI","Hosté",1071,"Mgr. Blanka Kavková","zástupkyně odboru zdravotní péče MZD"
225,"Koncepční pracovní skupina pro přípravu budoucího programového období kohezní politiky EU 2028+","SE/EFI","Hosté",4108,"Ing. Michaela Matoušková, MPA, MHA","náměstkyně ministra"
226,"Poradní sbor pro lékovou politiku","SZT/OLZP","Předseda",4196,"Ing. Mgr. Markéta Foldyna Hellová, MHA",""
226,"Poradní sbor pro lékovou politiku","SZT/OLZP","Místopředseda",4076,"Mgr. Petr Davídek",""
226,"Poradní sbor pro lékovou politiku","SZT/OLZP","Členové",3307,"MUDr. Tomáš Boráň",""
226,"Poradní sbor pro lékovou politiku","SZT/OLZP","Členové",4227,"MUDr. Tomáš Doležal, Ph.D.",""
226,"Poradní sbor pro lékovou politiku","SZT/OLZP","Členové",3975,"Mgr. Daniela Rrahmaniová",""
226,"Poradní sbor pro lékovou politiku","SZT/OLZP","Členové",4096,"Mgr. Stanislav Verosta",""
227,"Pracovní skupina pro reformu veřejného zdraví v ČR","HH/OVZ","Předseda",1458,"doc. MUDr. Rastislav Maďar, Ph.D., MBA, FRCPS",""
227,"Pracovní skupina pro reformu veřejného zdraví v ČR","HH/OVZ","Místopředseda",1453,"MUDr. Barbora Macková, MHA",""
227,"Pracovní skupina pro reformu veřejného zdraví v ČR","HH/OVZ","Tajemník",3820,"Mgr. Matyáš Fošum, Ph.D.",""
227,"Pracovní skupina pro reformu veřejného zdraví v ČR","HH/OVZ","Členové",450,"prof. RNDr. Ladislav Dušek, Ph.D.",""
227,"Pracovní skupina pro reformu veřejného zdraví v ČR","HH/OVZ","Členové",3184,"Mgr. Petr Jarema",""
227,"Pracovní skupina pro reformu veřejného zdraví v ČR","HH/OVZ","Členové",3532,"Ing. Eduard Ježo",""
227,"Pracovní skupina pro reformu veřejného zdraví v ČR","HH/OVZ","Členové",1254,"Mgr. Lucie Krausová",""
227,"Pracovní skupina pro reformu veřejného zdraví v ČR","HH/OVZ","Členové",4214,"Ing. Jana Loosová, Ph.D.",""
227,"Pracovní skupina pro reformu veřejného zdraví v ČR","HH/OVZ","Členové",3909,"MUDr. Eliška Selinger, MSc.",""
227,"Pracovní skupina pro reformu veřejného zdraví v ČR","HH/OVZ","Členové",2322,"Ing. Jitka Sosnovcová",""
227,"Pracovní skupina pro reformu veřejného zdraví v ČR","HH/OVZ","Členové",3275,"JUDr. Ladislav Švec",""
227,"Pracovní skupina pro reformu veřejného zdraví v ČR","HH/OVZ","Členové",3822,"MUDr. Michael Vít, Ph.D.",""
227,"Pracovní skupina pro reformu veřejného zdraví v ČR","HH/OVZ","Členové",4215,"Mgr. Tomáš Vodný",""
228,"Pracovní skupina k problematice vzdělávání lékařských zdravotnických pracovníků","SZ/OZPO","Členové",1954,"doc. MUDr. Stanislav Plíšek, Ph.D.",""
228,"Pracovní skupina k problematice vzdělávání lékařských zdravotnických pracovníků","SZ/OZPO","Členové",2175,"prof. MUDr. Romana Ryšavá, CSc.",""
228,"Pracovní skupina k problematice vzdělávání lékařských zdravotnických pracovníků","SZ/OZPO","Členové",2592,"prof. MUDr. Jaroslav Štěrba, Ph.D.",""
230,"Národní rada komplexních onkologických center","SZ/OZP","Členové",40,"prof. MUDr. Marek Babjuk, CSc.","Asociace děkanů LF"
230,"Národní rada komplexních onkologických center","SZ/OZP","Členové",70,"MUDr. Jiří Bartoš, MBA","KOC KN Liberec"
230,"Národní rada komplexních onkologických center","SZ/OZP","Členové",221,"prof. MUDr. Tomáš Büchler, Ph.D.","FN Motol a Homolka"
230,"Národní rada komplexních onkologických center","SZ/OZP","Členové",275,"MUDr. Ing. Jakub Cvek, Ph.D.","KOC FN Ostrava"
230,"Národní rada komplexních onkologických center","SZ/OZP","Členové",4246,"prof. MUDr. Martin Doležal, Ph.D.","Společnost radiační onkologie, biologie a fyziky ČLS JEP"
230,"Národní rada komplexních onkologických center","SZ/OZP","Členové",450,"prof. RNDr. Ladislav Dušek, Ph.D.","ÚZIS ČR"
230,"Národní rada komplexních onkologických center","SZ/OZP","Členové",536,"prof. MUDr. Jindřich Fínek, Ph.D.","KOC FN Plzeň"
230,"Národní rada komplexních onkologických center","SZ/OZP","Členové",4225,"MUDr. Tomáš Hauer","Ministerstvo zdravotnictví"
230,"Národní rada komplexních onkologických center","SZ/OZP","Členové",3663,"Ing. Miroslav Jankůj, Ph.D.","VZP ČR"
230,"Národní rada komplexních onkologických center","SZ/OZP","Členové",4245,"MUDr. Kateřina Jirsová","Zástupce ROC"
230,"Národní rada komplexních onkologických center","SZ/OZP","Členové",4239,"MUDr. Tatiana Karpianusová","KOC Nemocnice České Budějovice"
230,"Národní rada komplexních onkologických center","SZ/OZP","Členové",4147,"prof. MUDr. Igor Kiss, Ph.D., MBA","Česká onkologická společnost ČLS JEP"
230,"Národní rada komplexních onkologických center","SZ/OZP","Členové",1110,"MUDr. Renata Knorová, MBA","Svaz zdravotních pojišťoven"
230,"Národní rada komplexních onkologických center","SZ/OZP","Členové",4243,"MUDr. Hana Korunková","spolupracující pracoviště Karlovy Vary"
230,"Národní rada komplexních onkologických center","SZ/OZP","Členové",1597,"prof. MUDr. Bohuslav Melichar, Ph.D.","KOC FN Olomouc"
230,"Národní rada komplexních onkologických center","SZ/OZP","Členové",3886,"prof. MUDr. Jiří Moláček, Ph.D.","Česká chirurgická společnost ČLS JEP"
230,"Národní rada komplexních onkologických center","SZ/OZP","Členové",1795,"prof. MUDr. Karel Odrážka, Ph.D.","KOC Pardubického kraje"
230,"Národní rada komplexních onkologických center","SZ/OZP","Členové",4238,"MUDr. Markéta Pospíšková, Ph.D.","KOC KN Zlín"
230,"Národní rada komplexních onkologických center","SZ/OZP","Členové",2020,"doc. MUDr. Jana Prausová, Ph.D., MBA","KOC MN Ústí nad Labem"
230,"Národní rada komplexních onkologických center","SZ/OZP","Členové",4240,"MUDr. Jaromír Richter","KOC Nový Jičín"
230,"Národní rada komplexních onkologických center","SZ/OZP","Členové",3274,"RNDr. Marian Rybář, MHA","Ministerstvo zdravotnictví"
230,"Národní rada komplexních onkologických center","SZ/OZP","Členové",2287,"MUDr. Lubomír Slavíček, Ph.D.","KOC Nemocnice Jihlava"
230,"Národní rada komplexních onkologických center","SZ/OZP","Členové",2330,"doc. MUDr. Renata Soumarová, Ph.D.","KOC FNKV Praha"
230,"Národní rada komplexních onkologických center","SZ/OZP","Členové",2419,"prof. MUDr. Marek Svoboda, Ph.D.","Masarykův onkologický ústav"
230,"Národní rada komplexních onkologických center","SZ/OZP","Členové",2507,"Ing. Mgr. Venuše Škampová","Ministerstvo zdravotnictví"
230,"Národní rada komplexních onkologických center","SZ/OZP","Členové",4244,"doc. MUDr. Lucie Šrámková, Ph.D.","DOC FN Motol a Homolka"
230,"Národní rada komplexních onkologických center","SZ/OZP","Členové",2592,"prof. MUDr. Jaroslav Štěrba, Ph.D.","DOC FN Brno"
230,"Národní rada komplexních onkologických center","SZ/OZP","Členové",2640,"prof. MUDr. Petra Tesařová, CSc.","KOC FN Bulovka"
230,"Národní rada komplexních onkologických center","SZ/OZP","Členové",2692,"Mgr. Tomáš Troch","Ministerstvo zdravotnictví"
230,"Národní rada komplexních onkologických center","SZ/OZP","Členové",4247,"Bc. Michaela Tůmová","Hlas onkologických pacientů"
230,"Národní rada komplexních onkologických center","SZ/OZP","Členové",4242,"doc. MUDr. Michal Vočka, Ph.D.","KOC Všeobecná fakultní nemocnice v Praze"
230,"Národní rada komplexních onkologických center","SZ/OZP","Členové",3684,"MUDr. Jitka Vojtová, MBA","Svaz zdravotních pojišťoven"
230,"Národní rada komplexních onkologických center","SZ/OZP","Členové",2871,"MUDr. Milan Vošmik","KOC FN Hradec Králové"
230,"Národní rada komplexních onkologických center","SZ/OZP","Členové",4195,"MUDr. Patrik Zachar","Ministerstvo zdravotnictví"
230,"Národní rada komplexních onkologických center","SZ/OZP","Členové",3021,"prof. MUDr. Pavel Žák, Ph.D.","Zástupce HOC"
231,"Pracovní skupina Digitálního zmocněnce pro adaptaci na plošné zavedení primárně elektronické formy vedení zdravotnické dokumentace v ČR","SCA/NCEZ","Předseda",4131,"Bc. Petr Foltýn",""
231,"Pracovní skupina Digitálního zmocněnce pro adaptaci na plošné zavedení primárně elektronické formy vedení zdravotnické dokumentace v ČR","SCA/NCEZ","Tajemník",2976,"Ing. Martin Zeman",""
232,"Pracovní skupina pro obezitu a diabetes v rámci Národního programu prevence a léčby obezity České republiky","NAM 2/OZP","Předseda",1054,"MUDr. Igor Karen",""
232,"Pracovní skupina pro obezitu a diabetes v rámci Národního programu prevence a léčby obezity České republiky","NAM 2/OZP","Tajemník",4018,"Mgr. Jana Velkoborská",""
232,"Pracovní skupina pro obezitu a diabetes v rámci Národního programu prevence a léčby obezity České republiky","NAM 2/OZP","Členové",4274,"doc. MUDr. Irena Aldhoon Hainerová, Ph.D.",""
232,"Pracovní skupina pro obezitu a diabetes v rámci Národního programu prevence a léčby obezity České republiky","NAM 2/OZP","Členové",3307,"MUDr. Tomáš Boráň",""
232,"Pracovní skupina pro obezitu a diabetes v rámci Národního programu prevence a léčby obezity České republiky","NAM 2/OZP","Členové",4271,"MUDr. Jan Boženský, MBA",""
232,"Pracovní skupina pro obezitu a diabetes v rámci Národního programu prevence a léčby obezity České republiky","NAM 2/OZP","Členové",4196,"Ing. Mgr. Markéta Foldyna Hellová, MHA",""
232,"Pracovní skupina pro obezitu a diabetes v rámci Národního programu prevence a léčby obezity České republiky","NAM 2/OZP","Členové",4270,"MUDr. Antonín Gabera",""
232,"Pracovní skupina pro obezitu a diabetes v rámci Národního programu prevence a léčby obezity České republiky","NAM 2/OZP","Členové",3696,"MUDr. Ladislav Hadravský, Ph.D.",""
232,"Pracovní skupina pro obezitu a diabetes v rámci Národního programu prevence a léčby obezity České republiky","NAM 2/OZP","Členové",4266,"prof. MUDr. Martin Haluzík, DrSc.",""
232,"Pracovní skupina pro obezitu a diabetes v rámci Národního programu prevence a léčby obezity České republiky","NAM 2/OZP","Členové",4028,"Mgr. Jana Havrdová, MPA",""
232,"Pracovní skupina pro obezitu a diabetes v rámci Národního programu prevence a léčby obezity České republiky","NAM 2/OZP","Členové",3663,"Ing. Miroslav Jankůj, Ph.D.",""
232,"Pracovní skupina pro obezitu a diabetes v rámci Národního programu prevence a léčby obezity České republiky","NAM 2/OZP","Členové",4267,"MUDr. Michal Krčma, Ph.D.",""
232,"Pracovní skupina pro obezitu a diabetes v rámci Národního programu prevence a léčby obezity České republiky","NAM 2/OZP","Členové",1366,"prof. MUDr. Milan Kvapil, CSc., MBA",""
232,"Pracovní skupina pro obezitu a diabetes v rámci Národního programu prevence a léčby obezity České republiky","NAM 2/OZP","Členové",1453,"MUDr. Barbora Macková, MHA",""
232,"Pracovní skupina pro obezitu a diabetes v rámci Národního programu prevence a léčby obezity České republiky","NAM 2/OZP","Členové",4022,"prof. MUDr. Martin Matoulek, Ph.D.",""
232,"Pracovní skupina pro obezitu a diabetes v rámci Národního programu prevence a léčby obezity České republiky","NAM 2/OZP","Členové",4272,"MUDr. Jakub Mitro, MBA",""
232,"Pracovní skupina pro obezitu a diabetes v rámci Národního programu prevence a léčby obezity České republiky","NAM 2/OZP","Členové",4268,"MUDr. Monika Nývltová",""
232,"Pracovní skupina pro obezitu a diabetes v rámci Národního programu prevence a léčby obezity České republiky","NAM 2/OZP","Členové",1803,"MUDr. Jindřich Olšovský, Ph.D.",""
232,"Pracovní skupina pro obezitu a diabetes v rámci Národního programu prevence a léčby obezity České republiky","NAM 2/OZP","Členové",2024,"prof. MUDr. Martin Prázný, Ph.D., CSc.",""
232,"Pracovní skupina pro obezitu a diabetes v rámci Národního programu prevence a léčby obezity České republiky","NAM 2/OZP","Členové",4269,"MUDr. Petr Sucharda, CSc.",""
232,"Pracovní skupina pro obezitu a diabetes v rámci Národního programu prevence a léčby obezity České republiky","NAM 2/OZP","Členové",2406,"prof. MUDr. Štěpán Svačina, DrSc., MBA",""
232,"Pracovní skupina pro obezitu a diabetes v rámci Národního programu prevence a léčby obezity České republiky","NAM 2/OZP","Členové",2507,"Ing. Mgr. Venuše Škampová",""
232,"Pracovní skupina pro obezitu a diabetes v rámci Národního programu prevence a léčby obezity České republiky","NAM 2/OZP","Členové",2527,"doc. MUDr. Alena Šmahelová, Ph.D.",""
232,"Pracovní skupina pro obezitu a diabetes v rámci Národního programu prevence a léčby obezity České republiky","NAM 2/OZP","Členové",2528,"MUDr. Petr Šmach",""
232,"Pracovní skupina pro obezitu a diabetes v rámci Národního programu prevence a léčby obezity České republiky","NAM 2/OZP","Členové",2547,"MUDr. Petr Šonka",""
232,"Pracovní skupina pro obezitu a diabetes v rámci Národního programu prevence a léčby obezity České republiky","NAM 2/OZP","Členové",3321,"MUDr. Jan Šoupal, Ph.D.",""
232,"Pracovní skupina pro obezitu a diabetes v rámci Národního programu prevence a léčby obezity České republiky","NAM 2/OZP","Členové",3568,"MUDr. Boris Šťastný",""
232,"Pracovní skupina pro obezitu a diabetes v rámci Národního programu prevence a léčby obezity České republiky","NAM 2/OZP","Členové",3139,"prof. MUDr. Zdeněk Šumník, Ph.D.",""
232,"Pracovní skupina pro obezitu a diabetes v rámci Národního programu prevence a léčby obezity České republiky","NAM 2/OZP","Členové",2877,"doc. MUDr. Jiří Votruba, Ph.D.",""
232,"Pracovní skupina pro obezitu a diabetes v rámci Národního programu prevence a léčby obezity České republiky","NAM 2/OZP","Členové",4273,"Ing. Jiří Zajíček",""
232,"Pracovní skupina pro obezitu a diabetes v rámci Národního programu prevence a léčby obezity České republiky","NAM 2/OZP","Členové",2996,"MUDr. Zdeněk Zíma",""
233,"Řídící rada Národního screeningového centra","ÚZIS/OZP","Předseda",2854,"Mgr. et Mgr. Adam Vojtěch, MHA",""
233,"Řídící rada Národního screeningového centra","ÚZIS/OZP","Místopředseda",4195,"MUDr. Patrik Zachar",""
233,"Řídící rada Národního screeningového centra","ÚZIS/OZP","Tajemník",3263,"PhDr. Karel Hejduk",""
233,"Řídící rada Národního screeningového centra","ÚZIS/OZP","Členové",450,"prof. RNDr. Ladislav Dušek, Ph.D.",""
233,"Řídící rada Národního screeningového centra","ÚZIS/OZP","Členové",456,"PhDr. Ivan Duškov, MSc.",""
233,"Řídící rada Národního screeningového centra","ÚZIS/OZP","Členové",4278,"MUDr. Bc. Tomáš Fiala, MBA",""
233,"Řídící rada Národního screeningového centra","ÚZIS/OZP","Členové",4196,"Ing. Mgr. Markéta Foldyna Hellová, MHA",""
233,"Řídící rada Národního screeningového centra","ÚZIS/OZP","Členové",4225,"MUDr. Tomáš Hauer",""
233,"Řídící rada Národního screeningového centra","ÚZIS/OZP","Členové",3184,"Mgr. Petr Jarema",""
233,"Řídící rada Národního screeningového centra","ÚZIS/OZP","Členové",1054,"MUDr. Igor Karen",""
233,"Řídící rada Národního screeningového centra","ÚZIS/OZP","Členové",3608,"MUDr. Jiří Mašek",""
233,"Řídící rada Národního screeningového centra","ÚZIS/OZP","Členové",3266,"Ing. David Šmehlík, MHA",""
233,"Řídící rada Národního screeningového centra","ÚZIS/OZP","Členové",4247,"Bc. Michaela Tůmová",""
233,"Řídící rada Národního screeningového centra","ÚZIS/OZP","Členové",2954,"Mgr. Jan Zapletal",""
234,"Výkonná rada Národního screeningového centra","ÚZIS/OZP","Předseda",3172,"RNDr. Ondřej Májek, Ph.D.",""
234,"Výkonná rada Národního screeningového centra","ÚZIS/OZP","Místopředseda",610,"doc. MUDr. Marián Hajdúch, Ph.D.",""
234,"Výkonná rada Národního screeningového centra","ÚZIS/OZP","Tajemník",3263,"PhDr. Karel Hejduk",""
234,"Výkonná rada Národního screeningového centra","ÚZIS/OZP","Členové",4171,"Mgr. Petra Adámková",""
234,"Výkonná rada Národního screeningového centra","ÚZIS/OZP","Členové",259,"Ing. Martina Cetelová",""
234,"Výkonná rada Národního screeningového centra","ÚZIS/OZP","Členové",450,"prof. RNDr. Ladislav Dušek, Ph.D.",""
234,"Výkonná rada Národního screeningového centra","ÚZIS/OZP","Členové",4196,"Ing. Mgr. Markéta Foldyna Hellová, MHA",""
234,"Výkonná rada Národního screeningového centra","ÚZIS/OZP","Členové",4225,"MUDr. Tomáš Hauer",""
234,"Výkonná rada Národního screeningového centra","ÚZIS/OZP","Členové",723,"Mgr. Jana Hlaváčová",""
234,"Výkonná rada Národního screeningového centra","ÚZIS/OZP","Členové",3274,"RNDr. Marian Rybář, MHA",""
234,"Výkonná rada Národního screeningového centra","ÚZIS/OZP","Členové",2507,"Ing. Mgr. Venuše Škampová",""
234,"Výkonná rada Národního screeningového centra","ÚZIS/OZP","Členové",4228,"doc. Dr. Rer. Nat. Aleš Tichopád, Ph.D.",""
234,"Výkonná rada Národního screeningového centra","ÚZIS/OZP","Členové",2692,"Mgr. Tomáš Troch",""
234,"Výkonná rada Národního screeningového centra","ÚZIS/OZP","Členové",4195,"MUDr. Patrik Zachar",""
235,"Pracovní skupina pro specializovanou zdravotní péči a Centra vysoce specializované zdravotní péče (CVSP)","SZ/OZP","Předseda",4225,"MUDr. Tomáš Hauer",""
235,"Pracovní skupina pro specializovanou zdravotní péči a Centra vysoce specializované zdravotní péče (CVSP)","SZ/OZP","Místopředseda",4195,"MUDr. Patrik Zachar",""
235,"Pracovní skupina pro specializovanou zdravotní péči a Centra vysoce specializované zdravotní péče (CVSP)","SZ/OZP","Členové",4283,"MUDr. Ing. Daniel Hodyc, Ph.D.",""
235,"Pracovní skupina pro specializovanou zdravotní péči a Centra vysoce specializované zdravotní péče (CVSP)","SZ/OZP","Členové",3274,"RNDr. Marian Rybář, MHA",""
235,"Pracovní skupina pro specializovanou zdravotní péči a Centra vysoce specializované zdravotní péče (CVSP)","SZ/OZP","Členové",2507,"Ing. Mgr. Venuše Škampová",""
235,"Pracovní skupina pro specializovanou zdravotní péči a Centra vysoce specializované zdravotní péče (CVSP)","SZ/OZP","Členové",2692,"Mgr. Tomáš Troch",""
236,"Výbor pro umělou inteligenci ve zdravotnictví","SZT/OZI","Předseda",4196,"Ing. Mgr. Markéta Foldyna Hellová, MHA","Ministerstvo zdravotnictví"
236,"Výbor pro umělou inteligenci ve zdravotnictví","SZT/OZI","Místopředseda",4213,"Ing. Adam Gřunděl, MBA, MPH","Ministerstvo zdravotnictví"
236,"Výbor pro umělou inteligenci ve zdravotnictví","SZT/OZI","Tajemník",4302,"Ing. Iveta Říhová","Ministerstvo zdravotnictví"
236,"Výbor pro umělou inteligenci ve zdravotnictví","SZT/OZI","Členové",45,"Mgr. Martin Balada, LL.M.","Svaz zdravotních pojišťoven ČR"
236,"Výbor pro umělou inteligenci ve zdravotnictví","SZT/OZI","Členové",4134,"Ing. Zdeněk Blažek, MBA","Instituce postgraduálního vzdělávání ve zdravotnictví"
236,"Výbor pro umělou inteligenci ve zdravotnictví","SZT/OZI","Členové",4076,"Mgr. Petr Davídek","Ministerstvo zdravotnictví"
236,"Výbor pro umělou inteligenci ve zdravotnictví","SZT/OZI","Členové",3663,"Ing. Miroslav Jankůj, Ph.D.","Všeobecná zdravotní pojišťovna ČR"
236,"Výbor pro umělou inteligenci ve zdravotnictví","SZT/OZI","Členové",3184,"Mgr. Petr Jarema","Ministerstvo zdravotnictví"
236,"Výbor pro umělou inteligenci ve zdravotnictví","SZT/OZI","Členové",4304,"Mgr. Lukáš Kačena","vládní zmocněnec pro umělou inteligenci"
236,"Výbor pro umělou inteligenci ve zdravotnictví","SZT/OZI","Členové",3876,"prof. MUDr. Ing. Lukáš Lambert, Ph.D., MBA","Radiologická společnost ČLS JEP"
236,"Výbor pro umělou inteligenci ve zdravotnictví","SZT/OZI","Členové",3325,"Mgr. Jindřich Lauschmann","Ministerstvo zdravotnictví"
236,"Výbor pro umělou inteligenci ve zdravotnictví","SZT/OZI","Členové",3921,"PhDr. Stanislav Měšťan, LL.M.","Ministerstvo zdravotnictví"
236,"Výbor pro umělou inteligenci ve zdravotnictví","SZT/OZI","Členové",4303,"Matěj Misař","Česká asociace umělé inteligence"
236,"Výbor pro umělou inteligenci ve zdravotnictví","SZT/OZI","Členové",4301,"Ing. Simona Moravcová","Ministerstvo zdravotnictví"
236,"Výbor pro umělou inteligenci ve zdravotnictví","SZT/OZI","Členové",1682,"Mgr. Edita Müllerová","Pacientská rada ministra zdravotnictví"
236,"Výbor pro umělou inteligenci ve zdravotnictví","SZT/OZI","Členové",4300,"Ing. Jessica Neherová, MBA","Státní ústav pro kontrolu léčiv"
236,"Výbor pro umělou inteligenci ve zdravotnictví","SZT/OZI","Členové",2507,"Ing. Mgr. Venuše Škampová","Ministerstvo zdravotnictví"
236,"Výbor pro umělou inteligenci ve zdravotnictví","SZT/OZI","Členové",2554,"prof. MUDr. Julius Špičák, CSc.","Česká společnost pro umělou inteligenci a inovativní technologie ČLS JEP"
236,"Výbor pro umělou inteligenci ve zdravotnictví","SZT/OZI","Členové",3367,"JUDr. Mgr. Vladimíra Těšitelová, LL.M.","Ústav zdravotnických informací a statistiky ČR"