group_id,group_name,titul,url,velikost_b
1,"Etická komise Ministerstva zdravotnictví","Pozvánka EK MZd dne 12.3.2026","https://ppo.mzcr.cz/upload/files/ek-mzd-rok-2026-pozvanka-ek-mzd-dne-12-3-2026-6a1403d41a255.pdf",51520
1,"Etická komise Ministerstva zdravotnictví","Pozvánka EK MZd dne 28.4.2026","https://ppo.mzcr.cz/upload/files/ek-mzd-rok-2026-pozvanka-ek-mzd-dne-28-4-2026-6a1403d41e871.pdf",68717
1,"Etická komise Ministerstva zdravotnictví","Pozvánka EK MZd dne 23.6.2026","https://ppo.mzcr.cz/upload/files/ek-mzd-rok-2026-pozvanka-ek-mzd-dne-23-6-2026-6a424f993b7ff.pdf",
1,"Etická komise Ministerstva zdravotnictví","Stanovisko EK MZd k Národní očkovací strategii ČR 2025-2029","https://ppo.mzcr.cz/upload/files/stanoviska-ek-mzd-rok-2026-stanovisko-ek-mzd-k-narodni-ockovaci-strategii-cr-2025-2029-6a1408f9af3ac.pdf",132272
1,"Etická komise Ministerstva zdravotnictví","Stanovisko EK MZd k návrhu zákona o paliativní péči a rozhodování o život udržující léčbě","https://ppo.mzcr.cz/upload/files/stanoviska-ek-mzd-rok-2026-stanovisko-ek-mzd-k-navrhu-zakona-o-paliativni-peci-a-rozhodovani-o-zivot-udrzujici-lecbe-6a1408f9b15ff.pdf",217068
1,"Etická komise Ministerstva zdravotnictví","Archiv EK MZ 2021-2024","https://ppo.mzcr.cz/upload/files/archiv-ek-mz-2021-2024-archiv-ek-mz-2021-2024-69c1535c96882.zip",2115082
1,"Etická komise Ministerstva zdravotnictví","Archiv EK MZ 2016-2020","https://ppo.mzcr.cz/upload/files/archiv-ek-mz-2016-2020-archiv-ek-mz-2016-2020-604f7e7b70dc9.zip",5665369
2,"Rada poskytovatelů Ministerstva zdravotnictví","zápis - Rada poskytovatelů MZČR - 14.10.2025","https://ppo.mzcr.cz/upload/files/rada-poskytovatelu-mzcr-14-10-2025-zapis-rada-poskytovatelu-mzcr-14-10-2025-6911e333764d3.pdf",1529805
2,"Rada poskytovatelů Ministerstva zdravotnictví","Statut a jednací řád Rady poskytovatelů Ministerstva zdravotnictví","https://ppo.mzcr.cz/upload/files/statut-a-jednaci-rad-rady-poskytovatelu-ministerstva-zdravotnictvi-statut-a-jednaci-rad-rady-poskytovatelu-ministerstva-zdravotnictvi-5b449f1d1b2ee.rtf",100504
2,"Rada poskytovatelů Ministerstva zdravotnictví","zápis - Rada poskytovatelů MZČR - 29.1.2018","https://ppo.mzcr.cz/upload/files/rada-poskytovatelu-mzcr-29-1-2018-zapis-rada-poskytovatelu-mzcr-29-1-2018-5e1ed4f97313f.docx",34231
2,"Rada poskytovatelů Ministerstva zdravotnictví","zápis - Rada poskytovatelů MZČR - 3.4.2018","https://ppo.mzcr.cz/upload/files/rada-poskytovatelu-mzcr-3-4-2018-zapis-rada-poskytovatelu-mzcr-3-4-2018-5e1ed516e78dc.docx",62999
2,"Rada poskytovatelů Ministerstva zdravotnictví","zápis - Rada poskytovatelů MZČR - 19.6.2018","https://ppo.mzcr.cz/upload/files/rada-poskytovatelu-mzcr-19-6-2018-zapis-rada-poskytovatelu-mzcr-19-6-2018-5e1ed52caabe6.docx",32220
2,"Rada poskytovatelů Ministerstva zdravotnictví","zápis - Rada poskytovatelů MZČR - 4.9.2018","https://ppo.mzcr.cz/upload/files/rada-poskytovatelu-mzcr-4-9-2018-zapis-rada-poskytovatelu-mzcr-4-9-2018-5e1ed53e80fbb.docx",31995
2,"Rada poskytovatelů Ministerstva zdravotnictví","zápis - Rada poskytovatelů MZČR - 3.1.2019","https://ppo.mzcr.cz/upload/files/rada-poskytovatelu-mzcr-3-1-2019-zapis-rada-poskytovatelu-mzcr-3-1-2019-5e1ed54e364ed.docx",38226
2,"Rada poskytovatelů Ministerstva zdravotnictví","zápis - Rada poskytovatelů MZČR - 2.4.2019","https://ppo.mzcr.cz/upload/files/rada-poskytovatelu-mzcr-2-4-2019-zapis-rada-poskytovatelu-mzcr-2-4-2019-5e1ed55f18781.docx",34663
2,"Rada poskytovatelů Ministerstva zdravotnictví","zápis - Rada poskytovatelů MZČR - 25.6. 2019","https://ppo.mzcr.cz/upload/files/rada-poskytovatelu-mzcr-25-6-2019-zapis-rada-poskytovatelu-mzcr-25-6-2019-5e1ed56c25b71.docx",29542
2,"Rada poskytovatelů Ministerstva zdravotnictví","zápis - Rada poskytovatelů MZČR - 1.10. 2019","https://ppo.mzcr.cz/upload/files/rada-poskytovatelu-mzcr-1-10-2019-zapis-rada-poskytovatelu-mzcr-1-10-2019-5e1ed57d07a3f.docx",41897
2,"Rada poskytovatelů Ministerstva zdravotnictví","zápis - Rada poskytovatelů MZČR - 7.1.2020","https://ppo.mzcr.cz/upload/files/rada-poskytovatelu-mzcr-7-1-2020-zapis-rada-poskytovatelu-mzcr-7-1-2020-5ec65d2785432.docx",36825
2,"Rada poskytovatelů Ministerstva zdravotnictví","zápis - Rada poskytovatelů MZČR - 17.3.2020","https://ppo.mzcr.cz/upload/files/rada-poskytovatelu-mzcr-17-3-2020-zapis-rada-poskytovatelu-mzcr-17-3-2020-5ec65e0d64ceb.pdf",259118
2,"Rada poskytovatelů Ministerstva zdravotnictví","zápis - Rada poskytovatelů MZČR - 22.4.2020","https://ppo.mzcr.cz/upload/files/rada-poskytovatelu-mzcr-22-4-2020-zapis-rada-poskytovatelu-mzcr-22-4-2020-5ec65e35e439a.pdf",259631
2,"Rada poskytovatelů Ministerstva zdravotnictví","zápis - Rada poskytovatelů MZČR - 20.5.2020","https://ppo.mzcr.cz/upload/files/rada-poskytovatelu-mzcr-20-5-2020-zapis-rada-poskytovatelu-mzcr-20-5-2020-5f115fd37fa03.docx",16337
2,"Rada poskytovatelů Ministerstva zdravotnictví","zápis - Rada poskytovatelů MZČR - 30.6.2020","https://ppo.mzcr.cz/upload/files/rada-poskytovatelu-mzcr-30-6-2020-zapis-rada-poskytovatelu-mzcr-30-6-2020-5f6c478b1dcdb.docx",23259
2,"Rada poskytovatelů Ministerstva zdravotnictví","zápis Rada poskytovatelů 9.2.2021","https://ppo.mzcr.cz/upload/files/rada-poskytovatelu-mzcr-9-2-2021-zapis-rada-poskytovatelu-9-2-2021-603e0d45f1248.docx",24198
2,"Rada poskytovatelů Ministerstva zdravotnictví","zápis - Rada poskytovatelů MZČR - 27.4.2021","https://ppo.mzcr.cz/upload/files/rada-poskytovatelu-mzcr-27-4-2021-zapis-rada-poskytovatelu-mzcr-27-4-2021-608fb0210df52.docx",18438
2,"Rada poskytovatelů Ministerstva zdravotnictví","zápis - Rada poskytovatelů MZČR - 8.6.2021","https://ppo.mzcr.cz/upload/files/rada-poskytovatelu-mzcr-8-6-2021-zapis-rada-poskytovatelu-mzcr-8-6-2021-61029bbd067e6.docx",21772
2,"Rada poskytovatelů Ministerstva zdravotnictví","zápis - Rada poskytovatelů MZČR - 27.7.2021","https://ppo.mzcr.cz/upload/files/rada-poskytovatelu-mzcr-27-7-2021-zapis-rada-poskytovatelu-mzcr-27-7-2021-615d4ed88ddb1.docx",25438
2,"Rada poskytovatelů Ministerstva zdravotnictví","zápis - Rada poskytovatelů MZČR - 7.9.2021","https://ppo.mzcr.cz/upload/files/rada-poskytovatelu-mzcr-7-9-2021-zapis-rada-poskytovatelu-mzcr-7-9-2021-615d4f3360122.docx",22496
2,"Rada poskytovatelů Ministerstva zdravotnictví","zápis - Rada poskytovatelů MZČR - 5.10.2021","https://ppo.mzcr.cz/upload/files/rada-poskytovatelu-mzcr-5-10-2021-zapis-rada-poskytovatelu-mzcr-5-10-2021-6171505fee7c5.docx",27866
2,"Rada poskytovatelů Ministerstva zdravotnictví","zápis - Rada poskytovatelů MZČR - 30.11.2021","https://ppo.mzcr.cz/upload/files/rada-poskytovatelu-mzcr-30-11-2021-zapis-rada-poskytovatelu-mzcr-30-11-2021-61cab37fef5b0.docx",35612
2,"Rada poskytovatelů Ministerstva zdravotnictví","zápis - Rada poskytovatelů MZČR - 4.1.2022","https://ppo.mzcr.cz/upload/files/rada-poskytovatelu-mzcr-4-1-2022-zapis-rada-poskytovatelu-mzcr-4-1-2022-62567eb5c410c.docx",23665
2,"Rada poskytovatelů Ministerstva zdravotnictví","zápis - Rada poskytovatelů MZČR - 9.1.2022","https://ppo.mzcr.cz/upload/files/rada-poskytovatelu-mzcr-9-1-2022-zapis-rada-poskytovatelu-mzcr-9-1-2022-62567efca932e.docx",16715
2,"Rada poskytovatelů Ministerstva zdravotnictví","Rada poskytovatelů MZČR - 22.2.2022","https://ppo.mzcr.cz/upload/files/rada-poskytovatelu-mzcr-22-2-2022-rada-poskytovatelu-mzcr-22-2-2022-62567f2b410fc.docx",29021
2,"Rada poskytovatelů Ministerstva zdravotnictví","Rada poskytovatelů MZČR - 17.3.2022","https://ppo.mzcr.cz/upload/files/rada-poskytovatelu-mzcr-17-3-2022-rada-poskytovatelu-mzcr-17-3-2022-62567f60e404d.docx",16111
2,"Rada poskytovatelů Ministerstva zdravotnictví","Rada poskytovatelů MZČR -25.3.2022","https://ppo.mzcr.cz/upload/files/rada-poskytovatelu-mzcr-25-3-2022-rada-poskytovatelu-mzcr-25-3-2022-62567fa56d0bc.docx",24782
2,"Rada poskytovatelů Ministerstva zdravotnictví","zápis - Rada poskytovatelů MZČR - 19. 4. 2022","https://ppo.mzcr.cz/upload/files/rada-poskytovatelu-mzcr-19-4-2022-zapis-rada-poskytovatelu-mzcr-19-4-2022-627932891ae12.pdf",190230
2,"Rada poskytovatelů Ministerstva zdravotnictví","zápis - Rada poskytovatelů MZČR - 17.5.2022","https://ppo.mzcr.cz/upload/files/rada-poskytovatelu-mzcr-17-5-2022-zapis-rada-poskytovatelu-mzcr-17-5-2022-62a9c3af0955f.pdf",169250
2,"Rada poskytovatelů Ministerstva zdravotnictví","zápis - Rada poskytovatelů MZČR - 21.6.2022","https://ppo.mzcr.cz/upload/files/rada-poskytovatelu-mzcr-21-6-2022-zapis-rada-poskytovatelu-mzcr-21-6-2022-62e7826d11d0e.docx",36460
2,"Rada poskytovatelů Ministerstva zdravotnictví","zápis - Rada poskytovatelů MZČR - 20.9.2022","https://ppo.mzcr.cz/upload/files/rada-poskytovatelu-mzcr-20-9-2022-zapis-rada-poskytovatelu-mzcr-20-9-2022-63514552afdd8.pdf",233113
2,"Rada poskytovatelů Ministerstva zdravotnictví","zápis - Rada poskytovatelů MZČR - 22.11.2022","https://ppo.mzcr.cz/upload/files/rada-poskytovatelu-mzcr-22-11-2022-zapis-rada-poskytovatelu-mzcr-22-11-2022-63bfccb8226a7.pdf",187726
2,"Rada poskytovatelů Ministerstva zdravotnictví","zápis - Rada poskytovatelů MZČR - 24.1.2023","https://ppo.mzcr.cz/upload/files/rada-poskytovatelu-mzcr-24-1-2023-zapis-rada-poskytovatelu-mzcr-24-1-2023-640b13eeeb452.pdf",353791
2,"Rada poskytovatelů Ministerstva zdravotnictví","zápis - Rada poskytovatelů MZČR - 11.4.2023","https://ppo.mzcr.cz/upload/files/rada-poskytovatelu-mzcr-11-4-2023-zapis-rada-poskytovatelu-mzcr-11-4-2023-645a0324ecfb2.pdf",180999
2,"Rada poskytovatelů Ministerstva zdravotnictví","zápis - Rada poskytovatelů MZČR - 20.6.2023","https://ppo.mzcr.cz/upload/files/rada-poskytovatelu-mzcr-20-6-2023-zapis-rada-poskytovatelu-mzcr-20-6-2023-64b02b8defbb3.pdf",295172
2,"Rada poskytovatelů Ministerstva zdravotnictví","zápis - Rada poskytovatelů MZČR - 19.9.2023","https://ppo.mzcr.cz/upload/files/rada-poskytovatelu-mzcr-19-9-2023-zapis-rada-poskytovatelu-mzcr-19-9-2023-65141b9f5704a.docx",29334
2,"Rada poskytovatelů Ministerstva zdravotnictví","zápis - Rada poskytovatelů MZČR - 9.1.2024","https://ppo.mzcr.cz/upload/files/rada-poskytovatelu-mzcr-9-1-2024-zapis-rada-poskytovatelu-mzcr-9-1-2024-65a9027a50383.docx",33201
2,"Rada poskytovatelů Ministerstva zdravotnictví","zápis - Rada poskytovatelů MZČR - 14.5.2024","https://ppo.mzcr.cz/upload/files/rada-poskytovatelu-mzcr-14-5-2024-zapis-rada-poskytovatelu-mzcr-14-5-2024-6669626ec4a82.pdf",315923
2,"Rada poskytovatelů Ministerstva zdravotnictví","zápis - Rada poskytovatelů MZČR - 3.9.2024","https://ppo.mzcr.cz/upload/files/rada-poskytovatelu-mzcr-3-9-2024-zapis-rada-poskytovatelu-mzcr-3-9-2024-66f1734e8aa79.pdf",153299
2,"Rada poskytovatelů Ministerstva zdravotnictví","zápis - Rada poskytovatelů MZČR - 26.11.2024","https://ppo.mzcr.cz/upload/files/rada-poskytovatelu-mzcr-26-11-2024-zapis-rada-poskytovatelu-mzcr-26-11-2024-677b9a4666da0.pdf",146258
2,"Rada poskytovatelů Ministerstva zdravotnictví","zápis - Rada poskytovatelů MZČR - 8.4.2025","https://ppo.mzcr.cz/upload/files/rada-poskytovatelu-mzcr-8-4-2025-zapis-rada-poskytovatelu-mzcr-8-4-2025-6821db8645a33.pdf",169240
2,"Rada poskytovatelů Ministerstva zdravotnictví","zápis - Rada poskytovatelů MZČR - 10.6.2025","https://ppo.mzcr.cz/upload/files/rada-poskytovatelu-mzcr-10-6-2025-zapis-rada-poskytovatelu-mzcr-10-6-2025-68639a029f9f9.pdf",149527
3,"Vědecká rada Ministerstva zdravotnictví","ZDM č. 12-2026 - Statut a jednací řád VR MZČR","https://ppo.mzcr.cz/upload/files/zakladni-dokumenty-zdm-c-12-2026-statut-a-jednaci-rad-vr-mzcr-69b53ff88fb97.pdf",187729
3,"Vědecká rada Ministerstva zdravotnictví","archiv-zapisy-vedecka-rada-2018","https://ppo.mzcr.cz/upload/files/zapisy-z-jednani-archiv-zapisy-vedecka-rada-2018-69d39eb4c2b5e.zip",863754
3,"Vědecká rada Ministerstva zdravotnictví","archiv-zapisy-vedecka-rada-2019","https://ppo.mzcr.cz/upload/files/zapisy-z-jednani-archiv-zapisy-vedecka-rada-2019-69d3a4ab4d6dd.zip",676390
3,"Vědecká rada Ministerstva zdravotnictví","archiv-zapisy-vedecka-rada-2020","https://ppo.mzcr.cz/upload/files/zapisy-z-jednani-archiv-zapisy-vedecka-rada-2020-69d3a4b80c087.zip",361699
3,"Vědecká rada Ministerstva zdravotnictví","archiv-zapisy-vedecka-rada-2021","https://ppo.mzcr.cz/upload/files/zapisy-z-jednani-archiv-zapisy-vedecka-rada-2021-69d3a4c1c3320.zip",285689
3,"Vědecká rada Ministerstva zdravotnictví","archiv-zapisy-vedecka-rada-2022","https://ppo.mzcr.cz/upload/files/zapisy-z-jednani-archiv-zapisy-vedecka-rada-2022-69d3a4ca90d80.zip",815869
3,"Vědecká rada Ministerstva zdravotnictví","archiv-zapisy-vedecka-rada-2023","https://ppo.mzcr.cz/upload/files/zapisy-z-jednani-archiv-zapisy-vedecka-rada-2023-69d3a4d2cf0be.zip",476330
3,"Vědecká rada Ministerstva zdravotnictví","archiv-zapisy-vedecka-rada-2024","https://ppo.mzcr.cz/upload/files/zapisy-z-jednani-archiv-zapisy-vedecka-rada-2024-69d3a4db99ce6.zip",265563
3,"Vědecká rada Ministerstva zdravotnictví","archiv-zapisy-vedecka-rada-2025","https://ppo.mzcr.cz/upload/files/zapisy-z-jednani-archiv-zapisy-vedecka-rada-2025-69d3a4e43ad1a.zip",684896
3,"Vědecká rada Ministerstva zdravotnictví","zapis-vedecka-rada-12-3-2026","https://ppo.mzcr.cz/upload/files/zapisy-z-jednani-zapis-vedecka-rada-12-3-2026-69d3a4f756782.pdf",214379
4,"Pracovní skupina k seznamu zdravotních výkonů s bodovými hodnotami","Textová část_Kapitola 1","https://ppo.mzcr.cz/upload/files/obecna-cast-vyhlasky-seznamu-zdravotnich-vykonu-s-bodovymi-hodnotami-a-s-pravidly-pro-jejich-vykazovani-v-platnem-zneni-od-roku-2026-textova-cast-kapitola-1-691c14343f0c6.doc",51200
4,"Pracovní skupina k seznamu zdravotních výkonů s bodovými hodnotami","Textová část_Kapitola 2","https://ppo.mzcr.cz/upload/files/obecna-cast-vyhlasky-seznamu-zdravotnich-vykonu-s-bodovymi-hodnotami-a-s-pravidly-pro-jejich-vykazovani-v-platnem-zneni-od-roku-2026-textova-cast-kapitola-2-691c1434409d7.doc",420864
4,"Pracovní skupina k seznamu zdravotních výkonů s bodovými hodnotami","Textová část_Kapitola 3","https://ppo.mzcr.cz/upload/files/obecna-cast-vyhlasky-seznamu-zdravotnich-vykonu-s-bodovymi-hodnotami-a-s-pravidly-pro-jejich-vykazovani-v-platnem-zneni-od-roku-2026-textova-cast-kapitola-3-691c143442639.doc",54784
4,"Pracovní skupina k seznamu zdravotních výkonů s bodovými hodnotami","Textová část_Kapitola 4","https://ppo.mzcr.cz/upload/files/obecna-cast-vyhlasky-seznamu-zdravotnich-vykonu-s-bodovymi-hodnotami-a-s-pravidly-pro-jejich-vykazovani-v-platnem-zneni-od-roku-2026-textova-cast-kapitola-4-691c143442fd9.doc",638976
4,"Pracovní skupina k seznamu zdravotních výkonů s bodovými hodnotami","Textová část_Kapitola 5","https://ppo.mzcr.cz/upload/files/obecna-cast-vyhlasky-seznamu-zdravotnich-vykonu-s-bodovymi-hodnotami-a-s-pravidly-pro-jejich-vykazovani-v-platnem-zneni-od-roku-2026-textova-cast-kapitola-5-691c14344526c.doc",205824
4,"Pracovní skupina k seznamu zdravotních výkonů s bodovými hodnotami","Textová část_Kapitola 6","https://ppo.mzcr.cz/upload/files/obecna-cast-vyhlasky-seznamu-zdravotnich-vykonu-s-bodovymi-hodnotami-a-s-pravidly-pro-jejich-vykazovani-v-platnem-zneni-od-roku-2026-textova-cast-kapitola-6-691c143446210.doc",45056
4,"Pracovní skupina k seznamu zdravotních výkonů s bodovými hodnotami","Textová část_Kapitola 7","https://ppo.mzcr.cz/upload/files/obecna-cast-vyhlasky-seznamu-zdravotnich-vykonu-s-bodovymi-hodnotami-a-s-pravidly-pro-jejich-vykazovani-v-platnem-zneni-od-roku-2026-textova-cast-kapitola-7-691c143446aed.doc",47104
4,"Pracovní skupina k seznamu zdravotních výkonů s bodovými hodnotami","Textová část_Kapitola 8","https://ppo.mzcr.cz/upload/files/obecna-cast-vyhlasky-seznamu-zdravotnich-vykonu-s-bodovymi-hodnotami-a-s-pravidly-pro-jejich-vykazovani-v-platnem-zneni-od-roku-2026-textova-cast-kapitola-8-691c144927d5f.doc",75264
4,"Pracovní skupina k seznamu zdravotních výkonů s bodovými hodnotami","Seznam předkladatelů - PS k SZV za rok 2021","https://ppo.mzcr.cz/upload/files/seznam-predkladatelu-seznam-predkladatelu-ps-k-szv-za-rok-2021-694150c8a5932.zip",93553
4,"Pracovní skupina k seznamu zdravotních výkonů s bodovými hodnotami","Seznam předkladatelů - PS k SZV za rok 2022","https://ppo.mzcr.cz/upload/files/seznam-predkladatelu-seznam-predkladatelu-ps-k-szv-za-rok-2022-694150c8a971f.zip",109458
4,"Pracovní skupina k seznamu zdravotních výkonů s bodovými hodnotami","Seznam předkladatelů - PS k SZV za rok 2023","https://ppo.mzcr.cz/upload/files/seznam-predkladatelu-seznam-predkladatelu-ps-k-szv-za-rok-2023-694150c8aad3c.zip",418796
4,"Pracovní skupina k seznamu zdravotních výkonů s bodovými hodnotami","Seznam předkladatelů - PS k SZV za rok 2024","https://ppo.mzcr.cz/upload/files/seznam-predkladatelu-seznam-predkladatelu-ps-k-szv-za-rok-2024-694150c8ae188.zip",144259
4,"Pracovní skupina k seznamu zdravotních výkonů s bodovými hodnotami","Seznam předkladatelů - PS k SZV březen 2025","https://ppo.mzcr.cz/upload/files/seznam-predkladatelu-seznam-predkladatelu-ps-k-szv-brezen-2025-694150c8af568.pdf",98524
4,"Pracovní skupina k seznamu zdravotních výkonů s bodovými hodnotami","Seznam předkladatelů - PS k SZV červen 2025","https://ppo.mzcr.cz/upload/files/seznam-predkladatelu-seznam-predkladatelu-ps-k-szv-cerven-2025-694150c8b04e4.pdf",237986
4,"Pracovní skupina k seznamu zdravotních výkonů s bodovými hodnotami","Seznam předkladatelů - PS k SZV září 2025","https://ppo.mzcr.cz/upload/files/seznam-predkladatelu-seznam-predkladatelu-ps-k-szv-zari-2025-694150c8b1aad.docx",42484
4,"Pracovní skupina k seznamu zdravotních výkonů s bodovými hodnotami","Seznam předkladatelů - PS k SZV prosinec 2025","https://ppo.mzcr.cz/upload/files/seznam-predkladatelu-seznam-predkladatelu-ps-k-szv-prosinec-2025-694150c8b2841.pdf",264784
4,"Pracovní skupina k seznamu zdravotních výkonů s bodovými hodnotami","Seznam předkladatelů - PS k SZV březen 2026","https://ppo.mzcr.cz/upload/files/seznam-predkladatelu-seznam-predkladatelu-ps-k-szv-brezen-2026-694150eed61dd.pdf",269643
4,"Pracovní skupina k seznamu zdravotních výkonů s bodovými hodnotami","Seznam předkladatelů - PS k SZV červen 2026","https://ppo.mzcr.cz/upload/files/seznam-predkladatelu-seznam-predkladatelu-ps-k-szv-cerven-2026-69c286d237839.pdf",267241
4,"Pracovní skupina k seznamu zdravotních výkonů s bodovými hodnotami","Seznam předkladatelů - PS k SZV září 2026","https://ppo.mzcr.cz/upload/files/seznam-predkladatelu-seznam-predkladatelu-ps-k-szv-zari-2026-6a3a90865ea8d.pdf",
4,"Pracovní skupina k seznamu zdravotních výkonů s bodovými hodnotami","Návrhy RL Září 2021-1.část","https://ppo.mzcr.cz/upload/files/predkladane-navrhy-na-jednani-navrhy-rl-zari-2021-1-cast-683e8fae3d778.zip",14579801
4,"Pracovní skupina k seznamu zdravotních výkonů s bodovými hodnotami","Návrhy RL Září 2021-2.část","https://ppo.mzcr.cz/upload/files/predkladane-navrhy-na-jednani-navrhy-rl-zari-2021-2-cast-683e8fbcce8a6.zip",9947605
4,"Pracovní skupina k seznamu zdravotních výkonů s bodovými hodnotami","Návrhy RL Září 2021-3.část","https://ppo.mzcr.cz/upload/files/predkladane-navrhy-na-jednani-navrhy-rl-zari-2021-3-cast-683e8fef88494.zip",1883156
4,"Pracovní skupina k seznamu zdravotních výkonů s bodovými hodnotami","Návrhy RL Červen 2020-1.část","https://ppo.mzcr.cz/upload/files/predkladane-navrhy-na-jednani-navrhy-rl-cerven-2020-1-cast-683e903391ee0.zip",26916838
4,"Pracovní skupina k seznamu zdravotních výkonů s bodovými hodnotami","Návrhy RL_Leden, Únor, Březen 2020_2.část","https://ppo.mzcr.cz/upload/files/predkladane-navrhy-na-jednani-navrhy-rl-leden-unor-brezen-2020-2-cast-67da593b50df2.zip",7102542
4,"Pracovní skupina k seznamu zdravotních výkonů s bodovými hodnotami","Návrhy RL-Červen, Červenec, Srpen 2020-1.část","https://ppo.mzcr.cz/upload/files/predkladane-navrhy-na-jednani-navrhy-rl-cerven-cervenec-srpen-2020-1-cast-67da593b546bc.zip",30925186
4,"Pracovní skupina k seznamu zdravotních výkonů s bodovými hodnotami","Návrhy RL-Červen, Červenec, Srpen 2020-2.část","https://ppo.mzcr.cz/upload/files/predkladane-navrhy-na-jednani-navrhy-rl-cerven-cervenec-srpen-2020-2-cast-67da593b57803.zip",1097243
4,"Pracovní skupina k seznamu zdravotních výkonů s bodovými hodnotami","Návrhy PS k SZV-Leden Únor, Březen 2021","https://ppo.mzcr.cz/upload/files/predkladane-navrhy-na-jednani-navrhy-ps-k-szv-leden-unor-brezen-2021-67da593b5aaeb.zip",11443805
4,"Pracovní skupina k seznamu zdravotních výkonů s bodovými hodnotami","Navrhy-RL_PS-k-SZV_Brezen-2022_1.cast_","https://ppo.mzcr.cz/upload/files/predkladane-navrhy-na-jednani-navrhy-rl-ps-k-szv-brezen-2022-1-cast-67da593b5dd97.zip",7489740
4,"Pracovní skupina k seznamu zdravotních výkonů s bodovými hodnotami","Navrhy-RL_PS-k-SZV_Brezen-2022_2.cast_","https://ppo.mzcr.cz/upload/files/predkladane-navrhy-na-jednani-navrhy-rl-ps-k-szv-brezen-2022-2-cast-67da593b6173b.zip",34201451
4,"Pracovní skupina k seznamu zdravotních výkonů s bodovými hodnotami","Navrhy-RL_PS-k-SZV_Cerven-2022","https://ppo.mzcr.cz/upload/files/predkladane-navrhy-na-jednani-navrhy-rl-ps-k-szv-cerven-2022-67da593b64b2c.zip",16998225
4,"Pracovní skupina k seznamu zdravotních výkonů s bodovými hodnotami","Navrhy-RL_PS-k-SZV_Cerven-2022_druha-cast","https://ppo.mzcr.cz/upload/files/predkladane-navrhy-na-jednani-navrhy-rl-ps-k-szv-cerven-2022-druha-cast-67da593b67e42.zip",1772241
4,"Pracovní skupina k seznamu zdravotních výkonů s bodovými hodnotami","Navrhy-RL_PS-k-SZV_Září-2022","https://ppo.mzcr.cz/upload/files/predkladane-navrhy-na-jednani-navrhy-rl-ps-k-szv-zari-2022-67da593b6b170.zip",20231367
4,"Pracovní skupina k seznamu zdravotních výkonů s bodovými hodnotami","Návrhy RL PS k SZV_Prosinec 2022","https://ppo.mzcr.cz/upload/files/predkladane-navrhy-na-jednani-navrhy-rl-ps-k-szv-prosinec-2022-67da593b6e59c.zip",14487511
4,"Pracovní skupina k seznamu zdravotních výkonů s bodovými hodnotami","Návrhy RL PS k SZV_Prosinec 2022_Příloha_Herniologická společnost","https://ppo.mzcr.cz/upload/files/predkladane-navrhy-na-jednani-navrhy-rl-ps-k-szv-prosinec-2022-priloha-herniologicka-spolecnost-67da593b719fe.zip",10852817
4,"Pracovní skupina k seznamu zdravotních výkonů s bodovými hodnotami","Návrhy PS k SZV Březen 2023_1.část","https://ppo.mzcr.cz/upload/files/predkladane-navrhy-na-jednani-navrhy-ps-k-szv-brezen-2023-1-cast-67da593b780e8.zip",38762071
4,"Pracovní skupina k seznamu zdravotních výkonů s bodovými hodnotami","Návrhy PS k SZV Březen 2023_2.část","https://ppo.mzcr.cz/upload/files/predkladane-navrhy-na-jednani-navrhy-ps-k-szv-brezen-2023-2-cast-67da593b7b685.zip",38123204
4,"Pracovní skupina k seznamu zdravotních výkonů s bodovými hodnotami","Návrhy PS k SZV Březen 2023_3.část","https://ppo.mzcr.cz/upload/files/predkladane-navrhy-na-jednani-navrhy-ps-k-szv-brezen-2023-3-cast-67da593b7ebbb.zip",35147469
4,"Pracovní skupina k seznamu zdravotních výkonů s bodovými hodnotami","Návrhy PS k SZV Březen 2023","https://ppo.mzcr.cz/upload/files/predkladane-navrhy-na-jednani-navrhy-ps-k-szv-brezen-2023-67da593b81ebb.pdf",321901
4,"Pracovní skupina k seznamu zdravotních výkonů s bodovými hodnotami","Návrhy PS k SZV Červen 2023","https://ppo.mzcr.cz/upload/files/predkladane-navrhy-na-jednani-navrhy-ps-k-szv-cerven-2023-67da593b83483.zip",21907005
4,"Pracovní skupina k seznamu zdravotních výkonů s bodovými hodnotami","Návrhy PS k SZV Červen 2023_doplnění","https://ppo.mzcr.cz/upload/files/predkladane-navrhy-na-jednani-navrhy-ps-k-szv-cerven-2023-doplneni-67da593b868f4.zip",1154290
4,"Pracovní skupina k seznamu zdravotních výkonů s bodovými hodnotami","Návrhy PS k SZV Září 2023","https://ppo.mzcr.cz/upload/files/predkladane-navrhy-na-jednani-navrhy-ps-k-szv-zari-2023-67da593b89aed.zip",29207678
4,"Pracovní skupina k seznamu zdravotních výkonů s bodovými hodnotami","Návrhy RL PS k SZV_Prosinec 2023","https://ppo.mzcr.cz/upload/files/predkladane-navrhy-na-jednani-navrhy-rl-ps-k-szv-prosinec-2023-67da593b90266.zip",14162722
4,"Pracovní skupina k seznamu zdravotních výkonů s bodovými hodnotami","Návrhy RL PS k SZV_Prosinec 2023_doplnění","https://ppo.mzcr.cz/upload/files/predkladane-navrhy-na-jednani-navrhy-rl-ps-k-szv-prosinec-2023-doplneni-67da593b9349b.zip",1638162
4,"Pracovní skupina k seznamu zdravotních výkonů s bodovými hodnotami","Návrhy RL PS k SZV_Březen 2024-1.část","https://ppo.mzcr.cz/upload/files/predkladane-navrhy-na-jednani-navrhy-rl-ps-k-szv-brezen-2024-1-cast-67da593b96933.zip",25510838
4,"Pracovní skupina k seznamu zdravotních výkonů s bodovými hodnotami","Návrhy RL PS k SZV_Březen 2024-2.část","https://ppo.mzcr.cz/upload/files/predkladane-navrhy-na-jednani-navrhy-rl-ps-k-szv-brezen-2024-2-cast-67da593b99db7.zip",26655633
4,"Pracovní skupina k seznamu zdravotních výkonů s bodovými hodnotami","Návrhy RL PS k SZV_Červen 2024","https://ppo.mzcr.cz/upload/files/predkladane-navrhy-na-jednani-navrhy-rl-ps-k-szv-cerven-2024-67da593b9d1b0.zip",30542100
4,"Pracovní skupina k seznamu zdravotních výkonů s bodovými hodnotami","Návrhy RL PS k SZV_září 2024_1.část","https://ppo.mzcr.cz/upload/files/predkladane-navrhy-na-jednani-navrhy-rl-ps-k-szv-zari-2024-1-cast-67da593ba064f.zip",48479938
4,"Pracovní skupina k seznamu zdravotních výkonů s bodovými hodnotami","Návrhy RL PS k SZV_září 2024_2.část","https://ppo.mzcr.cz/upload/files/predkladane-navrhy-na-jednani-navrhy-rl-ps-k-szv-zari-2024-2-cast-67da593ba3bc1.zip",30148606
4,"Pracovní skupina k seznamu zdravotních výkonů s bodovými hodnotami","Návrhy RL PS k SZV_prosinec 2024","https://ppo.mzcr.cz/upload/files/predkladane-navrhy-na-jednani-navrhy-rl-ps-k-szv-prosinec-2024-67da593ba6eb8.zip",38113981
4,"Pracovní skupina k seznamu zdravotních výkonů s bodovými hodnotami","Návrhy RL PS k SZV_březen 2025_1. část","https://ppo.mzcr.cz/upload/files/predkladane-navrhy-na-jednani-navrhy-rl-ps-k-szv-brezen-2025-1-cast-67da593baa4da.zip",46833309
4,"Pracovní skupina k seznamu zdravotních výkonů s bodovými hodnotami","Návrhy RL PS k SZV_březen 2025_2. část","https://ppo.mzcr.cz/upload/files/predkladane-navrhy-na-jednani-navrhy-rl-ps-k-szv-brezen-2025-2-cast-67da593badb71.zip",22361637
4,"Pracovní skupina k seznamu zdravotních výkonů s bodovými hodnotami","Návrhy RL PS k SZV_březen 2025_3. část","https://ppo.mzcr.cz/upload/files/predkladane-navrhy-na-jednani-navrhy-rl-ps-k-szv-brezen-2025-3-cast-67da593bb101d.zip",16859545
4,"Pracovní skupina k seznamu zdravotních výkonů s bodovými hodnotami","Návrhy RL PS k SZV_březen 2025_4. část","https://ppo.mzcr.cz/upload/files/predkladane-navrhy-na-jednani-navrhy-rl-ps-k-szv-brezen-2025-4-cast-67da593bb46ae.zip",1255572
4,"Pracovní skupina k seznamu zdravotních výkonů s bodovými hodnotami","Návrhy RL PS k SZV Září 2025_1.část","https://ppo.mzcr.cz/upload/files/predkladane-navrhy-na-jednani-navrhy-rl-ps-k-szv-zari-2025-1-cast-683e8eec7e151.zip",15358975
4,"Pracovní skupina k seznamu zdravotních výkonů s bodovými hodnotami","Návrhy RL PS k SZV Září 2025_2.část","https://ppo.mzcr.cz/upload/files/predkladane-navrhy-na-jednani-navrhy-rl-ps-k-szv-zari-2025-2-cast-683e8f2c932c8.zip",16087668
4,"Pracovní skupina k seznamu zdravotních výkonů s bodovými hodnotami","Návrhy RL PS k SZV_září 2025_2. část","https://ppo.mzcr.cz/upload/files/predkladane-navrhy-na-jednani-navrhy-rl-ps-k-szv-zari-2025-2-cast-683e90c82076c.zip",16087668
4,"Pracovní skupina k seznamu zdravotních výkonů s bodovými hodnotami","Návrhy RL PS k SZV_září 2025_1. část","https://ppo.mzcr.cz/upload/files/predkladane-navrhy-na-jednani-navrhy-rl-ps-k-szv-zari-2025-1-cast-6941510e767dd.zip",15358975
4,"Pracovní skupina k seznamu zdravotních výkonů s bodovými hodnotami","Návrhy RL PS k SZV_září 2025_2. část","https://ppo.mzcr.cz/upload/files/predkladane-navrhy-na-jednani-navrhy-rl-ps-k-szv-zari-2025-2-cast-683e917693970.zip",16087668
4,"Pracovní skupina k seznamu zdravotních výkonů s bodovými hodnotami","Návrhy RL PS k SZV Září 2025_3.část","https://ppo.mzcr.cz/upload/files/predkladane-navrhy-na-jednani-navrhy-rl-ps-k-szv-zari-2025-3-cast-6862afeacef6c.zip",1080567
4,"Pracovní skupina k seznamu zdravotních výkonů s bodovými hodnotami","Návrhy RL Prosinec 2025","https://ppo.mzcr.cz/upload/files/predkladane-navrhy-na-jednani-navrhy-rl-prosinec-2025-68bffdba8e894.zip",21088413
4,"Pracovní skupina k seznamu zdravotních výkonů s bodovými hodnotami","Návrhy RL PS k SZV_březen 2026_1. část","https://ppo.mzcr.cz/upload/files/predkladane-navrhy-na-jednani-navrhy-rl-ps-k-szv-brezen-2026-1-cast-694151399f11e.zip",12121502
4,"Pracovní skupina k seznamu zdravotních výkonů s bodovými hodnotami","Návrhy RL PS k SZV_březen 2026_2. část","https://ppo.mzcr.cz/upload/files/predkladane-navrhy-na-jednani-navrhy-rl-ps-k-szv-brezen-2026-2-cast-6941523d5b7d8.zip",47694340
4,"Pracovní skupina k seznamu zdravotních výkonů s bodovými hodnotami","Návrhy RL PS k SZV_březen 2026_3. část","https://ppo.mzcr.cz/upload/files/predkladane-navrhy-na-jednani-navrhy-rl-ps-k-szv-brezen-2026-3-cast-69c286dbdf8fa.zip",27055689
4,"Pracovní skupina k seznamu zdravotních výkonů s bodovými hodnotami","Návrhy RL PS k SZV_červen 2026_1. část","https://ppo.mzcr.cz/upload/files/predkladane-navrhy-na-jednani-navrhy-rl-ps-k-szv-cerven-2026-1-cast-6a31284f2f58c.zip",32537181
4,"Pracovní skupina k seznamu zdravotních výkonů s bodovými hodnotami","Návrhy RL PS k SZV_červen 2026_2. část","https://ppo.mzcr.cz/upload/files/predkladane-navrhy-na-jednani-navrhy-rl-ps-k-szv-cerven-2026-2-cast-69c287435b8b1.zip",6085893
4,"Pracovní skupina k seznamu zdravotních výkonů s bodovými hodnotami","Návrhy RL PS k SZV_září 2026_1. část","https://ppo.mzcr.cz/upload/files/predkladane-navrhy-na-jednani-navrhy-rl-ps-k-szv-zari-2026-1-cast-6a31286e1fd6f.zip",39895933
4,"Pracovní skupina k seznamu zdravotních výkonů s bodovými hodnotami","PS k SZV 5.3.2020-1.část","https://ppo.mzcr.cz/upload/files/ps-k-szv-podklady-k-jednani-ps-k-szv-5-3-2020-1-cast-67484656b6f27.zip",11214931
4,"Pracovní skupina k seznamu zdravotních výkonů s bodovými hodnotami","PS k SZV 5.3.2020-2.část","https://ppo.mzcr.cz/upload/files/ps-k-szv-podklady-k-jednani-ps-k-szv-5-3-2020-2-cast-67484656a97fa.zip",26941695
4,"Pracovní skupina k seznamu zdravotních výkonů s bodovými hodnotami","PS k SZV 4.6.2020","https://ppo.mzcr.cz/upload/files/ps-k-szv-podklady-k-jednani-ps-k-szv-4-6-2020-67484656995fd.zip",1297912
4,"Pracovní skupina k seznamu zdravotních výkonů s bodovými hodnotami","PS k SZV 3.9.2020","https://ppo.mzcr.cz/upload/files/ps-k-szv-podklady-k-jednani-ps-k-szv-3-9-2020-67484656ad0fd.zip",4540929
4,"Pracovní skupina k seznamu zdravotních výkonů s bodovými hodnotami","PS k SZV 3.12.2020","https://ppo.mzcr.cz/upload/files/ps-k-szv-podklady-k-jednani-ps-k-szv-3-12-2020-67484656a1838.zip",3937349
4,"Pracovní skupina k seznamu zdravotních výkonů s bodovými hodnotami","PS k SZV 4.3.2021","https://ppo.mzcr.cz/upload/files/ps-k-szv-podklady-k-jednani-ps-k-szv-4-3-2021-67484656b064f.zip",4770609
4,"Pracovní skupina k seznamu zdravotních výkonů s bodovými hodnotami","PS k SZV 3.6.2021","https://ppo.mzcr.cz/upload/files/ps-k-szv-podklady-k-jednani-ps-k-szv-3-6-2021-67484656a5c74.zip",1732859
4,"Pracovní skupina k seznamu zdravotních výkonů s bodovými hodnotami","PS k SZV 2.9.2021","https://ppo.mzcr.cz/upload/files/ps-k-szv-podklady-k-jednani-ps-k-szv-2-9-2021-67484656b3c94.zip",4723018
4,"Pracovní skupina k seznamu zdravotních výkonů s bodovými hodnotami","PS k SZV 2.12.2021","https://ppo.mzcr.cz/upload/files/ps-k-szv-podklady-k-jednani-ps-k-szv-2-12-2021-67484656ba213.zip",1944158
4,"Pracovní skupina k seznamu zdravotních výkonů s bodovými hodnotami","PS k SZV 17.3.2022","https://ppo.mzcr.cz/upload/files/ps-k-szv-podklady-k-jednani-ps-k-szv-17-3-2022-67484656bcfee.zip",4409501
4,"Pracovní skupina k seznamu zdravotních výkonů s bodovými hodnotami","PS k SZV 2.6.2022","https://ppo.mzcr.cz/upload/files/ps-k-szv-podklady-k-jednani-ps-k-szv-2-6-2022-67484656bfe7f.zip",6309199
4,"Pracovní skupina k seznamu zdravotních výkonů s bodovými hodnotami","PS k SZV 1.9.2022","https://ppo.mzcr.cz/upload/files/ps-k-szv-podklady-k-jednani-ps-k-szv-1-9-2022-67484656c31f8.zip",3284437
4,"Pracovní skupina k seznamu zdravotních výkonů s bodovými hodnotami","PS k SZV 1.12.2022","https://ppo.mzcr.cz/upload/files/ps-k-szv-podklady-k-jednani-ps-k-szv-1-12-2022-67484656c6546.zip",3234550
4,"Pracovní skupina k seznamu zdravotních výkonů s bodovými hodnotami","PS k SZV 9.3.2023","https://ppo.mzcr.cz/upload/files/ps-k-szv-podklady-k-jednani-ps-k-szv-9-3-2023-67484656c9a26.zip",22391272
4,"Pracovní skupina k seznamu zdravotních výkonů s bodovými hodnotami","PS k SZV 8.6.2023","https://ppo.mzcr.cz/upload/files/ps-k-szv-podklady-k-jednani-ps-k-szv-8-6-2023-67484656cced2.zip",4277147
4,"Pracovní skupina k seznamu zdravotních výkonů s bodovými hodnotami","PS k SZV 7.9.2023","https://ppo.mzcr.cz/upload/files/ps-k-szv-podklady-k-jednani-ps-k-szv-7-9-2023-67484656d01d1.zip",8996383
4,"Pracovní skupina k seznamu zdravotních výkonů s bodovými hodnotami","PS k SZV 7.12.2023","https://ppo.mzcr.cz/upload/files/ps-k-szv-podklady-k-jednani-ps-k-szv-7-12-2023-67484656d36ac.zip",17842129
4,"Pracovní skupina k seznamu zdravotních výkonů s bodovými hodnotami","PS k SZV 14.3.2024","https://ppo.mzcr.cz/upload/files/ps-k-szv-podklady-k-jednani-ps-k-szv-14-3-2024-67484656d6db5.zip",8630708
4,"Pracovní skupina k seznamu zdravotních výkonů s bodovými hodnotami","PS k SZV 6.6.2024","https://ppo.mzcr.cz/upload/files/ps-k-szv-podklady-k-jednani-ps-k-szv-6-6-2024-67484656da015.zip",10053257
4,"Pracovní skupina k seznamu zdravotních výkonů s bodovými hodnotami","PS k SZV 5.9.2024_1. část","https://ppo.mzcr.cz/upload/files/ps-k-szv-podklady-k-jednani-ps-k-szv-5-9-2024-1-cast-67484656dd4bb.zip",21615356
4,"Pracovní skupina k seznamu zdravotních výkonů s bodovými hodnotami","PS k SZV 5.9.2024_2. část","https://ppo.mzcr.cz/upload/files/ps-k-szv-podklady-k-jednani-ps-k-szv-5-9-2024-2-cast-67484656e0ac3.zip",33415645
4,"Pracovní skupina k seznamu zdravotních výkonů s bodovými hodnotami","PS k SZV 5.12.2024","https://ppo.mzcr.cz/upload/files/ps-k-szv-podklady-k-jednani-ps-k-szv-5-12-2024-6748474cf0a38.zip",36414266
4,"Pracovní skupina k seznamu zdravotních výkonů s bodovými hodnotami","PS k SZV 6.3.2025_1.část","https://ppo.mzcr.cz/upload/files/ps-k-szv-podklady-k-jednani-ps-k-szv-6-3-2025-1-cast-67c5521cda39d.zip",43210020
4,"Pracovní skupina k seznamu zdravotních výkonů s bodovými hodnotami","PS k SZV 6.3.2025_2.část","https://ppo.mzcr.cz/upload/files/ps-k-szv-podklady-k-jednani-ps-k-szv-6-3-2025-2-cast-67c55238e9992.zip",37046869
4,"Pracovní skupina k seznamu zdravotních výkonů s bodovými hodnotami","PS k SZV 6.3.2025_3.část","https://ppo.mzcr.cz/upload/files/ps-k-szv-podklady-k-jednani-ps-k-szv-6-3-2025-3-cast-67c5524fda0da.zip",14333803
4,"Pracovní skupina k seznamu zdravotních výkonů s bodovými hodnotami","PS k SZV 5.6.2025","https://ppo.mzcr.cz/upload/files/ps-k-szv-podklady-k-jednani-ps-k-szv-5-6-2025-683848fe0254f.zip",40868126
4,"Pracovní skupina k seznamu zdravotních výkonů s bodovými hodnotami","PS k SZV 4.9.2025","https://ppo.mzcr.cz/upload/files/ps-k-szv-podklady-k-jednani-ps-k-szv-4-9-2025-68b55ea393b89.zip",44539214
4,"Pracovní skupina k seznamu zdravotních výkonů s bodovými hodnotami","PS k SZV 4.12.2025","https://ppo.mzcr.cz/upload/files/ps-k-szv-podklady-k-jednani-ps-k-szv-4-12-2025-69311aea30d74.zip",28195247
4,"Pracovní skupina k seznamu zdravotních výkonů s bodovými hodnotami","Zápisy z PS k SZV za rok 2016","https://ppo.mzcr.cz/upload/files/zapisy-z-jednani-zapisy-z-ps-k-szv-za-rok-2016-67e64d83a3ee3.zip",34254593
4,"Pracovní skupina k seznamu zdravotních výkonů s bodovými hodnotami","Zápisy z PS k SZV za rok 2017","https://ppo.mzcr.cz/upload/files/zapisy-z-jednani-zapisy-z-ps-k-szv-za-rok-2017-67e64d83b0fe4.zip",29586989
4,"Pracovní skupina k seznamu zdravotních výkonů s bodovými hodnotami","Zápisy z PS k SZV za rok 2018","https://ppo.mzcr.cz/upload/files/zapisy-z-jednani-zapisy-z-ps-k-szv-za-rok-2018-67e64d83bd96b.zip",38173895
4,"Pracovní skupina k seznamu zdravotních výkonů s bodovými hodnotami","Zápisy z PS k SZV za rok 2019","https://ppo.mzcr.cz/upload/files/zapisy-z-jednani-zapisy-z-ps-k-szv-za-rok-2019-67e64d83a99fa.zip",26118495
4,"Pracovní skupina k seznamu zdravotních výkonů s bodovými hodnotami","Zápisy z PS k SZV za rok 2020","https://ppo.mzcr.cz/upload/files/zapisy-z-jednani-zapisy-z-ps-k-szv-za-rok-2020-67e64d83b4be7.zip",12511628
4,"Pracovní skupina k seznamu zdravotních výkonů s bodovými hodnotami","Zápisy z PS k SZV za rok 2021","https://ppo.mzcr.cz/upload/files/zapisy-z-jednani-zapisy-z-ps-k-szv-za-rok-2021-67e64d83c0cee.zip",20822703
4,"Pracovní skupina k seznamu zdravotních výkonů s bodovými hodnotami","Zápisy z PS k SZV za rok 2022","https://ppo.mzcr.cz/upload/files/zapisy-z-jednani-zapisy-z-ps-k-szv-za-rok-2022-67e64d83b8751.zip",20871172
4,"Pracovní skupina k seznamu zdravotních výkonů s bodovými hodnotami","Zápisy z PS k SZV za rok 2023","https://ppo.mzcr.cz/upload/files/zapisy-z-jednani-zapisy-z-ps-k-szv-za-rok-2023-67e64d83c3d76.zip",28189708
4,"Pracovní skupina k seznamu zdravotních výkonů s bodovými hodnotami","Zápis z PS k SZV ze dne 6.3.2025","https://ppo.mzcr.cz/upload/files/zapisy-z-jednani-zapis-z-ps-k-szv-ze-dne-6-3-2025-67e64d83adce9.zip",1248457
4,"Pracovní skupina k seznamu zdravotních výkonů s bodovými hodnotami","Zápisy z PS k SZV za rok 2024","https://ppo.mzcr.cz/upload/files/zapisy-z-jednani-zapisy-z-ps-k-szv-za-rok-2024-67e64d83bb206.zip",25775779
4,"Pracovní skupina k seznamu zdravotních výkonů s bodovými hodnotami","Zápis z jednání PS k SZV ze dne 5.6.2025","https://ppo.mzcr.cz/upload/files/zapisy-z-jednani-zapis-z-jednani-ps-k-szv-ze-dne-5-6-2025-685e793c37057.zip",5460454
4,"Pracovní skupina k seznamu zdravotních výkonů s bodovými hodnotami","Zápis z jednání PS k SZV ze dne 4.9.2025","https://ppo.mzcr.cz/upload/files/zapisy-z-jednani-zapis-z-jednani-ps-k-szv-ze-dne-4-9-2025-69451ef663317.zip",3279862
4,"Pracovní skupina k seznamu zdravotních výkonů s bodovými hodnotami","Zápis z jednání PS k SZV ze dne 4.12.2025","https://ppo.mzcr.cz/upload/files/zapisy-z-jednani-zapis-z-jednani-ps-k-szv-ze-dne-4-12-2025-69df22a7baf96.zip",10310555
4,"Pracovní skupina k seznamu zdravotních výkonů s bodovými hodnotami","Zápis z jednání PS k SZV ze dne 19.3.2026","https://ppo.mzcr.cz/upload/files/zapisy-z-jednani-zapis-z-jednani-ps-k-szv-ze-dne-19-3-2026-69df22fadec28.zip",16074572
4,"Pracovní skupina k seznamu zdravotních výkonů s bodovými hodnotami","Žádost o přidání nové položky do číselníku seznamu zdravotních výkonů","https://ppo.mzcr.cz/upload/files/nove-zakladni-dokumenty-zadost-o-pridani-nove-polozky-do-ciselniku-seznamu-zdravotnich-vykonu-67f4db970c0f3.doc",119296
4,"Pracovní skupina k seznamu zdravotních výkonů s bodovými hodnotami","Vzor návrhu registračního listu zdravotního výkonu_ambulantní","https://ppo.mzcr.cz/upload/files/nove-zakladni-dokumenty-vzor-navrhu-registracniho-listu-zdravotniho-vykonu-ambulantni-67f4dcbe6bb7d.pdf",105785
4,"Pracovní skupina k seznamu zdravotních výkonů s bodovými hodnotami","Žádost o projednání návrhu registračního listu zdravotního výkonu na jednání pracovní skupiny","https://ppo.mzcr.cz/upload/files/nove-zakladni-dokumenty-zadost-o-projednani-navrhu-registracniho-listu-zdravotniho-vykonu-na-jednani-pracovni-skupiny-67f4db970ecd8.doc",115712
4,"Pracovní skupina k seznamu zdravotních výkonů s bodovými hodnotami","Statut a jednací řád PS k SZV_2025","https://ppo.mzcr.cz/upload/files/nove-zakladni-dokumenty-statut-a-jednaci-rad-ps-k-szv-2025-67f4db9710a6f.pdf",214332
4,"Pracovní skupina k seznamu zdravotních výkonů s bodovými hodnotami","Standardní postup předkládání návrhů na jednání pracovní skupiny k SZV_2025","https://ppo.mzcr.cz/upload/files/nove-zakladni-dokumenty-standardni-postup-predkladani-navrhu-na-jednani-pracovni-skupiny-k-szv-2025-67f4e06f2b406.pdf",224912
4,"Pracovní skupina k seznamu zdravotních výkonů s bodovými hodnotami","Vypořádání připomínek_Březen 2024_druhá část","https://ppo.mzcr.cz/upload/files/vyporadani-pripominek-predkladatelu-k-navrhum-registracnich-listu-vyporadani-pripominek-brezen-2024-druha-cast-67f4db1fdf927.zip",5416698
4,"Pracovní skupina k seznamu zdravotních výkonů s bodovými hodnotami","Vypořádání připomínek_Březen 2024","https://ppo.mzcr.cz/upload/files/vyporadani-pripominek-predkladatelu-k-navrhum-registracnich-listu-vyporadani-pripominek-brezen-2024-67f4db1fe1e93.zip",30926661
4,"Pracovní skupina k seznamu zdravotních výkonů s bodovými hodnotami","Vypořádání připomínek_Červen 2024","https://ppo.mzcr.cz/upload/files/vyporadani-pripominek-predkladatelu-k-navrhum-registracnich-listu-vyporadani-pripominek-cerven-2024-67f4db1fe4360.zip",11480826
4,"Pracovní skupina k seznamu zdravotních výkonů s bodovými hodnotami","Vypořádání připomínek_Září 2024","https://ppo.mzcr.cz/upload/files/vyporadani-pripominek-predkladatelu-k-navrhum-registracnich-listu-vyporadani-pripominek-zari-2024-67f4db1fe6875.zip",16607117
4,"Pracovní skupina k seznamu zdravotních výkonů s bodovými hodnotami","Odbornost 801_Září 2024","https://ppo.mzcr.cz/upload/files/vyporadani-pripominek-predkladatelu-k-navrhum-registracnich-listu-odbornost-801-zari-2024-67f4db1fe8d6b.zip",12957914
4,"Pracovní skupina k seznamu zdravotních výkonů s bodovými hodnotami","Vypořádání připomínek_5.9.2024","https://ppo.mzcr.cz/upload/files/vyporadani-pripominek-predkladatelu-k-navrhum-registracnich-listu-vyporadani-pripominek-5-9-2024-67f4db1feb045.zip",16636311
4,"Pracovní skupina k seznamu zdravotních výkonů s bodovými hodnotami","Vypořádání připomínek_Prosinec 2024","https://ppo.mzcr.cz/upload/files/vyporadani-pripominek-predkladatelu-k-navrhum-registracnich-listu-vyporadani-pripominek-prosinec-2024-67f4db1fed327.zip",7628578
4,"Pracovní skupina k seznamu zdravotních výkonů s bodovými hodnotami","Vypořádání připomínek_Březen 2025","https://ppo.mzcr.cz/upload/files/vyporadani-pripominek-predkladatelu-k-navrhum-registracnich-listu-vyporadani-pripominek-brezen-2025-67f4db1fd95d1.zip",10566301
4,"Pracovní skupina k seznamu zdravotních výkonů s bodovými hodnotami","Vypořádání připomínek_Březen 2025_2.část","https://ppo.mzcr.cz/upload/files/vyporadani-pripominek-predkladatelu-k-navrhum-registracnich-listu-vyporadani-pripominek-brezen-2025-2-cast-67f4db1fdd1f5.zip",6570090
4,"Pracovní skupina k seznamu zdravotních výkonů s bodovými hodnotami","Vypořádání připomínek_Červen 2025","https://ppo.mzcr.cz/upload/files/vyporadani-pripominek-predkladatelu-k-navrhum-registracnich-listu-vyporadani-pripominek-cerven-2025-6819a3275b7cf.zip",4601750
4,"Pracovní skupina k seznamu zdravotních výkonů s bodovými hodnotami","Vypořádání připomínek_Červen 2025_2.část","https://ppo.mzcr.cz/upload/files/vyporadani-pripominek-predkladatelu-k-navrhum-registracnich-listu-vyporadani-pripominek-cerven-2025-2-cast-6819a370ec7e3.zip",8990611
4,"Pracovní skupina k seznamu zdravotních výkonů s bodovými hodnotami","Vypořádání připomínek PS k SZV Září 2025","https://ppo.mzcr.cz/upload/files/vyporadani-pripominek-predkladatelu-k-navrhum-registracnich-listu-vyporadani-pripominek-ps-k-szv-zari-2025-6909a2d6ee5fd.zip",627251
4,"Pracovní skupina k seznamu zdravotních výkonů s bodovými hodnotami","Vypořádání připomínek PS k SZV Prosinec 2025","https://ppo.mzcr.cz/upload/files/vyporadani-pripominek-predkladatelu-k-navrhum-registracnich-listu-vyporadani-pripominek-ps-k-szv-prosinec-2025-6909a2ead1007.zip",5756677
4,"Pracovní skupina k seznamu zdravotních výkonů s bodovými hodnotami","Vypořádání připomínek PS k SZV Březen 2026","https://ppo.mzcr.cz/upload/files/vyporadani-pripominek-predkladatelu-k-navrhum-registracnich-listu-vyporadani-pripominek-ps-k-szv-brezen-2026-69fc581ae9cbb.zip",43709062
4,"Pracovní skupina k seznamu zdravotních výkonů s bodovými hodnotami","Vypořádání připomínek PS k SZV Červen 2026","https://ppo.mzcr.cz/upload/files/vyporadani-pripominek-predkladatelu-k-navrhum-registracnich-listu-vyporadani-pripominek-ps-k-szv-cerven-2026-69fc583a1215d.zip",7546881
4,"Pracovní skupina k seznamu zdravotních výkonů s bodovými hodnotami","2024","https://ppo.mzcr.cz/upload/files/terminy-k-predkladani-navrhu-a-terminy-konani-pracovni-skupiny-k-seznamu-vykonu-2024-670cac99c06a3.docx",26208
4,"Pracovní skupina k seznamu zdravotních výkonů s bodovými hodnotami","2025","https://ppo.mzcr.cz/upload/files/terminy-k-predkladani-navrhu-a-terminy-konani-pracovni-skupiny-k-seznamu-vykonu-2025-670cace0649a8.docx",26508
4,"Pracovní skupina k seznamu zdravotních výkonů s bodovými hodnotami","2026","https://ppo.mzcr.cz/upload/files/terminy-k-predkladani-navrhu-a-terminy-konani-pracovni-skupiny-k-seznamu-vykonu-2026-6927e866eaa56.docx",26918
7,"Národní transfuzní komise MZ","Statut NTK MZ","https://ppo.mzcr.cz/upload/files/statut-ntk-mz-statut-ntk-mz-61dd5454265bb.pdf",229700
7,"Národní transfuzní komise MZ","Zápis ze zasedání NTK MZ 7. 6. 2017","https://ppo.mzcr.cz/upload/files/zapisy-ze-zasedani-ntk-mz-zapis-ze-zasedani-ntk-mz-7-6-2017-5b850c462957d.doc",117760
7,"Národní transfuzní komise MZ","Zápis ze zasedání NTK MZ 25. 6. 2018","https://ppo.mzcr.cz/upload/files/zapisy-ze-zasedani-ntk-mz-zapis-ze-zasedani-ntk-mz-25-6-2018-5c614e6621be0.doc",124416
7,"Národní transfuzní komise MZ","Zápis ze zasedání NTK MZ 10. 6. 2019","https://ppo.mzcr.cz/upload/files/zapisy-ze-zasedani-ntk-mz-zapis-ze-zasedani-ntk-mz-10-6-2019-5dfb788ceac44.doc",116736
7,"Národní transfuzní komise MZ","Zápis z jednání NTK MZ 20. 10. 2020","https://ppo.mzcr.cz/upload/files/zapisy-ze-zasedani-ntk-mz-zapis-z-jednani-ntk-mz-20-10-2020-5fdb206a7d480.doc",119808
7,"Národní transfuzní komise MZ","Zápis z jednání NTK MZ 21. 4. 2022","https://ppo.mzcr.cz/upload/files/zapisy-ze-zasedani-ntk-mz-zapis-z-jednani-ntk-mz-21-4-2022-628c95c685f4e.doc",140288
7,"Národní transfuzní komise MZ","zápis z jednání NTK MZ 12. 6. 2023","https://ppo.mzcr.cz/upload/files/zapisy-ze-zasedani-ntk-mz-zapis-z-jednani-ntk-mz-12-6-2023-6509538addd84.doc",134656
7,"Národní transfuzní komise MZ","zápis z jednání NTK MZ 8. 10. 2024","https://ppo.mzcr.cz/upload/files/zapisy-ze-zasedani-ntk-mz-zapis-z-jednani-ntk-mz-8-10-2024-67d043ccc01e0.doc",131584
8,"Lékopisná komise Ministerstva zdravotnictví","Zřizovací dekret ministra 44 2024 kterým se zřizuje LK MZ","https://ppo.mzcr.cz/upload/files/jednaci-a-organizacni-rad-lk-mz-zrizovaci-dekret-ministra-44-2024-kterym-se-zrizuje-lk-mz-68ca9f7408861.pdf",202137
8,"Lékopisná komise Ministerstva zdravotnictví","Zápis ze zasedání LK MZ 13. 9. 2017","https://ppo.mzcr.cz/upload/files/zapisy-ze-zasedani-lk-mz-zapis-ze-zasedani-lk-mz-13-9-2017-5b850d777e688.docx",43606
8,"Lékopisná komise Ministerstva zdravotnictví","Zápis ze zasedání LK MZ 26. 4. 2018","https://ppo.mzcr.cz/upload/files/zapisy-ze-zasedani-lk-mz-zapis-ze-zasedani-lk-mz-26-4-2018-5cdab1edf25af.docx",47888
8,"Lékopisná komise Ministerstva zdravotnictví","Zápis ze zasedání LK MZ 24. 4. 2019","https://ppo.mzcr.cz/upload/files/zapisy-ze-zasedani-lk-mz-zapis-ze-zasedani-lk-mz-24-4-2019-627cc45e68856.pdf",358492
8,"Lékopisná komise Ministerstva zdravotnictví","Zápis ze zasedání LK MZ 30. 9. 2020","https://ppo.mzcr.cz/upload/files/zapisy-ze-zasedani-lk-mz-zapis-ze-zasedani-lk-mz-30-9-2020-627cc47f7e514.pdf",513168
8,"Lékopisná komise Ministerstva zdravotnictví","Zápis ze zasedání LK MZ 21. 4. 2021","https://ppo.mzcr.cz/upload/files/zapisy-ze-zasedani-lk-mz-zapis-ze-zasedani-lk-mz-21-4-2021-627cc4a0687f4.pdf",335554
8,"Lékopisná komise Ministerstva zdravotnictví","Zápis ze zasedání LK MZ 18. 1. 2022","https://ppo.mzcr.cz/upload/files/zapisy-ze-zasedani-lk-mz-zapis-ze-zasedani-lk-mz-18-1-2022-66d5bc93670a0.docx",53423
8,"Lékopisná komise Ministerstva zdravotnictví","Zápis ze zasedání LK MZ 29. 3. 2023","https://ppo.mzcr.cz/upload/files/zapisy-ze-zasedani-lk-mz-zapis-ze-zasedani-lk-mz-29-3-2023-66d5bd826d1cd.docx",230504
8,"Lékopisná komise Ministerstva zdravotnictví","Zápis ze zasedání LK MZ 21. 5. 2024","https://ppo.mzcr.cz/upload/files/zapisy-ze-zasedani-lk-mz-zapis-ze-zasedani-lk-mz-21-5-2024-68c969d789f54.pdf",411489
11,"Národní imunizační komise (NIKO)","Zápis_z_jednání_NIKO_7.12.2017_(1354093)","https://ppo.mzcr.cz/upload/files/zapisy-z-jednani-zapis-z-jednani-niko-7-12-2017-1354093-5f135790a58a1.pdf",176750
11,"Národní imunizační komise (NIKO)","Zápis_z_jednání_NIKO_20.9.2018","https://ppo.mzcr.cz/upload/files/zapisy-z-jednani-zapis-z-jednani-niko-20-9-2018-5f1357a06d552.pdf",932818
11,"Národní imunizační komise (NIKO)","Zápis_z_jednání_NIKO_5.4.2019","https://ppo.mzcr.cz/upload/files/zapisy-z-jednani-zapis-z-jednani-niko-5-4-2019-5f1357adb08c9.pdf",209700
11,"Národní imunizační komise (NIKO)","Zápis z jednání NIKO 30.7.2020","https://ppo.mzcr.cz/upload/files/zapisy-z-jednani-zapis-z-jednani-niko-30-7-2020-604897cba1b02.pdf",438033
11,"Národní imunizační komise (NIKO)","Zápis z jednání NIKO 7.1.2021","https://ppo.mzcr.cz/upload/files/zapisy-z-jednani-zapis-z-jednani-niko-7-1-2021-604898d21bdea.pdf",173858
11,"Národní imunizační komise (NIKO)","Zápis z jednání NIKO 25.5.2021","https://ppo.mzcr.cz/upload/files/zapisy-z-jednani-zapis-z-jednani-niko-25-5-2021-60b7563bb263e.pdf",178339
11,"Národní imunizační komise (NIKO)","Zápis z jednání NIKO 16.6.2022","https://ppo.mzcr.cz/upload/files/zapisy-z-jednani-zapis-z-jednani-niko-16-6-2022-62c6e4bd2c39d.pdf",254438
11,"Národní imunizační komise (NIKO)","Zápis_z_jednání_NIKO_28.6.2023","https://ppo.mzcr.cz/upload/files/zapisy-z-jednani-zapis-z-jednani-niko-28-6-2023-64afc0702bf0f.pdf",215716
11,"Národní imunizační komise (NIKO)","Příloha_2_k_zápisu_z_jednání_NIKO_28.6.2023","https://ppo.mzcr.cz/upload/files/zapisy-z-jednani-priloha-2-k-zapisu-z-jednani-niko-28-6-2023-64afc0dc38554.pdf",1036306
11,"Národní imunizační komise (NIKO)","Příloha_3-k_zápisu_z_jednání_NIKO_28.6.2023","https://ppo.mzcr.cz/upload/files/zapisy-z-jednani-priloha-3-k-zapisu-z-jednani-niko-28-6-2023-64afc11da55d1.pdf",1366471
11,"Národní imunizační komise (NIKO)","Zápis z jednání NIKO 6.6.2024","https://ppo.mzcr.cz/upload/files/zapisy-z-jednani-zapis-z-jednani-niko-6-6-2024-666abae1de3aa.pdf",211566
11,"Národní imunizační komise (NIKO)","Příloha č. 2 k zápisu z NIKO 6.6.2024","https://ppo.mzcr.cz/upload/files/zapisy-z-jednani-priloha-c-2-k-zapisu-z-niko-6-6-2024-666abb325c67a.pdf",452633
11,"Národní imunizační komise (NIKO)","Příloha č. 3 k zápisu z NIKO 6.6.2024","https://ppo.mzcr.cz/upload/files/zapisy-z-jednani-priloha-c-3-k-zapisu-z-niko-6-6-2024-666abbc6a1472.pdf",399211
11,"Národní imunizační komise (NIKO)","Zápis z jednání NIKO 18.11.2024","https://ppo.mzcr.cz/upload/files/zapisy-z-jednani-zapis-z-jednani-niko-18-11-2024-6749706a36cb6.pdf",218184
11,"Národní imunizační komise (NIKO)","Příloha k zápisu z jednání NIKO 18.11.2024","https://ppo.mzcr.cz/upload/files/zapisy-z-jednani-priloha-k-zapisu-z-jednani-niko-18-11-2024-674970c028d28.pdf",226673
11,"Národní imunizační komise (NIKO)","Zápis z jednání NIKO 18.2.2025","https://ppo.mzcr.cz/upload/files/zapisy-z-jednani-zapis-z-jednani-niko-18-2-2025-67cabbcb75c73.pdf",208839
11,"Národní imunizační komise (NIKO)","Příloha k zápisu z jednání NIKO 18.2.2025","https://ppo.mzcr.cz/upload/files/zapisy-z-jednani-priloha-k-zapisu-z-jednani-niko-18-2-2025-67cabc528804e.pdf",215592
11,"Národní imunizační komise (NIKO)","Zápis z jednání NIKO 4.6.2025","https://ppo.mzcr.cz/upload/files/zapisy-z-jednani-zapis-z-jednani-niko-4-6-2025-685cf3a942722.pdf",189539
11,"Národní imunizační komise (NIKO)","Zápis z jednání NIKO 10.11.2025","https://ppo.mzcr.cz/upload/files/zapisy-z-jednani-zapis-z-jednani-niko-10-11-2025-692ea01a1aabb.pdf",169039
11,"Národní imunizační komise (NIKO)","Příloha 1 k zápisu z jednání NIKO 10.11.2025","https://ppo.mzcr.cz/upload/files/zapisy-z-jednani-priloha-1-k-zapisu-z-jednani-niko-10-11-2025-692ea04f40a49.pdf",172107
11,"Národní imunizační komise (NIKO)","Příloha 2 k zápisu z jednání NIKO 10.11.2025","https://ppo.mzcr.cz/upload/files/zapisy-z-jednani-priloha-2-k-zapisu-z-jednani-niko-10-11-2025-692ea06e1d0ba.pdf",114006
11,"Národní imunizační komise (NIKO)","Zápis_z_jednání_NIKO_9._2._2016","https://ppo.mzcr.cz/upload/files/zapisy-z-jednani-rok-2016-zapis-z-jednani-niko-9-2-2016-5f13576fd31fc.pdf",142888
11,"Národní imunizační komise (NIKO)","Zápis_z_jednání_NIKO_19.10.2016_-_web","https://ppo.mzcr.cz/upload/files/zapisy-z-jednani-rok-2016-zapis-z-jednani-niko-19-10-2016-web-5f13577506b71.pdf",234138
11,"Národní imunizační komise (NIKO)","Zápis_z_jednání_NIKO_7.1.2015","https://ppo.mzcr.cz/upload/files/zapisy-z-jednani-rok-2015-zapis-z-jednani-niko-7-1-2015-5f1356ed6b5b6.pdf",187339
11,"Národní imunizační komise (NIKO)","Zápis_z_jednání_NIKO_8.4.2015","https://ppo.mzcr.cz/upload/files/zapisy-z-jednani-rok-2015-zapis-z-jednani-niko-8-4-2015-5f1357038cdd3.pdf",142763
11,"Národní imunizační komise (NIKO)","Zápis_z_jednání_NIKO_28.5.2015","https://ppo.mzcr.cz/upload/files/zapisy-z-jednani-rok-2015-zapis-z-jednani-niko-28-5-2015-5f13570d73c37.pdf",146259
11,"Národní imunizační komise (NIKO)","Zápis_z_jednání_NIKO_11._9._2015","https://ppo.mzcr.cz/upload/files/zapisy-z-jednani-rok-2015-zapis-z-jednani-niko-11-9-2015-5f13571787248.pdf",136757
11,"Národní imunizační komise (NIKO)","Zápis_NIKO_8.12.2015","https://ppo.mzcr.cz/upload/files/zapisy-z-jednani-rok-2015-zapis-niko-8-12-2015-5f13571f7caa4.pdf",113632
11,"Národní imunizační komise (NIKO)","zápis_NIKO_26.3.2014_final","https://ppo.mzcr.cz/upload/files/zapisy-z-jednani-rok-2014-zapis-niko-26-3-2014-final-5f135493db159.pdf",231660
11,"Národní imunizační komise (NIKO)","zápis_NIKO_26.3.2014_final_příloha_1","https://ppo.mzcr.cz/upload/files/zapisy-z-jednani-rok-2014-zapis-niko-26-3-2014-final-priloha-1-5f1354a18af9f.pdf",282577
11,"Národní imunizační komise (NIKO)","zápis_NIKO_26.3.2014_final_příloha_2","https://ppo.mzcr.cz/upload/files/zapisy-z-jednani-rok-2014-zapis-niko-26-3-2014-final-priloha-2-5f1356769ad13.pdf",508541
11,"Národní imunizační komise (NIKO)","zápis_NIKO_26.3.2014_final_příloha_3","https://ppo.mzcr.cz/upload/files/zapisy-z-jednani-rok-2014-zapis-niko-26-3-2014-final-priloha-3-5f13568530a87.pdf",1996884
11,"Národní imunizační komise (NIKO)","zápis_NIKO_26.3.2014_final_příloha_4","https://ppo.mzcr.cz/upload/files/zapisy-z-jednani-rok-2014-zapis-niko-26-3-2014-final-priloha-4-5f13568f03478.pdf",443773
11,"Národní imunizační komise (NIKO)","Zápis_NIKO_7._7._2014","https://ppo.mzcr.cz/upload/files/zapisy-z-jednani-rok-2014-zapis-niko-7-7-2014-5f1356a4cb097.pdf",231901
11,"Národní imunizační komise (NIKO)","Zápis_NIKO_7._7._2014_Příloha_2_Důvodová_zpráva_k_novele_vyhlášky_o_očkování","https://ppo.mzcr.cz/upload/files/zapisy-z-jednani-rok-2014-zapis-niko-7-7-2014-priloha-2-duvodova-zprava-k-novele-vyhlasky-o-ockovani-5f1356af88bbe.pdf",251466
11,"Národní imunizační komise (NIKO)","Zápis_NIKO_7._7._2014_Příloha_3_Denní_monitoring_25._6._2014","https://ppo.mzcr.cz/upload/files/zapisy-z-jednani-rok-2014-zapis-niko-7-7-2014-priloha-3-denni-monitoring-25-6-2014-5f1356ba4aed5.pdf",138225
11,"Národní imunizační komise (NIKO)","Zápis_z_jednání_NIKO_8._10._2014_","https://ppo.mzcr.cz/upload/files/zapisy-z-jednani-rok-2014-zapis-z-jednani-niko-8-10-2014-5f1356c527f80.pdf",201701
11,"Národní imunizační komise (NIKO)","Zápis_NIKO_16.4.2013_web","https://ppo.mzcr.cz/upload/files/zapisy-z-jednani-rok-2013-zapis-niko-16-4-2013-web-5f13546f5cf92.pdf",50094
11,"Národní imunizační komise (NIKO)","Zápis_NIKO_30.10.2013_web","https://ppo.mzcr.cz/upload/files/zapisy-z-jednani-rok-2013-zapis-niko-30-10-2013-web-5f1354791990d.docx",23683
11,"Národní imunizační komise (NIKO)","Zápis_ze_zasedání_NIKO_16.2.2012_web","https://ppo.mzcr.cz/upload/files/zapisy-z-jednani-rok-2012-zapis-ze-zasedani-niko-16-2-2012-web-5f13540705e81.pdf",61585
11,"Národní imunizační komise (NIKO)","Zápis_NIKO_16._2._2012_Příloha_1a","https://ppo.mzcr.cz/upload/files/zapisy-z-jednani-rok-2012-zapis-niko-16-2-2012-priloha-1a-5f13540d08296.pdf",74683
11,"Národní imunizační komise (NIKO)","Zápis_NIKO_16._2._2012_Příloha_1b","https://ppo.mzcr.cz/upload/files/zapisy-z-jednani-rok-2012-zapis-niko-16-2-2012-priloha-1b-5f1354140867b.xls",15872
11,"Národní imunizační komise (NIKO)","Zápis_NIKO_16._2._2012_Příloha_2","https://ppo.mzcr.cz/upload/files/zapisy-z-jednani-rok-2012-zapis-niko-16-2-2012-priloha-2-5f13541ad29ed.pdf",43048
11,"Národní imunizační komise (NIKO)","Zápis_ze_zasedání_NIKO_11.4._2012","https://ppo.mzcr.cz/upload/files/zapisy-z-jednani-rok-2012-zapis-ze-zasedani-niko-11-4-2012-5f135420b19a8.pdf",62866
11,"Národní imunizační komise (NIKO)","Zápis_ze_zasedání_NIKO_10.10._2012_web","https://ppo.mzcr.cz/upload/files/zapisy-z-jednani-rok-2012-zapis-ze-zasedani-niko-10-10-2012-web-5f135426e65a4.pdf",76427
11,"Národní imunizační komise (NIKO)","Zápis_ze_zasedání_NIKO_31_3_2011_pro_web_final","https://ppo.mzcr.cz/upload/files/zapisy-z-jednani-rok-2011-zapis-ze-zasedani-niko-31-3-2011-pro-web-final-5f1353d59561f.pdf",40314
11,"Národní imunizační komise (NIKO)","Zápis_NIKO_31._3._2011_Příloha_1b","https://ppo.mzcr.cz/upload/files/zapisy-z-jednani-rok-2011-zapis-niko-31-3-2011-priloha-1b-5f1353e19f8dd.pdf",140786
11,"Národní imunizační komise (NIKO)","Zápis_NIKO_31._3._2011_Příloha_2","https://ppo.mzcr.cz/upload/files/zapisy-z-jednani-rok-2011-zapis-niko-31-3-2011-priloha-2-5f1353e93a560.pdf",43434
11,"Národní imunizační komise (NIKO)","Zápis_ze_zasedání_NIKO_1._6._2011","https://ppo.mzcr.cz/upload/files/zapisy-z-jednani-rok-2011-zapis-ze-zasedani-niko-1-6-2011-5f1353f169f76.pdf",40579
11,"Národní imunizační komise (NIKO)","Zápis_ze_zasedání_NIKO_6_9_2011_web","https://ppo.mzcr.cz/upload/files/zapisy-z-jednani-rok-2011-zapis-ze-zasedani-niko-6-9-2011-web-5f1353f8f39ee.pdf",51256
11,"Národní imunizační komise (NIKO)","Zápis_ze_zasedání_NIKO_8_.11._2011_web","https://ppo.mzcr.cz/upload/files/zapisy-z-jednani-rok-2011-zapis-ze-zasedani-niko-8-11-2011-web-5f1353ffe206d.pdf",34132
11,"Národní imunizační komise (NIKO)","Zápis_ze_zasedání_NIKO_1_11_2010_web","https://ppo.mzcr.cz/upload/files/zapisy-z-jednani-rok-2010-zapis-ze-zasedani-niko-1-11-2010-web-5f1353b51cceb.pdf",50407
11,"Národní imunizační komise (NIKO)","Zápis_NIKO_1._11._2010_Příloha_1b","https://ppo.mzcr.cz/upload/files/zapisy-z-jednani-rok-2010-zapis-niko-1-11-2010-priloha-1b-5f1353bd400b1.pdf",57458
11,"Národní imunizační komise (NIKO)","Zápis_NIKO_1._11._2010_Příloha_2","https://ppo.mzcr.cz/upload/files/zapisy-z-jednani-rok-2010-zapis-niko-1-11-2010-priloha-2-5f1353c61203c.pdf",320486
11,"Národní imunizační komise (NIKO)","Příkaz ministra zdravotnictví - zřízení NIKO","https://ppo.mzcr.cz/upload/files/zakladni-dokumenty-prikaz-ministra-zdravotnictvi-zrizeni-niko-63e4eff3eb85b.pdf",246369
16,"Mezirezortní koordinační pracovní skupina Národního programu HIV/AIDS","Statut a jednací řád Koordinační skupiny","https://ppo.mzcr.cz/upload/files/zrizovaci-dekret-ministra-c-13-2023-zdm-statut-a-jednaci-rad-koordinacni-skupiny-671b41280b3a6.pdf",158779
22,"Resortní koordinační skupina Ministerstva zdravotnictví ČR pro Evropskou unii","program zasedání","https://ppo.mzcr.cz/upload/files/jednani-rks-1-6-2018-program-zasedani-5b2b6bc8e3c70.docx",167953
22,"Resortní koordinační skupina Ministerstva zdravotnictví ČR pro Evropskou unii","zápis","https://ppo.mzcr.cz/upload/files/jednani-rks-1-6-2018-zapis-5b2b6bdc5a161.docx",72405
22,"Resortní koordinační skupina Ministerstva zdravotnictví ČR pro Evropskou unii","Zápis","https://ppo.mzcr.cz/upload/files/jednani-rks-19-11-2018-zapis-5c373c6d046c3.docx",58728
22,"Resortní koordinační skupina Ministerstva zdravotnictví ČR pro Evropskou unii","Program zasedání","https://ppo.mzcr.cz/upload/files/jednani-rks-19-11-2018-program-zasedani-5c373c8bc9084.pdf",447296
22,"Resortní koordinační skupina Ministerstva zdravotnictví ČR pro Evropskou unii","Program jednání","https://ppo.mzcr.cz/upload/files/jednani-rks-29-5-2019-program-jednani-5e2c4c73ec643.pdf",381938
22,"Resortní koordinační skupina Ministerstva zdravotnictví ČR pro Evropskou unii","zápis","https://ppo.mzcr.cz/upload/files/jednani-rks-29-5-2019-zapis-5e2c4c87b65af.docx",61558
22,"Resortní koordinační skupina Ministerstva zdravotnictví ČR pro Evropskou unii","Program jednání","https://ppo.mzcr.cz/upload/files/jednani-rks-22-11-2019-program-jednani-5e2c4c3bdf16e.docx",51264
22,"Resortní koordinační skupina Ministerstva zdravotnictví ČR pro Evropskou unii","zápis","https://ppo.mzcr.cz/upload/files/jednani-rks-22-11-2019-zapis-5e2c4c4996b6b.docx",73559
23,"Pracovní skupina Ministerstva zdravotnictví pro koordinaci spolupráce s OECD","Zápis z 1. setkání PS OECD_21.8.2018","https://ppo.mzcr.cz/upload/files/zapis-ze-setkani-pracovni-skupiny-mz-pro-koordinaci-spoluprace-s-oecd-zapis-z-1-setkani-ps-oecd-21-8-2018-5b9a1336d126f.docx",32859
23,"Pracovní skupina Ministerstva zdravotnictví pro koordinaci spolupráce s OECD","Zápis z 2. setkání PS OECD_30.8.2019","https://ppo.mzcr.cz/upload/files/zapis-ze-setkani-pracovni-skupiny-mz-pro-koordinaci-spoluprace-s-oecd-zapis-z-2-setkani-ps-oecd-30-8-2019-5da71b276a741.docx",47637
23,"Pracovní skupina Ministerstva zdravotnictví pro koordinaci spolupráce s OECD","Mandát HC OECD 2018 - 2022","https://ppo.mzcr.cz/upload/files/mandat-hc-oecd-mandat-hc-oecd-2018-2022-5c614ad75a40d.pdf",233931
23,"Pracovní skupina Ministerstva zdravotnictví pro koordinaci spolupráce s OECD","Přehled aktivit HC v roce 2018","https://ppo.mzcr.cz/upload/files/mandat-hc-oecd-prehled-aktivit-hc-v-roce-2018-5c614af3edd02.pdf",7211253
23,"Pracovní skupina Ministerstva zdravotnictví pro koordinaci spolupráce s OECD","Shrnutí spolupráce MZ s OECD (říjen 2019)","https://ppo.mzcr.cz/upload/files/participace-mz-v-oecd-shrnuti-spoluprace-mz-s-oecd-rijen-2019-5daebc63baf73.docx",49272
23,"Pracovní skupina Ministerstva zdravotnictví pro koordinaci spolupráce s OECD","Tabulka členů PS OECD_leden 2020","https://ppo.mzcr.cz/upload/files/participace-mz-v-oecd-tabulka-clenu-ps-oecd-leden-2020-5e2aa7412488e.xlsx",12236
25,"Pracovní skupina pro reformu primární péče","Záznam z jednání_ Reforma primární GYN -POR péče_28_4_2026","https://ppo.mzcr.cz/upload/files/jednani-pracovni-skupiny-pro-reformu-primarni-gynekologicko-porodnicke-pece-zaznam-z-jednani-reforma-primarni-gyn-por-pece-28-4-2026-6a29353a6fb2c.pdf",129485
25,"Pracovní skupina pro reformu primární péče","Záznam z jednání_ Reforma primární péče_7_4_2026_VPL a PLDD","https://ppo.mzcr.cz/upload/files/jednani-pracovni-skupiny-pro-reformu-primarni-pece-zamerene-na-vpl-pldd-nebo-pediatrii-zaznam-z-jednani-reforma-primarni-pece-7-4-2026-vpl-a-pldd-6a16f806c10cd.pdf",122320
25,"Pracovní skupina pro reformu primární péče","Záznam z jednání_ Reforma primární péče_4_5_2026_VPL a PLDD","https://ppo.mzcr.cz/upload/files/jednani-pracovni-skupiny-pro-reformu-primarni-pece-zamerene-na-vpl-pldd-nebo-pediatrii-zaznam-z-jednani-reforma-primarni-pece-4-5-2026-vpl-a-pldd-6a2935c88b2b4.pdf",123443
25,"Pracovní skupina pro reformu primární péče","Záznam z jednání_ Reforma primární péče_21 _4_2026_stomatologie","https://ppo.mzcr.cz/upload/files/jednani-pracovni-skupiny-pro-reformu-primarni-pece-zamerene-na-zubni-lekarstvi-oblast-stomatologie-zaznam-z-jednani-reforma-primarni-pece-21-4-2026-stomatologie-6a16f7b28485d.pdf",121281
25,"Pracovní skupina pro reformu primární péče","Zřizovací dekret ministra č. 14/2026/ZDM_statut a jednací řád","https://ppo.mzcr.cz/upload/files/zakladni-dokumenty-zrizovaci-dekret-ministra-c-14-2026-zdm-statut-a-jednaci-rad-6a16f6a4a28f4.pdf",191171
32,"Komise pro reprodukční medicínu","18.10.2017 - zápis z jednání","https://ppo.mzcr.cz/upload/files/zapisy-z-jednani-18-10-2017-zapis-z-jednani-5e2af5c6043cd.docx",19134
32,"Komise pro reprodukční medicínu","26. 2. 2020 - zápis z jednání","https://ppo.mzcr.cz/upload/files/zapisy-z-jednani-26-2-2020-zapis-z-jednani-5ed0d953e5d51.docx",26588
32,"Komise pro reprodukční medicínu","26. 11. 2021 - zápis z jednání","https://ppo.mzcr.cz/upload/files/zapisy-z-jednani-26-11-2021-zapis-z-jednani-61eb12286809c.docx",25690
42,"Pracovní skupina pro lékařské ozáření","Příkaz ministra zdravotnictví č. 23/2015_Pracovní skupina pro lékařské ozáření (PSLO)","https://ppo.mzcr.cz/upload/files/statut-a-jednaci-rad-pracovni-skupiny-prikaz-ministra-zdravotnictvi-c-23-2015-pracovni-skupina-pro-lekarske-ozareni-pslo-6a292a66b00ba.pdf",1809561
44,"Pracovní skupina pro dobrovolnictví ve zdravotnictví","Zřizovací dekret vrchního ředitele sekce pro zdravotní péči č. 19/2023/ZD kterým se zřizuje Pracovní skupina pro dobrovolnictví ve zdravotnictví (PSDZ)","https://ppo.mzcr.cz/upload/files/statut-a-jednaci-rad-pracovni-skupiny-zrizovaci-dekret-vrchniho-reditele-sekce-pro-zdravotni-peci-c-19-2023-zd-kterym-se-zrizuje-pracovni-skupina-pro-dobrovolnictvi-ve-zdravotnictvi-psdz-6a29295402455.pdf",173557
44,"Pracovní skupina pro dobrovolnictví ve zdravotnictví","Zápis PSDZ_14.05.2025","https://ppo.mzcr.cz/upload/files/zapisy-z-jednani-zapis-psdz-14-05-2025-6a293b836158e.pdf",313584
44,"Pracovní skupina pro dobrovolnictví ve zdravotnictví","Zápis PSDZ_18.11.2025","https://ppo.mzcr.cz/upload/files/zapisy-z-jednani-zapis-psdz-18-11-2025-6a293b8ad9623.pdf",259184
44,"Pracovní skupina pro dobrovolnictví ve zdravotnictví","Zápis PSDZ_21.04.2026","https://ppo.mzcr.cz/upload/files/zapisy-z-jednani-zapis-psdz-21-04-2026-6a293b9157d63.pdf",390083
51,"Mezirezortní pracovní skupina pro snížení škod působených alkoholem - MPS SPA","INFORMACE O ČINNOSTI MPS SPA ZA ROK 2021","https://ppo.mzcr.cz/upload/files/cinnost-mps-spa-2021-informace-o-cinnosti-mps-spa-za-rok-2021-61d870608e6f0.pdf",83873
51,"Mezirezortní pracovní skupina pro snížení škod působených alkoholem - MPS SPA","INFORMACE O ČINNOSTI MPS SPA ZA ROK 2020","https://ppo.mzcr.cz/upload/files/jednani-mps-spa-v-roce-2020-informace-o-cinnosti-mps-spa-za-rok-2020-6089682d459d9.pdf",110890
51,"Mezirezortní pracovní skupina pro snížení škod působených alkoholem - MPS SPA","Program MPS SPA - duben","https://ppo.mzcr.cz/upload/files/jednani-mps-spa-v-roce-2019-program-mps-spa-duben-608695d1bf765.pdf",145874
51,"Mezirezortní pracovní skupina pro snížení škod působených alkoholem - MPS SPA","Program MPS SPA - listopad","https://ppo.mzcr.cz/upload/files/jednani-mps-spa-v-roce-2019-program-mps-spa-listopad-608695c73acf6.pdf",195523
51,"Mezirezortní pracovní skupina pro snížení škod působených alkoholem - MPS SPA","INFORMACE O ČINNOSTI MPS SPA ZA ROK 2019 z Výroční zprávy o činnosti RVKPP","https://ppo.mzcr.cz/upload/files/jednani-mps-spa-v-roce-2019-informace-o-cinnosti-mps-spa-za-rok-2019-z-vyrocni-zpravy-o-cinnosti-rvkpp-6086cc3c0c470.pdf",170384
51,"Mezirezortní pracovní skupina pro snížení škod působených alkoholem - MPS SPA","Program MPS SPA - leden","https://ppo.mzcr.cz/upload/files/jednani-mps-spa-v-roce-2018-program-mps-spa-leden-6086cc4b4f4ed.pdf",134298
51,"Mezirezortní pracovní skupina pro snížení škod působených alkoholem - MPS SPA","Program podskupina MPS SPA - květen","https://ppo.mzcr.cz/upload/files/jednani-mps-spa-v-roce-2018-program-podskupina-mps-spa-kveten-6086cc4b4e3f0.pdf",256248
51,"Mezirezortní pracovní skupina pro snížení škod působených alkoholem - MPS SPA","INFORMACE O ČINNOSTI MPS SPA ZA ROK 2018 z Výroční zprávy o činnosti RVKPP","https://ppo.mzcr.cz/upload/files/jednani-mps-spa-v-roce-2018-informace-o-cinnosti-mps-spa-za-rok-2018-z-vyrocni-zpravy-o-cinnosti-rvkpp-6086cc70500ef.pdf",170384
51,"Mezirezortní pracovní skupina pro snížení škod působených alkoholem - MPS SPA","INFORMACE O ČINNOSTI MPS SPA ZA ROK 2017 z Výroční zprávy o činnosti RVKPP","https://ppo.mzcr.cz/upload/files/jednani-mps-spa-v-roce-2017-informace-o-cinnosti-mps-spa-za-rok-2017-z-vyrocni-zpravy-o-cinnosti-rvkpp-60893e3443b09.pdf",165638
51,"Mezirezortní pracovní skupina pro snížení škod působených alkoholem - MPS SPA","INFORMACE O ČINNOSTI MPS SPA ZA ROK 2016 z Výroční zprávy o činnosti RVKPP","https://ppo.mzcr.cz/upload/files/jednani-mps-spa-v-roce-2016-informace-o-cinnosti-mps-spa-za-rok-2016-z-vyrocni-zpravy-o-cinnosti-rvkpp-60894bc94c538.pdf",173796
51,"Mezirezortní pracovní skupina pro snížení škod působených alkoholem - MPS SPA","Národní strategie prevence a snižování škod spojených se závislostním chováním 2019-2027","https://ppo.mzcr.cz/upload/files/dokumenty-souvisejici-s-mps-spa-narodni-strategie-prevence-a-snizovani-skod-spojenych-se-zavislostnim-chovanim-2019-2027-6086a324b6720.pdf",1711510
51,"Mezirezortní pracovní skupina pro snížení škod působených alkoholem - MPS SPA","Akční plán realizace Národní strategie prevence a snižování škod spojených se závislostním chováním 2019–2021","https://ppo.mzcr.cz/upload/files/dokumenty-souvisejici-s-mps-spa-akcni-plan-realizace-narodni-strategie-prevence-a-snizovani-skod-spojenych-se-zavislostnim-chovanim-2019-2021-6086a385834da.pdf",1580896
51,"Mezirezortní pracovní skupina pro snížení škod působených alkoholem - MPS SPA","Akční plán k omezení škod působených alkoholem v České republice pro období 2015 – 2018 (AP č. 4c)","https://ppo.mzcr.cz/upload/files/dokumenty-souvisejici-s-mps-spa-akcni-plan-k-omezeni-skod-pusobenych-alkoholem-v-ceske-republice-pro-obdobi-2015-2018-ap-c-4c-608951e3dc405.pdf",945921
51,"Mezirezortní pracovní skupina pro snížení škod působených alkoholem - MPS SPA","Souhrnná závěrečná zpráva AP alkohol 2015-2018","https://ppo.mzcr.cz/upload/files/dokumenty-souvisejici-s-mps-spa-souhrnna-zaverecna-zprava-ap-alkohol-2015-2018-6089690d379f5.pdf",482071
52,"Pracovní skupina pro návykové nemoci při Ministerstvu zdravotnictví  (PSPNN)","program PSPNN - únor","https://ppo.mzcr.cz/upload/files/jednani-pspnn-v-roce-2018-program-pspnn-unor-5f983d5823773.pdf",137172
52,"Pracovní skupina pro návykové nemoci při Ministerstvu zdravotnictví  (PSPNN)","program PSPNN - červen","https://ppo.mzcr.cz/upload/files/jednani-pspnn-v-roce-2018-program-pspnn-cerven-5f983d9e297ba.pdf",138282
52,"Pracovní skupina pro návykové nemoci při Ministerstvu zdravotnictví  (PSPNN)","program PSPNN - leden","https://ppo.mzcr.cz/upload/files/jednani-pspnn-v-roce-2017-program-pspnn-leden-5f983f8581dc2.pdf",135035
52,"Pracovní skupina pro návykové nemoci při Ministerstvu zdravotnictví  (PSPNN)","program PSPNN - březen","https://ppo.mzcr.cz/upload/files/jednani-pspnn-v-roce-2017-program-pspnn-brezen-5f983fa172233.pdf",135217
52,"Pracovní skupina pro návykové nemoci při Ministerstvu zdravotnictví  (PSPNN)","program PSPNN - listopad","https://ppo.mzcr.cz/upload/files/jednani-pspnn-v-roce-2017-program-pspnn-listopad-5f984011be4de.pdf",138604
55,"Mezirezortní pracovní skupina k problematice komplexní ochrany před škodami působenými tabákem (MPS KOTA)","Informace o činnosti MPS KOTA v roce 2021","https://ppo.mzcr.cz/upload/files/cinnost-mps-kota-2021-informace-o-cinnosti-mps-kota-v-roce-2021-61d86eceea3de.pdf",103687
55,"Mezirezortní pracovní skupina k problematice komplexní ochrany před škodami působenými tabákem (MPS KOTA)","Informace o průběhu a výsledcích COP 9","https://ppo.mzcr.cz/upload/files/cinnost-mps-kota-2021-informace-o-prubehu-a-vysledcich-cop-9-61d86f11d8d34.pdf",224872
55,"Mezirezortní pracovní skupina k problematice komplexní ochrany před škodami působenými tabákem (MPS KOTA)","Informace o činnosti MPS KOTA v roce 2020","https://ppo.mzcr.cz/upload/files/cinnost-mps-kota-2020-informace-o-cinnosti-mps-kota-v-roce-2020-60896fd1681f0.pdf",66239
55,"Mezirezortní pracovní skupina k problematice komplexní ochrany před škodami působenými tabákem (MPS KOTA)","Program MPS KOTA 3.5.2019","https://ppo.mzcr.cz/upload/files/jednani-mps-kota-2019-program-mps-kota-3-5-2019-5e33e8a343751.pdf",149095
55,"Mezirezortní pracovní skupina k problematice komplexní ochrany před škodami působenými tabákem (MPS KOTA)","Program MPS KOTA 28.11.2019","https://ppo.mzcr.cz/upload/files/jednani-mps-kota-2019-program-mps-kota-28-11-2019-5e33e973f2195.pdf",176086
55,"Mezirezortní pracovní skupina k problematice komplexní ochrany před škodami působenými tabákem (MPS KOTA)","Souhrnný záznam MPS KOTA 3.5.2019","https://ppo.mzcr.cz/upload/files/jednani-mps-kota-2019-souhrnny-zaznam-mps-kota-3-5-2019-5f16a477740c7.pdf",145754
55,"Mezirezortní pracovní skupina k problematice komplexní ochrany před škodami působenými tabákem (MPS KOTA)","Souhrnný záznam MPS KOTA 28.11.2019","https://ppo.mzcr.cz/upload/files/jednani-mps-kota-2019-souhrnny-zaznam-mps-kota-28-11-2019-5f16a4a93b7fb.pdf",143347
55,"Mezirezortní pracovní skupina k problematice komplexní ochrany před škodami působenými tabákem (MPS KOTA)","Souhrn činnosti MPS KOTA v roce 2019 (z Výroční zprávy o činnosti RVKPP 2019)","https://ppo.mzcr.cz/upload/files/jednani-mps-kota-2019-souhrn-cinnosti-mps-kota-v-roce-2019-z-vyrocni-zpravy-o-cinnosti-rvkpp-2019-5f16aa1009729.pdf",169571
55,"Mezirezortní pracovní skupina k problematice komplexní ochrany před škodami působenými tabákem (MPS KOTA)","PODskupina MPS KOTA souhrnný záznam a program 1. jednání 4.6.2019","https://ppo.mzcr.cz/upload/files/jednani-mps-kota-2019-podskupina-mps-kota-souhrnny-zaznam-a-program-1-jednani-4-6-2019-5f16b0bab14ef.pdf",136914
55,"Mezirezortní pracovní skupina k problematice komplexní ochrany před škodami působenými tabákem (MPS KOTA)","PODskupina MPS KOTA souhrnný záznam a program 2. jednání 16.7.2019","https://ppo.mzcr.cz/upload/files/jednani-mps-kota-2019-podskupina-mps-kota-souhrnny-zaznam-a-program-2-jednani-16-7-2019-5f16b0e925897.pdf",176007
55,"Mezirezortní pracovní skupina k problematice komplexní ochrany před škodami působenými tabákem (MPS KOTA)","Program MPS KOTA 26.6.2018","https://ppo.mzcr.cz/upload/files/jednani-mps-kota-2018-program-mps-kota-26-6-2018-5f16a0e9cc443.pdf",150530
55,"Mezirezortní pracovní skupina k problematice komplexní ochrany před škodami působenými tabákem (MPS KOTA)","Program MPS KOTA 10.12.2018","https://ppo.mzcr.cz/upload/files/jednani-mps-kota-2018-program-mps-kota-10-12-2018-5f16a12b3d1d3.pdf",150435
55,"Mezirezortní pracovní skupina k problematice komplexní ochrany před škodami působenými tabákem (MPS KOTA)","Souhrn činnosti MPS KOTA v roce 2018","https://ppo.mzcr.cz/upload/files/jednani-mps-kota-2018-souhrn-cinnosti-mps-kota-v-roce-2018-60897d05822d2.pdf",180031
55,"Mezirezortní pracovní skupina k problematice komplexní ochrany před škodami působenými tabákem (MPS KOTA)","Program MPS KOTA 12.12.2017","https://ppo.mzcr.cz/upload/files/jednani-mps-kota-2017-program-mps-kota-12-12-2017-5f16a20ad797a.pdf",148775
55,"Mezirezortní pracovní skupina k problematice komplexní ochrany před škodami působenými tabákem (MPS KOTA)","Program MPS KOTA 10.5.2017","https://ppo.mzcr.cz/upload/files/jednani-mps-kota-2017-program-mps-kota-10-5-2017-5f16a2d81c556.pdf",149081
55,"Mezirezortní pracovní skupina k problematice komplexní ochrany před škodami působenými tabákem (MPS KOTA)","Souhrn činnosti MPS KOTA v roce 2017","https://ppo.mzcr.cz/upload/files/jednani-mps-kota-2017-souhrn-cinnosti-mps-kota-v-roce-2017-60897db54e787.pdf",175107
55,"Mezirezortní pracovní skupina k problematice komplexní ochrany před škodami působenými tabákem (MPS KOTA)","Příloha k závěrečnému hodnocení Akčního plánu v oblasti kontroly tabáku 2015 - 2018","https://ppo.mzcr.cz/upload/files/mps-kota-2019-vysledne-zaverecne-hodnoceni-akcniho-planu-v-oblasti-kontroly-tabaku-v-cr-2015-2018-priloha-k-zaverecnemu-hodnoceni-akcniho-planu-v-oblasti-kontroly-tabaku-2015-2018-5f16dfb99c438.pdf",566595
55,"Mezirezortní pracovní skupina k problematice komplexní ochrany před škodami působenými tabákem (MPS KOTA)","Souhrnné závěrečné hodnocení Akčního plánu v oblasti kontroly tabáku 2015 - 2018","https://ppo.mzcr.cz/upload/files/mps-kota-2019-vysledne-zaverecne-hodnoceni-akcniho-planu-v-oblasti-kontroly-tabaku-v-cr-2015-2018-souhrnne-zaverecne-hodnoceni-akcniho-planu-v-oblasti-kontroly-tabaku-2015-2018-5f16dff758255.pdf",592650
55,"Mezirezortní pracovní skupina k problematice komplexní ochrany před škodami působenými tabákem (MPS KOTA)","Vysvětlení k Souhrnnému závěrečnému hodnocení AP v oblasti kontroly tabáku","https://ppo.mzcr.cz/upload/files/mps-kota-2019-vysledne-zaverecne-hodnoceni-akcniho-planu-v-oblasti-kontroly-tabaku-v-cr-2015-2018-vysvetleni-k-souhrnnemu-zaverecnemu-hodnoceni-ap-v-oblasti-kontroly-tabaku-5f16e05a65d9c.pdf",145120
55,"Mezirezortní pracovní skupina k problematice komplexní ochrany před škodami působenými tabákem (MPS KOTA)","Program MPS KOTA 30.6.2016","https://ppo.mzcr.cz/upload/files/jednani-mps-kota-2016-program-mps-kota-30-6-2016-6082a14af2d86.pdf",149143
55,"Mezirezortní pracovní skupina k problematice komplexní ochrany před škodami působenými tabákem (MPS KOTA)","Souhrn činnosti MPS KOTA v roce 2016","https://ppo.mzcr.cz/upload/files/jednani-mps-kota-2016-souhrn-cinnosti-mps-kota-v-roce-2016-60897edc60f29.pdf",178972
55,"Mezirezortní pracovní skupina k problematice komplexní ochrany před škodami působenými tabákem (MPS KOTA)","Program MPS KOTA 1.4.2015","https://ppo.mzcr.cz/upload/files/jednani-mps-kota-2015-program-mps-kota-1-4-2015-608968e719056.pdf",145445
55,"Mezirezortní pracovní skupina k problematice komplexní ochrany před škodami působenými tabákem (MPS KOTA)","Program MPS KOTA 22.10.2015","https://ppo.mzcr.cz/upload/files/jednani-mps-kota-2015-program-mps-kota-22-10-2015-608969503b43b.pdf",145002
55,"Mezirezortní pracovní skupina k problematice komplexní ochrany před škodami působenými tabákem (MPS KOTA)","Souhrn činnosti MPS KOTA v roce 2015","https://ppo.mzcr.cz/upload/files/jednani-mps-kota-2015-souhrn-cinnosti-mps-kota-v-roce-2015-60897fa148ea7.pdf",175730
55,"Mezirezortní pracovní skupina k problematice komplexní ochrany před škodami působenými tabákem (MPS KOTA)","Program MPS KOTA 28.1.2014","https://ppo.mzcr.cz/upload/files/jednani-mps-kota-2014-program-mps-kota-28-1-2014-60896c49f137a.pdf",143619
55,"Mezirezortní pracovní skupina k problematice komplexní ochrany před škodami působenými tabákem (MPS KOTA)","Program MPS KOTA 30.9.2014","https://ppo.mzcr.cz/upload/files/jednani-mps-kota-2014-program-mps-kota-30-9-2014-60896c9779b7d.pdf",143936
55,"Mezirezortní pracovní skupina k problematice komplexní ochrany před škodami působenými tabákem (MPS KOTA)","Program MPS KOTA 14.3.2013","https://ppo.mzcr.cz/upload/files/jednani-mps-kota-2013-program-mps-kota-14-3-2013-60896da43547a.pdf",143545
55,"Mezirezortní pracovní skupina k problematice komplexní ochrany před škodami působenými tabákem (MPS KOTA)","Program MPS KOTA uvodni 3.10.2012","https://ppo.mzcr.cz/upload/files/jednani-mps-kota-2012-program-mps-kota-uvodni-3-10-2012-60896e467a061.pdf",112891
55,"Mezirezortní pracovní skupina k problematice komplexní ochrany před škodami působenými tabákem (MPS KOTA)","Akční plán pro oblast kontroly tabáku 2015-2018","https://ppo.mzcr.cz/upload/files/dokumenty-ruzne-akcni-plan-pro-oblast-kontroly-tabaku-2015-2018-608971e263e40.pdf",1285270
55,"Mezirezortní pracovní skupina k problematice komplexní ochrany před škodami působenými tabákem (MPS KOTA)","Akční plán Národní strategie závislost.chování 2019-2021","https://ppo.mzcr.cz/upload/files/dokumenty-ruzne-akcni-plan-narodni-strategie-zavislost-chovani-2019-2021-6089735a937dd.pdf",1580896
55,"Mezirezortní pracovní skupina k problematice komplexní ochrany před škodami působenými tabákem (MPS KOTA)","Národní strategie prevence a snižování škod spojených se závislostním chováním 2019 - 2027","https://ppo.mzcr.cz/upload/files/dokumenty-ruzne-narodni-strategie-prevence-a-snizovani-skod-spojenych-se-zavislostnim-chovanim-2019-2027-608973dbb4da3.pdf",1711510
64,"Mezirezortní komise zdravotnického školství","Jednání 4. 12. 2017","https://ppo.mzcr.cz/upload/files/program-jednani-harmonogram-jednani-4-12-2017-5b7284bdd684c.docx",19010
64,"Mezirezortní komise zdravotnického školství","Jednání 19. 5. 2016","https://ppo.mzcr.cz/upload/files/program-jednani-harmonogram-jednani-19-5-2016-5b7284bdd7ac7.doc",179712
64,"Mezirezortní komise zdravotnického školství","Jednání 26. 1. 2015","https://ppo.mzcr.cz/upload/files/program-jednani-harmonogram-jednani-26-1-2015-5b7284bdd8431.docx",35505
64,"Mezirezortní komise zdravotnického školství","Jednání 10. 3. 2014","https://ppo.mzcr.cz/upload/files/program-jednani-harmonogram-jednani-10-3-2014-5b7284bdd8e89.doc",155648
64,"Mezirezortní komise zdravotnického školství","Jednání 24. 4. 2013","https://ppo.mzcr.cz/upload/files/program-jednani-harmonogram-jednani-24-4-2013-5b7284bdd9b03.doc",38400
64,"Mezirezortní komise zdravotnického školství","Jednání 28. 11. 2013","https://ppo.mzcr.cz/upload/files/program-jednani-harmonogram-jednani-28-11-2013-5b7284bdda514.doc",173568
64,"Mezirezortní komise zdravotnického školství","Jednání 25. 9. 2014","https://ppo.mzcr.cz/upload/files/program-jednani-harmonogram-jednani-25-9-2014-5b7284bddb2db.docx",161790
64,"Mezirezortní komise zdravotnického školství","Jednání 5. 11. 2012","https://ppo.mzcr.cz/upload/files/program-jednani-harmonogram-jednani-5-11-2012-5b7284bddbcb3.pdf",163322
64,"Mezirezortní komise zdravotnického školství","Jednání 27. 2. 2012","https://ppo.mzcr.cz/upload/files/program-jednani-harmonogram-jednani-27-2-2012-5b7284bddc768.doc",37376
64,"Mezirezortní komise zdravotnického školství","Jednání 2. 11. 2011","https://ppo.mzcr.cz/upload/files/program-jednani-harmonogram-jednani-2-11-2011-5b7284bddcf60.doc",40960
64,"Mezirezortní komise zdravotnického školství","Jednání 19. 4. 2011","https://ppo.mzcr.cz/upload/files/program-jednani-harmonogram-jednani-19-4-2011-5b7284bddd77c.doc",37888
64,"Mezirezortní komise zdravotnického školství","Jednání 26. 9. 2018 téma Logopedická péče","https://ppo.mzcr.cz/upload/files/program-jednani-harmonogram-jednani-26-9-2018-tema-logopedicka-pece-5bbf14daae146.pdf",215776
64,"Mezirezortní komise zdravotnického školství","Jednání 17. 12. 2018","https://ppo.mzcr.cz/upload/files/program-jednani-harmonogram-jednani-17-12-2018-5c46dd8c9b372.doc",180224
64,"Mezirezortní komise zdravotnického školství","Jednání 17. 1. 2019 téma Logopedická péče","https://ppo.mzcr.cz/upload/files/program-jednani-harmonogram-jednani-17-1-2019-tema-logopedicka-pece-5c46ddc599d88.docx",32596
64,"Mezirezortní komise zdravotnického školství","Jednání 17. 4. 2019 téma Logopedická péče","https://ppo.mzcr.cz/upload/files/program-jednani-harmonogram-jednani-17-4-2019-tema-logopedicka-pece-5ce56a2b12541.docx",32834
64,"Mezirezortní komise zdravotnického školství","Jednání 10. 10. 2019 téma Logopedická péče","https://ppo.mzcr.cz/upload/files/program-jednani-harmonogram-jednani-10-10-2019-tema-logopedicka-pece-5f3d3e9ad135f.docx",30626
64,"Mezirezortní komise zdravotnického školství","Jednání 14. 1. 2020","https://ppo.mzcr.cz/upload/files/program-jednani-harmonogram-jednani-14-1-2020-5f3d3edbe931c.doc",182272
64,"Mezirezortní komise zdravotnického školství","Jednání 16. 1. 2020 téma Logopedická péče","https://ppo.mzcr.cz/upload/files/program-jednani-harmonogram-jednani-16-1-2020-tema-logopedicka-pece-5f3d3f1405a32.pdf",106450
64,"Mezirezortní komise zdravotnického školství","Jednání 27. 2. 2020 téma Logopedická péče","https://ppo.mzcr.cz/upload/files/program-jednani-harmonogram-jednani-27-2-2020-tema-logopedicka-pece-5f3d3f44c0f05.docx",31832
64,"Mezirezortní komise zdravotnického školství","Jednání 8. 9. 2020","https://ppo.mzcr.cz/upload/files/program-jednani-harmonogram-jednani-8-9-2020-615afec315741.doc",178688
64,"Mezirezortní komise zdravotnického školství","Jednání 2. 9. 2021","https://ppo.mzcr.cz/upload/files/program-jednani-harmonogram-jednani-2-9-2021-615afef90b716.doc",179712
64,"Mezirezortní komise zdravotnického školství","Jednání 23. 2. 2022","https://ppo.mzcr.cz/upload/files/program-jednani-harmonogram-jednani-23-2-2022-6214c58664be7.docx",51258
64,"Mezirezortní komise zdravotnického školství","Jednání 23. 5. 2022","https://ppo.mzcr.cz/upload/files/program-jednani-harmonogram-jednani-23-5-2022-628cf46d85618.doc",184832
64,"Mezirezortní komise zdravotnického školství","Jednání 27. 6. 2023","https://ppo.mzcr.cz/upload/files/program-jednani-harmonogram-jednani-27-6-2023-649c28f94f66f.docx",53992
64,"Mezirezortní komise zdravotnického školství","Jednání 18. 4. 2024 téma Zdravotnické lyceum","https://ppo.mzcr.cz/upload/files/program-jednani-harmonogram-jednani-18-4-2024-tema-zdravotnicke-lyceum-66ba0da03ce39.docx",157987
64,"Mezirezortní komise zdravotnického školství","Jednání 2. 12. 2024","https://ppo.mzcr.cz/upload/files/program-jednani-harmonogram-jednani-2-12-2024-6967a3350caa5.doc",182784
64,"Mezirezortní komise zdravotnického školství","Jednání 30. 1. 2025","https://ppo.mzcr.cz/upload/files/program-jednani-harmonogram-jednani-30-1-2025-6967a3623d2bf.docx",79094
64,"Mezirezortní komise zdravotnického školství","Jednání 23. 6. 2025","https://ppo.mzcr.cz/upload/files/program-jednani-harmonogram-jednani-23-6-2025-6967a382a5736.",129536
64,"Mezirezortní komise zdravotnického školství","Jednání 13. 10. 2025","https://ppo.mzcr.cz/upload/files/program-jednani-harmonogram-jednani-13-10-2025-6967a3963e75d.",89088
65,"Rada pro duchovní péči ve zdravotnictví","Metodický pokyn o duchovní péči ve zdravotnických zařízeních","https://ppo.mzcr.cz/upload/files/zakladni-dokumenty-metodicky-pokyn-o-duchovni-peci-ve-zdravotnickych-zarizenich-5b503c25c9e36.pdf",355170
65,"Rada pro duchovní péči ve zdravotnictví","Dohoda o duchovní péči ve zdravotnictví","https://ppo.mzcr.cz/upload/files/zakladni-dokumenty-dohoda-o-duchovni-peci-ve-zdravotnictvi-5d2c75e066f5f.pdf",1055896
65,"Rada pro duchovní péči ve zdravotnictví","PM - Rada pro duchovní péči ve zdravotnictví","https://ppo.mzcr.cz/upload/files/zakladni-dokumenty-pm-rada-pro-duchovni-peci-ve-zdravotnictvi-6014265e549b0.pdf",182526
65,"Rada pro duchovní péči ve zdravotnictví","Zápis zasedání 19. 9. 2017","https://ppo.mzcr.cz/upload/files/zasedani-zapisy-zapis-zasedani-19-9-2017-5c8a1a79a4735.doc",119296
65,"Rada pro duchovní péči ve zdravotnictví","Zápis zasedání 5. 12. 2017","https://ppo.mzcr.cz/upload/files/zasedani-zapisy-zapis-zasedani-5-12-2017-5c8a1a79a502b.doc",118272
65,"Rada pro duchovní péči ve zdravotnictví","Zápis zasedání 6. 3. 2018","https://ppo.mzcr.cz/upload/files/zasedani-zapisy-zapis-zasedani-6-3-2018-5c8a1a79a5d07.doc",117248
65,"Rada pro duchovní péči ve zdravotnictví","Zápis zasedání 19. 6. 2018","https://ppo.mzcr.cz/upload/files/zasedani-zapisy-zapis-zasedani-19-6-2018-5c8a1a79a3266.doc",121344
65,"Rada pro duchovní péči ve zdravotnictví","Zápis zasedání 11. 9. 2018","https://ppo.mzcr.cz/upload/files/zasedani-zapisy-zapis-zasedani-11-9-2018-5c8a1a79a6562.doc",124416
65,"Rada pro duchovní péči ve zdravotnictví","Zápis zasedání 11. 12. 2018","https://ppo.mzcr.cz/upload/files/zasedani-zapisy-zapis-zasedani-11-12-2018-5c8a1a79a6eba.doc",119808
65,"Rada pro duchovní péči ve zdravotnictví","Zápis zasedání 19. 2. 2019","https://ppo.mzcr.cz/upload/files/zasedani-zapisy-zapis-zasedani-19-2-2019-5c8a1ac5a8c9c.doc",123904
65,"Rada pro duchovní péči ve zdravotnictví","Zápis zasedání 16. 4. 2019","https://ppo.mzcr.cz/upload/files/zasedani-zapisy-zapis-zasedani-16-4-2019-5cbecc7e0ada0.doc",121856
65,"Rada pro duchovní péči ve zdravotnictví","Zápis zasedání 11. 6. 2019","https://ppo.mzcr.cz/upload/files/zasedani-zapisy-zapis-zasedani-11-6-2019-5d02363b845fd.doc",119296
65,"Rada pro duchovní péči ve zdravotnictví","Zápis zasedání 24. 9. 2019","https://ppo.mzcr.cz/upload/files/zasedani-zapisy-zapis-zasedani-24-9-2019-5da6c60169ee2.doc",120832
65,"Rada pro duchovní péči ve zdravotnictví","Zápis zasedání 10.12.2019","https://ppo.mzcr.cz/upload/files/zasedani-zapisy-zapis-zasedani-10-12-2019-5e2040143ffbc.pdf",921935
65,"Rada pro duchovní péči ve zdravotnictví","Zápis zasedání 22.9.2020","https://ppo.mzcr.cz/upload/files/zasedani-zapisy-zapis-zasedani-22-9-2020-5f981b4e501e5.pdf",138981
65,"Rada pro duchovní péči ve zdravotnictví","Zápis zasedání 26.1.2021","https://ppo.mzcr.cz/upload/files/zasedani-zapisy-zapis-zasedani-26-1-2021-602e944cc6f1a.pdf",134618
65,"Rada pro duchovní péči ve zdravotnictví","Zápis zasedání 18. 5. 2021","https://ppo.mzcr.cz/upload/files/zasedani-zapisy-zapis-zasedani-18-5-2021-60bdd16799de5.pdf",130643
65,"Rada pro duchovní péči ve zdravotnictví","Zápis zasedání 21. 09. 2021","https://ppo.mzcr.cz/upload/files/zasedani-zapisy-zapis-zasedani-21-09-2021-61b847c8da00b.pdf",132001
65,"Rada pro duchovní péči ve zdravotnictví","Zápis zasedání 14. 12. 2021","https://ppo.mzcr.cz/upload/files/zasedani-zapisy-zapis-zasedani-14-12-2021-61dd6f0947b06.pdf",129877
65,"Rada pro duchovní péči ve zdravotnictví","Zápis zasedání 29. 3. 2022","https://ppo.mzcr.cz/upload/files/zasedani-zapisy-zapis-zasedani-29-3-2022-6262880bab2b2.pdf",133056
65,"Rada pro duchovní péči ve zdravotnictví","Zápis zasedání 11.10.2022","https://ppo.mzcr.cz/upload/files/zasedani-zapisy-zapis-zasedani-11-10-2022-63f5c35511d46.pdf",132357
65,"Rada pro duchovní péči ve zdravotnictví","Zápis zasedání 07.03.2023","https://ppo.mzcr.cz/upload/files/zasedani-zapisy-zapis-zasedani-07-03-2023-64fb02cf770f8.pdf",133592
65,"Rada pro duchovní péči ve zdravotnictví","Zápis zasedání 06.06.2023","https://ppo.mzcr.cz/upload/files/zasedani-zapisy-zapis-zasedani-06-06-2023-64fb02edd5dee.pdf",128049
65,"Rada pro duchovní péči ve zdravotnictví","Zápis zasedání 10.10.2023","https://ppo.mzcr.cz/upload/files/zasedani-zapisy-zapis-zasedani-10-10-2023-661e6ebecefba.pdf",133601
65,"Rada pro duchovní péči ve zdravotnictví","Zápis zasedání 19.12.2023","https://ppo.mzcr.cz/upload/files/zasedani-zapisy-zapis-zasedani-19-12-2023-661e6edf2f1a9.pdf",127132
65,"Rada pro duchovní péči ve zdravotnictví","Zápis zasedání 26.03.2024","https://ppo.mzcr.cz/upload/files/zasedani-zapisy-zapis-zasedani-26-03-2024-66b4b11b0a8ef.pdf",126641
65,"Rada pro duchovní péči ve zdravotnictví","Zápis zasedání 04.06.2024","https://ppo.mzcr.cz/upload/files/zasedani-zapisy-zapis-zasedani-04-06-2024-671cc7cc09a57.pdf",124198
65,"Rada pro duchovní péči ve zdravotnictví","Zápis zasedání 08.10.2024","https://ppo.mzcr.cz/upload/files/zasedani-zapisy-zapis-zasedani-08-10-2024-6794f13eaab5f.pdf",131081
65,"Rada pro duchovní péči ve zdravotnictví","Zápis zasedání 14.01.2025","https://ppo.mzcr.cz/upload/files/zasedani-zapisy-zapis-zasedani-14-01-2025-685a9b2af18a7.pdf",124421
65,"Rada pro duchovní péči ve zdravotnictví","Zápis zasedání 06.05.2025","https://ppo.mzcr.cz/upload/files/zasedani-zapisy-zapis-zasedani-06-05-2025-685a9b5422e38.pdf",129907
65,"Rada pro duchovní péči ve zdravotnictví","Zápis zasedání 16.09.2025","https://ppo.mzcr.cz/upload/files/zasedani-zapisy-zapis-zasedani-16-09-2025-6985a415d39b1.pdf",176030
65,"Rada pro duchovní péči ve zdravotnictví","Zápis zasedání 02.12.2025","https://ppo.mzcr.cz/upload/files/zasedani-zapisy-zapis-zasedani-02-12-2025-6985a434b73ea.pdf",130976
65,"Rada pro duchovní péči ve zdravotnictví","Stanovisko k tématu kulatého stolu - důstojná smrt - hospice i eutanázie","https://ppo.mzcr.cz/upload/files/vydana-stanoviska-stanovisko-k-tematu-kulateho-stolu-dustojna-smrt-hospice-i-eutanazie-5b50402a9d468.docx",18577
65,"Rada pro duchovní péči ve zdravotnictví","Obsah a standardy kurzu Nemocniční kaplan","https://ppo.mzcr.cz/upload/files/prijate-vydane-dokumenty-obsah-a-standardy-kurzu-nemocnicni-kaplan-5b97cc7398248.rtf",680879
65,"Rada pro duchovní péči ve zdravotnictví","Seznam nemocničních kaplanů - aktualizace k 25.2.2021","https://ppo.mzcr.cz/upload/files/seznam-nemocnicnich-kaplanu-seznam-nemocnicnich-kaplanu-aktualizace-k-25-2-2021-60376e7fa1335.xlsx",25003
65,"Rada pro duchovní péči ve zdravotnictví","Seznam nemocničních kaplanů - aktualizace k 1.1.2023","https://ppo.mzcr.cz/upload/files/seznam-nemocnicnich-kaplanu-seznam-nemocnicnich-kaplanu-aktualizace-k-1-1-2023-6406e0df27a7d.xlsx",27984
65,"Rada pro duchovní péči ve zdravotnictví","Seznam nemocničních kaplanů - aktualizace k 1.1.2024","https://ppo.mzcr.cz/upload/files/seznam-nemocnicnich-kaplanu-seznam-nemocnicnich-kaplanu-aktualizace-k-1-1-2024-661e6decc9444.xlsx",22820
65,"Rada pro duchovní péči ve zdravotnictví","Seznam nemocničních kaplanů - aktualizace k 1.1.2025","https://ppo.mzcr.cz/upload/files/seznam-nemocnicnich-kaplanu-seznam-nemocnicnich-kaplanu-aktualizace-k-1-1-2025-6794efae1431b.xlsx",21733
65,"Rada pro duchovní péči ve zdravotnictví","Seznam nemocničních kaplanů - aktualizace k 1.1.2026","https://ppo.mzcr.cz/upload/files/seznam-nemocnicnich-kaplanu-seznam-nemocnicnich-kaplanu-aktualizace-k-1-1-2026-698b66bd36c19.xlsx",45323
66,"Komise pro posuzování rozmístění přístrojových zdravotnických prostředků a kapacit hrazených z veřejného zdravotního pojištění","Oznámení o konání jednání - 10. 8. 2026","https://ppo.mzcr.cz/upload/files/termin-jednani-pristrojove-komise-oznameni-o-konani-jednani-10-8-2026-6a33b2d97a6ef.pdf",241023
66,"Komise pro posuzování rozmístění přístrojových zdravotnických prostředků a kapacit hrazených z veřejného zdravotního pojištění","Oznámení o konání jednání - 21. 10. 2026","https://ppo.mzcr.cz/upload/files/termin-jednani-pristrojove-komise-oznameni-o-konani-jednani-21-10-2026-6a33bc0bb7174.pdf",238097
66,"Komise pro posuzování rozmístění přístrojových zdravotnických prostředků a kapacit hrazených z veřejného zdravotního pojištění","Zřizovací dekret ministra č. 18/2026/ZDM, kterým se zřizuje Komise pro posuzování rozmístění přístrojových zdravotnických prostředků a kapacit hrazených z veřejného zdravotního pojištění","https://ppo.mzcr.cz/upload/files/statut-a-jednaci-rad-pristrojove-komise-zrizovaci-dekret-ministra-c-18-2026-zdm-kterym-se-zrizuje-komise-pro-posuzovani-rozmisteni-pristrojovych-zdravotnickych-prostredku-a-kapacit-hrazenych-z-verejneho-zdravotniho-pojisteni-69c65d9a85593.pdf",649384
66,"Komise pro posuzování rozmístění přístrojových zdravotnických prostředků a kapacit hrazených z veřejného zdravotního pojištění","Formulář žádosti o schválení přístroje","https://ppo.mzcr.cz/upload/files/nalezitosti-zadosti-k-projednani-pristrojovou-komisi-formular-zadosti-o-schvaleni-pristroje-69c65ddbab507.docx",35260
66,"Komise pro posuzování rozmístění přístrojových zdravotnických prostředků a kapacit hrazených z veřejného zdravotního pojištění","Studie proveditelnosti","https://ppo.mzcr.cz/upload/files/nalezitosti-zadosti-k-projednani-pristrojovou-komisi-studie-proveditelnosti-69c65deddf65a.docx",31428
66,"Komise pro posuzování rozmístění přístrojových zdravotnických prostředků a kapacit hrazených z veřejného zdravotního pojištění","Čestné prohlášení o předání konečné pořizovací ceny","https://ppo.mzcr.cz/upload/files/nalezitosti-zadosti-k-projednani-pristrojovou-komisi-cestne-prohlaseni-o-predani-konecne-porizovaci-ceny-69c65e25f0b07.docx",30094
66,"Komise pro posuzování rozmístění přístrojových zdravotnických prostředků a kapacit hrazených z veřejného zdravotního pojištění","Čestné prohlášení o souhlasu s provedením auditu","https://ppo.mzcr.cz/upload/files/nalezitosti-zadosti-k-projednani-pristrojovou-komisi-cestne-prohlaseni-o-souhlasu-s-provedenim-auditu-69c65e41032be.docx",30097
66,"Komise pro posuzování rozmístění přístrojových zdravotnických prostředků a kapacit hrazených z veřejného zdravotního pojištění","Prohlášení o souhlasu se zpracováním žádosti","https://ppo.mzcr.cz/upload/files/nalezitosti-zadosti-k-projednani-pristrojovou-komisi-prohlaseni-o-souhlasu-se-zpracovanim-zadosti-69c65e4e940a3.docx",30052
66,"Komise pro posuzování rozmístění přístrojových zdravotnických prostředků a kapacit hrazených z veřejného zdravotního pojištění","Formulář pro zapracování minimálních požadavků na HTA","https://ppo.mzcr.cz/upload/files/nalezitosti-zadosti-k-projednani-pristrojovou-komisi-formular-pro-zapracovani-minimalnich-pozadavku-na-hta-69c65e8423d8b.docx",31597
66,"Komise pro posuzování rozmístění přístrojových zdravotnických prostředků a kapacit hrazených z veřejného zdravotního pojištění","Průměrné náklady na 1 přístroj a čekací doby","https://ppo.mzcr.cz/upload/files/zakladni-dokumenty-prumerne-naklady-na-1-pristroj-a-cekaci-doby-5f131ad736339.xlsx",12140
66,"Komise pro posuzování rozmístění přístrojových zdravotnických prostředků a kapacit hrazených z veřejného zdravotního pojištění","Doporučení přístrojové komise k posuzování žádostí o robotický chirurgický systém","https://ppo.mzcr.cz/upload/files/zakladni-dokumenty-doporuceni-pristrojove-komise-k-posuzovani-zadosti-o-roboticky-chirurgicky-system-6506d40a6f487.pdf",171643
66,"Komise pro posuzování rozmístění přístrojových zdravotnických prostředků a kapacit hrazených z veřejného zdravotního pojištění","Příloha - Robotická chirurgie v ČR - statistické údaje","https://ppo.mzcr.cz/upload/files/zakladni-dokumenty-priloha-roboticka-chirurgie-v-cr-statisticke-udaje-6506d427ad600.pdf",815053
66,"Komise pro posuzování rozmístění přístrojových zdravotnických prostředků a kapacit hrazených z veřejného zdravotního pojištění","Kritéria pro hodnocení přístrojové techniky a jeho zařazení do systému úhrad ze zdravotního pojištění","https://ppo.mzcr.cz/upload/files/zakladni-dokumenty-kriteria-pro-hodnoceni-pristrojove-techniky-a-jeho-zarazeni-do-systemu-uhrad-ze-zdravotniho-pojisteni-69c65ef0523bd.pdf",239937
66,"Komise pro posuzování rozmístění přístrojových zdravotnických prostředků a kapacit hrazených z veřejného zdravotního pojištění","Katalog přístrojů zapojených do úhrady z veřejného zdravotního pojištění","https://ppo.mzcr.cz/upload/files/zakladni-dokumenty-katalog-pristroju-zapojenych-do-uhrady-z-verejneho-zdravotniho-pojisteni-69c65f19594f8.pdf",226087
66,"Komise pro posuzování rozmístění přístrojových zdravotnických prostředků a kapacit hrazených z veřejného zdravotního pojištění","Kategorie přístrojů, které nepodléhají projednání Komisí","https://ppo.mzcr.cz/upload/files/zakladni-dokumenty-kategorie-pristroju-ktere-nepodlehaji-projednani-komisi-69c65f315cc1b.pdf",226362
66,"Komise pro posuzování rozmístění přístrojových zdravotnických prostředků a kapacit hrazených z veřejného zdravotního pojištění","Memorandum o spolupráci Ministerstva zdravotnictví a zdravotních pojišťoven","https://ppo.mzcr.cz/upload/files/zakladni-dokumenty-memorandum-o-spolupraci-ministerstva-zdravotnictvi-a-zdravotnich-pojistoven-69c65f430c0f9.pdf",444512
66,"Komise pro posuzování rozmístění přístrojových zdravotnických prostředků a kapacit hrazených z veřejného zdravotního pojištění","(1) Stanovisko PK_Fakultní nemocnice Královské Vinohrady_Robotický ortopedický systém","https://ppo.mzcr.cz/upload/files/jednani-30-dubna-2026-nove-kapacity-1-stanovisko-pk-fakultni-nemocnice-kralovske-vinohrady-roboticky-ortopedicky-system-6a0f12e7639e2.pdf",320447
66,"Komise pro posuzování rozmístění přístrojových zdravotnických prostředků a kapacit hrazených z veřejného zdravotního pojištění","(2) Stanovisko PK_Krajská nemocnice T. Bati, a.s._Ortopedický robot","https://ppo.mzcr.cz/upload/files/jednani-30-dubna-2026-nove-kapacity-2-stanovisko-pk-krajska-nemocnice-t-bati-a-s-ortopedicky-robot-6a0f13017fe80.pdf",320801
66,"Komise pro posuzování rozmístění přístrojových zdravotnických prostředků a kapacit hrazených z veřejného zdravotního pojištění","(3) Stanovisko PK_ISCARE a.s._Roboticky asistovaný ortopedický systém","https://ppo.mzcr.cz/upload/files/jednani-30-dubna-2026-nove-kapacity-3-stanovisko-pk-iscare-a-s-roboticky-asistovany-ortopedicky-system-6a0f131f559cf.pdf",319980
66,"Komise pro posuzování rozmístění přístrojových zdravotnických prostředků a kapacit hrazených z veřejného zdravotního pojištění","(4) Stanovisko PK_Fakultní nemocnice Ostrava_Ortopedický robotický systém","https://ppo.mzcr.cz/upload/files/jednani-30-dubna-2026-nove-kapacity-4-stanovisko-pk-fakultni-nemocnice-ostrava-ortopedicky-roboticky-system-6a0f133f3759a.pdf",320695
66,"Komise pro posuzování rozmístění přístrojových zdravotnických prostředků a kapacit hrazených z veřejného zdravotního pojištění","(5) Stanovisko PK_Nemocnice Znojmo, p.o._Stacionární skiagraf","https://ppo.mzcr.cz/upload/files/jednani-30-dubna-2026-nove-kapacity-5-stanovisko-pk-nemocnice-znojmo-p-o-stacionarni-skiagraf-6a0f135fdf56e.pdf",321362
66,"Komise pro posuzování rozmístění přístrojových zdravotnických prostředků a kapacit hrazených z veřejného zdravotního pojištění","(6) Stanovisko PK_Nemocnice Znojmo, p.o._CT","https://ppo.mzcr.cz/upload/files/jednani-30-dubna-2026-nove-kapacity-6-stanovisko-pk-nemocnice-znojmo-p-o-ct-6a0f13808fc3b.pdf",321292
66,"Komise pro posuzování rozmístění přístrojových zdravotnických prostředků a kapacit hrazených z veřejného zdravotního pojištění","(7) Stanovisko PK_ Všeobecná fakultní nemocnice v Praze_Digitální tomosyntéza k použití k navigaci","https://ppo.mzcr.cz/upload/files/jednani-30-dubna-2026-nove-kapacity-7-stanovisko-pk-vseobecna-fakultni-nemocnice-v-praze-digitalni-tomosynteza-k-pouziti-k-navigaci-6a0f139f84700.pdf",321634
66,"Komise pro posuzování rozmístění přístrojových zdravotnických prostředků a kapacit hrazených z veřejného zdravotního pojištění","(8) Stanovisko PK_Všeobecná fakultní nemocnice v Praze_Robotický systém pro gynekologii","https://ppo.mzcr.cz/upload/files/jednani-30-dubna-2026-nove-kapacity-8-stanovisko-pk-vseobecna-fakultni-nemocnice-v-praze-roboticky-system-pro-gynekologii-6a0f13bbbe701.pdf",318985
66,"Komise pro posuzování rozmístění přístrojových zdravotnických prostředků a kapacit hrazených z veřejného zdravotního pojištění","(9) Stanovisko PK_Všeobecná fakultní nemocnice v Praze_Robotický systém pro chirurgii","https://ppo.mzcr.cz/upload/files/jednani-30-dubna-2026-nove-kapacity-9-stanovisko-pk-vseobecna-fakultni-nemocnice-v-praze-roboticky-system-pro-chirurgii-6a0f13d9e0d6e.pdf",320549
66,"Komise pro posuzování rozmístění přístrojových zdravotnických prostředků a kapacit hrazených z veřejného zdravotního pojištění","(10) Stanovisko PK_Karlovarská krajská nemocnice a.s._Robotický chirurgický systém","https://ppo.mzcr.cz/upload/files/jednani-30-dubna-2026-nove-kapacity-10-stanovisko-pk-karlovarska-krajska-nemocnice-a-s-roboticky-chirurgicky-system-6a0f13f33bf3d.pdf",318667
66,"Komise pro posuzování rozmístění přístrojových zdravotnických prostředků a kapacit hrazených z veřejného zdravotního pojištění","(11) Stanovisko PK_Fakultní nemocnice u sv. Anny v Brně_Robotický operační systém","https://ppo.mzcr.cz/upload/files/jednani-30-dubna-2026-nove-kapacity-11-stanovisko-pk-fakultni-nemocnice-u-sv-anny-v-brne-roboticky-operacni-system-6a0f1411c8199.pdf",318636
66,"Komise pro posuzování rozmístění přístrojových zdravotnických prostředků a kapacit hrazených z veřejného zdravotního pojištění","(12) Stanovisko PK_Fakultní Thomayerova nemocnice_Robotický operační systém","https://ppo.mzcr.cz/upload/files/jednani-30-dubna-2026-nove-kapacity-12-stanovisko-pk-fakultni-thomayerova-nemocnice-roboticky-operacni-system-6a0f1434e05b7.pdf",319578
66,"Komise pro posuzování rozmístění přístrojových zdravotnických prostředků a kapacit hrazených z veřejného zdravotního pojištění","(13) Stanovisko PK_Fakultní Thomayerova nemocnice_PET-CT","https://ppo.mzcr.cz/upload/files/jednani-30-dubna-2026-nove-kapacity-13-stanovisko-pk-fakultni-thomayerova-nemocnice-pet-ct-6a0f144ef1c14.pdf",320888
66,"Komise pro posuzování rozmístění přístrojových zdravotnických prostředků a kapacit hrazených z veřejného zdravotního pojištění","(14) Stanovisko PK_Institut klinické a experimentální medicíny_PET-CT","https://ppo.mzcr.cz/upload/files/jednani-30-dubna-2026-nove-kapacity-14-stanovisko-pk-institut-klinicke-a-experimentalni-mediciny-pet-ct-6a0f14692d660.pdf",322446
66,"Komise pro posuzování rozmístění přístrojových zdravotnických prostředků a kapacit hrazených z veřejného zdravotního pojištění","(15) Stanovisko PK_Oblastní nemocnice Příbram, a.s._PET-CT","https://ppo.mzcr.cz/upload/files/jednani-30-dubna-2026-nove-kapacity-15-stanovisko-pk-oblastni-nemocnice-pribram-a-s-pet-ct-6a0f148a9c95b.pdf",319883
66,"Komise pro posuzování rozmístění přístrojových zdravotnických prostředků a kapacit hrazených z veřejného zdravotního pojištění","(16) Stanovisko PK_Neurofyzionet, spol. s r.o._MR 1,5T","https://ppo.mzcr.cz/upload/files/jednani-30-dubna-2026-nove-kapacity-16-stanovisko-pk-neurofyzionet-spol-s-r-o-mr-1-5t-6a0f14a998b7f.pdf",320524
66,"Komise pro posuzování rozmístění přístrojových zdravotnických prostředků a kapacit hrazených z veřejného zdravotního pojištění","(17) Stanovisko PK_NH Hospital a.s., Nemocnice Hořovice_3D C-rameno","https://ppo.mzcr.cz/upload/files/jednani-30-dubna-2026-nove-kapacity-17-stanovisko-pk-nh-hospital-a-s-nemocnice-horovice-3d-c-rameno-6a0f14c932070.pdf",319573
66,"Komise pro posuzování rozmístění přístrojových zdravotnických prostředků a kapacit hrazených z veřejného zdravotního pojištění","(18) Stanovisko PK_Fakultní nemocnice Hradec Králové_CT","https://ppo.mzcr.cz/upload/files/jednani-30-dubna-2026-nove-kapacity-18-stanovisko-pk-fakultni-nemocnice-hradec-kralove-ct-6a0f14eaec821.pdf",319096
66,"Komise pro posuzování rozmístění přístrojových zdravotnických prostředků a kapacit hrazených z veřejného zdravotního pojištění","(19) Stanovisko PK_Fakultní nemocnice Hradec Králové_Angiolinka","https://ppo.mzcr.cz/upload/files/jednani-30-dubna-2026-nove-kapacity-19-stanovisko-pk-fakultni-nemocnice-hradec-kralove-angiolinka-6a0f1508ad5c3.pdf",318689
66,"Komise pro posuzování rozmístění přístrojových zdravotnických prostředků a kapacit hrazených z veřejného zdravotního pojištění","(20) Stanovisko PK_Fakultní nemocnice Ostrava_Sestava kap. chromatografu a hmot. spektrometru","https://ppo.mzcr.cz/upload/files/jednani-30-dubna-2026-nove-kapacity-20-stanovisko-pk-fakultni-nemocnice-ostrava-sestava-kap-chromatografu-a-hmot-spektrometru-6a0f15242c917.pdf",321371
66,"Komise pro posuzování rozmístění přístrojových zdravotnických prostředků a kapacit hrazených z veřejného zdravotního pojištění","(21) Stanovisko PK_Affidea Praha, s.r.o._CT","https://ppo.mzcr.cz/upload/files/jednani-30-dubna-2026-obnovy-21-stanovisko-pk-affidea-praha-s-r-o-ct-6a0f15a3e1800.pdf",319787
66,"Komise pro posuzování rozmístění přístrojových zdravotnických prostředků a kapacit hrazených z veřejného zdravotního pojištění","(22) Stanovisko PK_Fakultní nemocnice Motol a Homolka, pracoviště Homolka_Angiografický systém","https://ppo.mzcr.cz/upload/files/jednani-30-dubna-2026-obnovy-22-stanovisko-pk-fakultni-nemocnice-motol-a-homolka-pracoviste-homolka-angiograficky-system-6a0f15c36a288.pdf",319479
66,"Komise pro posuzování rozmístění přístrojových zdravotnických prostředků a kapacit hrazených z veřejného zdravotního pojištění","(23) Stanovisko PK_Fakultní nemocnice Olomouc_CT","https://ppo.mzcr.cz/upload/files/jednani-30-dubna-2026-obnovy-23-stanovisko-pk-fakultni-nemocnice-olomouc-ct-6a0f160de8f4a.pdf",320737
66,"Komise pro posuzování rozmístění přístrojových zdravotnických prostředků a kapacit hrazených z veřejného zdravotního pojištění","(24) Stanovisko PK_Krajská nemocnice T. Bati, a.s._Angiografický a kardioangiografický přístroj","https://ppo.mzcr.cz/upload/files/jednani-30-dubna-2026-obnovy-24-stanovisko-pk-krajska-nemocnice-t-bati-a-s-angiograficky-a-kardioangiograficky-pristroj-6a0f1637d7dd2.pdf",319707
66,"Komise pro posuzování rozmístění přístrojových zdravotnických prostředků a kapacit hrazených z veřejného zdravotního pojištění","(25) Stanovisko PK_Krajská nemocnice T. Bati, a.s._CT","https://ppo.mzcr.cz/upload/files/jednani-30-dubna-2026-obnovy-25-stanovisko-pk-krajska-nemocnice-t-bati-a-s-ct-6a0f165d423d2.pdf",320024
66,"Komise pro posuzování rozmístění přístrojových zdravotnických prostředků a kapacit hrazených z veřejného zdravotního pojištění","(26) Stanovisko PK_Krajská nemocnice T. Bati, a.s._MR 3T","https://ppo.mzcr.cz/upload/files/jednani-30-dubna-2026-obnovy-26-stanovisko-pk-krajska-nemocnice-t-bati-a-s-mr-3t-6a0f167a6962f.pdf",319953
66,"Komise pro posuzování rozmístění přístrojových zdravotnických prostředků a kapacit hrazených z veřejného zdravotního pojištění","(27) Stanovisko PK_Krajská nemocnice T. Bati, a.s._MR 1,5T","https://ppo.mzcr.cz/upload/files/jednani-30-dubna-2026-obnovy-27-stanovisko-pk-krajska-nemocnice-t-bati-a-s-mr-1-5t-6a0f169b6b5a4.pdf",319847
66,"Komise pro posuzování rozmístění přístrojových zdravotnických prostředků a kapacit hrazených z veřejného zdravotního pojištění","(28) Stanovisko PK_Nemocnice AGEL Třinec-Podlesí a.s., pracoviště Třinec_Angiografický přístroj","https://ppo.mzcr.cz/upload/files/jednani-30-dubna-2026-obnovy-28-stanovisko-pk-nemocnice-agel-trinec-podlesi-a-s-pracoviste-trinec-angiograficky-pristroj-6a0f16c076dfb.pdf",340941
66,"Komise pro posuzování rozmístění přístrojových zdravotnických prostředků a kapacit hrazených z veřejného zdravotního pojištění","(29) Stanovisko PK_Nem. AGEL Třinec-Podlesí a.s., detaš. prac. Kardiologie na Bulovce_Angiograf 2x","https://ppo.mzcr.cz/upload/files/jednani-30-dubna-2026-obnovy-29-stanovisko-pk-nem-agel-trinec-podlesi-a-s-detas-prac-kardiologie-na-bulovce-angiograf-2x-6a0f16e1a5900.pdf",321459
66,"Komise pro posuzování rozmístění přístrojových zdravotnických prostředků a kapacit hrazených z veřejného zdravotního pojištění","(30) Stanovisko PK_Nemocnice Na Pleši s.r.o._Lineární urychlovač","https://ppo.mzcr.cz/upload/files/jednani-30-dubna-2026-obnovy-30-stanovisko-pk-nemocnice-na-plesi-s-r-o-linearni-urychlovac-6a0f16fdbcbdc.pdf",321690
66,"Komise pro posuzování rozmístění přístrojových zdravotnických prostředků a kapacit hrazených z veřejného zdravotního pojištění","(31) Stanovisko PK_Oblastní nemocnice Mladá Boleslav, a.s._CT","https://ppo.mzcr.cz/upload/files/jednani-30-dubna-2026-obnovy-31-stanovisko-pk-oblastni-nemocnice-mlada-boleslav-a-s-ct-6a0f171d62ec3.pdf",319268
66,"Komise pro posuzování rozmístění přístrojových zdravotnických prostředků a kapacit hrazených z veřejného zdravotního pojištění","(32) Stanovisko PK_Moravskoslezská nemocnice Krnov, p.o._MR 1,5T","https://ppo.mzcr.cz/upload/files/jednani-30-dubna-2026-obnovy-32-stanovisko-pk-moravskoslezska-nemocnice-krnov-p-o-mr-1-5t-6a0f173d6f6f7.pdf",319207
66,"Komise pro posuzování rozmístění přístrojových zdravotnických prostředků a kapacit hrazených z veřejného zdravotního pojištění","(33) Stanovisko PK_Fakultní nemocnice Motol a Homolka, pracoviště Homolka_MR 1,5T","https://ppo.mzcr.cz/upload/files/jednani-30-dubna-2026-obnovy-33-stanovisko-pk-fakultni-nemocnice-motol-a-homolka-pracoviste-homolka-mr-1-5t-6a0f17602380c.pdf",319505
66,"Komise pro posuzování rozmístění přístrojových zdravotnických prostředků a kapacit hrazených z veřejného zdravotního pojištění","(34) Stanovisko PK_Klatovská nemocnice, a.s._CT","https://ppo.mzcr.cz/upload/files/jednani-30-dubna-2026-obnovy-34-stanovisko-pk-klatovska-nemocnice-a-s-ct-6a0f177c9b552.pdf",318179
66,"Komise pro posuzování rozmístění přístrojových zdravotnických prostředků a kapacit hrazených z veřejného zdravotního pojištění","(35) Stanovisko PK_Krajská zdravotní, a.s., Nemocnice Teplice, o.z._Skiagrafický RTG komplet","https://ppo.mzcr.cz/upload/files/jednani-30-dubna-2026-obnovy-35-stanovisko-pk-krajska-zdravotni-a-s-nemocnice-teplice-o-z-skiagraficky-rtg-komplet-6a0f17a15d20a.pdf",319143
66,"Komise pro posuzování rozmístění přístrojových zdravotnických prostředků a kapacit hrazených z veřejného zdravotního pojištění","(36) Stanovisko PK_Nemocnice Sokolov s.r.o._CT","https://ppo.mzcr.cz/upload/files/jednani-30-dubna-2026-obnovy-36-stanovisko-pk-nemocnice-sokolov-s-r-o-ct-6a0f17ca55a6c.pdf",319025
66,"Komise pro posuzování rozmístění přístrojových zdravotnických prostředků a kapacit hrazených z veřejného zdravotního pojištění","(37) Stanovisko PK_Nemocnice Roudnice nad Labem s.r.o._CT","https://ppo.mzcr.cz/upload/files/jednani-30-dubna-2026-obnovy-37-stanovisko-pk-nemocnice-roudnice-nad-labem-s-r-o-ct-6a0f17edbe606.pdf",319880
66,"Komise pro posuzování rozmístění přístrojových zdravotnických prostředků a kapacit hrazených z veřejného zdravotního pojištění","(38) Stanovisko PK_Fakultní nemocnice Hradec Králové_Endoskopická věž – ERCP","https://ppo.mzcr.cz/upload/files/jednani-30-dubna-2026-obnovy-38-stanovisko-pk-fakultni-nemocnice-hradec-kralove-endoskopicka-vez-ercp-6a0f182505a3d.pdf",320019
66,"Komise pro posuzování rozmístění přístrojových zdravotnických prostředků a kapacit hrazených z veřejného zdravotního pojištění","(39) Stanovisko PK_Fakultní nemocnice Hradec Králové_Endoskopická věž – Gastroskopie","https://ppo.mzcr.cz/upload/files/jednani-30-dubna-2026-obnovy-39-stanovisko-pk-fakultni-nemocnice-hradec-kralove-endoskopicka-vez-gastroskopie-6a0f1840c8544.pdf",320173
66,"Komise pro posuzování rozmístění přístrojových zdravotnických prostředků a kapacit hrazených z veřejného zdravotního pojištění","(40) Stanovisko PK_Fakultní nemocnice Hradec Králové_Endoskopická věž – Koloskopie","https://ppo.mzcr.cz/upload/files/jednani-30-dubna-2026-obnovy-40-stanovisko-pk-fakultni-nemocnice-hradec-kralove-endoskopicka-vez-koloskopie-6a0f18624cac7.pdf",319736
66,"Komise pro posuzování rozmístění přístrojových zdravotnických prostředků a kapacit hrazených z veřejného zdravotního pojištění","(41) Stanovisko PK_Fakultní nemocnice Hradec Králové_Skiagrafický RTG přístroj","https://ppo.mzcr.cz/upload/files/jednani-30-dubna-2026-obnovy-41-stanovisko-pk-fakultni-nemocnice-hradec-kralove-skiagraficky-rtg-pristroj-6a0f188af3919.pdf",320157
66,"Komise pro posuzování rozmístění přístrojových zdravotnických prostředků a kapacit hrazených z veřejného zdravotního pojištění","(42) Stanovisko PK_Fakultní nemocnice Hradec Králové_MR 1,5T","https://ppo.mzcr.cz/upload/files/jednani-30-dubna-2026-obnovy-42-stanovisko-pk-fakultni-nemocnice-hradec-kralove-mr-1-5t-6a0f18aeee8c4.pdf",323230
66,"Komise pro posuzování rozmístění přístrojových zdravotnických prostředků a kapacit hrazených z veřejného zdravotního pojištění","(43) Stanovisko PK_Fakultní nemocnice Hradec Králové_Vybavení pro Surface Guided Radiation Therapy","https://ppo.mzcr.cz/upload/files/jednani-30-dubna-2026-obnovy-43-stanovisko-pk-fakultni-nemocnice-hradec-kralove-vybaveni-pro-surface-guided-radiation-therapy-6a0f18ce4f599.pdf",322194
66,"Komise pro posuzování rozmístění přístrojových zdravotnických prostředků a kapacit hrazených z veřejného zdravotního pojištění","(44) Stanovisko PK_Fakultní nemocnice Ostrava_Systém BSK věž a ReBUS","https://ppo.mzcr.cz/upload/files/jednani-30-dubna-2026-obnovy-44-stanovisko-pk-fakultni-nemocnice-ostrava-system-bsk-vez-a-rebus-6a0f18f2f1277.pdf",319161
66,"Komise pro posuzování rozmístění přístrojových zdravotnických prostředků a kapacit hrazených z veřejného zdravotního pojištění","(45) Stanovisko PK_Fakultní nemocnice Ostrava_Systém optické koherenční tomografie (OCT) s přísl.","https://ppo.mzcr.cz/upload/files/jednani-30-dubna-2026-obnovy-45-stanovisko-pk-fakultni-nemocnice-ostrava-system-opticke-koherencni-tomografie-oct-s-prisl-6a0f191bebac0.pdf",319829
66,"Komise pro posuzování rozmístění přístrojových zdravotnických prostředků a kapacit hrazených z veřejného zdravotního pojištění","(46) Stanovisko PK_Fakultní nemocnice Ostrava_Sestava kapalin. chromatografu (UHPLC-MSMS) s přísl.","https://ppo.mzcr.cz/upload/files/jednani-30-dubna-2026-obnovy-46-stanovisko-pk-fakultni-nemocnice-ostrava-sestava-kapalin-chromatografu-uhplc-msms-s-prisl-6a0f1943c604b.pdf",324386
66,"Komise pro posuzování rozmístění přístrojových zdravotnických prostředků a kapacit hrazených z veřejného zdravotního pojištění","(47) Stanovisko PK_Fakultní nemocnice Ostrava_Ultrarychlý kap. chromatograf s hmotnostním detektorem","https://ppo.mzcr.cz/upload/files/jednani-30-dubna-2026-obnovy-47-stanovisko-pk-fakultni-nemocnice-ostrava-ultrarychly-kap-chromatograf-s-hmotnostnim-detektorem-6a0f19632854f.pdf",322366
66,"Komise pro posuzování rozmístění přístrojových zdravotnických prostředků a kapacit hrazených z veřejného zdravotního pojištění","(1) Stanovisko PK_Fakultní nemocnice Královské Vinohrady_Robotický chirurgický systém","https://ppo.mzcr.cz/upload/files/jednani-12-prosince-2025-nove-kapacity-1-stanovisko-pk-fakultni-nemocnice-kralovske-vinohrady-roboticky-chirurgicky-system-6954df2cef956.pdf",308776
66,"Komise pro posuzování rozmístění přístrojových zdravotnických prostředků a kapacit hrazených z veřejného zdravotního pojištění","(2) Stanovisko PK_Fakultní nemocnice Ostrava_Teleterapeutický ozařovací systém s příslušenstvím","https://ppo.mzcr.cz/upload/files/jednani-12-prosince-2025-nove-kapacity-2-stanovisko-pk-fakultni-nemocnice-ostrava-teleterapeuticky-ozarovaci-system-s-prislusenstvim-6954df3e74688.pdf",308618
66,"Komise pro posuzování rozmístění přístrojových zdravotnických prostředků a kapacit hrazených z veřejného zdravotního pojištění","(3) Stanovisko PK_Nemocnice České Budějovice, a.s._Kardioangiografický přístroj","https://ppo.mzcr.cz/upload/files/jednani-12-prosince-2025-nove-kapacity-3-stanovisko-pk-nemocnice-ceske-budejovice-a-s-kardioangiograficky-pristroj-6954df488d44b.pdf",307788
66,"Komise pro posuzování rozmístění přístrojových zdravotnických prostředků a kapacit hrazených z veřejného zdravotního pojištění","(4) Stanovisko PK_Masarykův onkologický ústav_Celotělový 3D dermatoskop","https://ppo.mzcr.cz/upload/files/jednani-12-prosince-2025-nove-kapacity-4-stanovisko-pk-masarykuv-onkologicky-ustav-celotelovy-3d-dermatoskop-6954df53ade06.pdf",308293
66,"Komise pro posuzování rozmístění přístrojových zdravotnických prostředků a kapacit hrazených z veřejného zdravotního pojištění","(5) Stanovisko PK_VINETRON - C s.r.o._MR 1,5T","https://ppo.mzcr.cz/upload/files/jednani-12-prosince-2025-nove-kapacity-5-stanovisko-pk-vinetron-c-s-r-o-mr-1-5t-6954df5e0a9a2.pdf",306893
66,"Komise pro posuzování rozmístění přístrojových zdravotnických prostředků a kapacit hrazených z veřejného zdravotního pojištění","(6) Stanovisko PK_Nemocnice Pardubického kraje, a.s., Svitavská nemocnice_MR 1,5T","https://ppo.mzcr.cz/upload/files/jednani-12-prosince-2025-nove-kapacity-6-stanovisko-pk-nemocnice-pardubickeho-kraje-a-s-svitavska-nemocnice-mr-1-5t-6954df6d516b0.pdf",309201
66,"Komise pro posuzování rozmístění přístrojových zdravotnických prostředků a kapacit hrazených z veřejného zdravotního pojištění","(8) Stanovisko PK_Karlovarská krajská nemocnice a.s., Nemocnice Cheb_MR 1,5T","https://ppo.mzcr.cz/upload/files/jednani-12-prosince-2025-nove-kapacity-8-stanovisko-pk-karlovarska-krajska-nemocnice-a-s-nemocnice-cheb-mr-1-5t-6954df778dd9c.pdf",309301
66,"Komise pro posuzování rozmístění přístrojových zdravotnických prostředků a kapacit hrazených z veřejného zdravotního pojištění","(9) Stanovisko PK_MG Pharma s.r.o._MR 1,5T","https://ppo.mzcr.cz/upload/files/jednani-12-prosince-2025-nove-kapacity-9-stanovisko-pk-mg-pharma-s-r-o-mr-1-5t-6954df8152c48.pdf",305984
66,"Komise pro posuzování rozmístění přístrojových zdravotnických prostředků a kapacit hrazených z veřejného zdravotního pojištění","(10) Stanovisko PK_MR-MEDNET s.r.o._MR 1,5T","https://ppo.mzcr.cz/upload/files/jednani-12-prosince-2025-nove-kapacity-10-stanovisko-pk-mr-mednet-s-r-o-mr-1-5t-6954df8a82bd2.pdf",306723
66,"Komise pro posuzování rozmístění přístrojových zdravotnických prostředků a kapacit hrazených z veřejného zdravotního pojištění","(11) Stanovisko PK_SAGENA s.r.o._MR 3T","https://ppo.mzcr.cz/upload/files/jednani-12-prosince-2025-nove-kapacity-11-stanovisko-pk-sagena-s-r-o-mr-3t-6954df9440cc5.pdf",307451
66,"Komise pro posuzování rozmístění přístrojových zdravotnických prostředků a kapacit hrazených z veřejného zdravotního pojištění","(12) Stanovisko PK_NH Hospital a.s._Nemocnice Hořovice_Robotický ortopedický asistenční systém","https://ppo.mzcr.cz/upload/files/jednani-12-prosince-2025-nove-kapacity-12-stanovisko-pk-nh-hospital-a-s-nemocnice-horovice-roboticky-ortopedicky-asistencni-system-6954df9e2ae2c.pdf",307883
66,"Komise pro posuzování rozmístění přístrojových zdravotnických prostředků a kapacit hrazených z veřejného zdravotního pojištění","(13) Stanovisko PK_AGEL Středomoravská nemocniční a.s.,Prostějov_Roboticky asistované řešení pro TEP","https://ppo.mzcr.cz/upload/files/jednani-12-prosince-2025-nove-kapacity-13-stanovisko-pk-agel-stredomoravska-nemocnicni-a-s-prostejov-roboticky-asistovane-reseni-pro-tep-6954dfa715cfa.pdf",309597
66,"Komise pro posuzování rozmístění přístrojových zdravotnických prostředků a kapacit hrazených z veřejného zdravotního pojištění","(14) Stanovisko PK_Fakultní nemocnice Brno_Roboticky asistovaný systém pro totální endoprotetiku","https://ppo.mzcr.cz/upload/files/jednani-12-prosince-2025-nove-kapacity-14-stanovisko-pk-fakultni-nemocnice-brno-roboticky-asistovany-system-pro-totalni-endoprotetiku-6954dfb15be7c.pdf",307357
66,"Komise pro posuzování rozmístění přístrojových zdravotnických prostředků a kapacit hrazených z veřejného zdravotního pojištění","(15) Stanovisko PK_Ústřední vojenská nemocnice_Elektrofyziologický systém","https://ppo.mzcr.cz/upload/files/jednani-12-prosince-2025-obnovy-15-stanovisko-pk-ustredni-vojenska-nemocnice-elektrofyziologicky-system-6954e071dd413.pdf",307941
66,"Komise pro posuzování rozmístění přístrojových zdravotnických prostředků a kapacit hrazených z veřejného zdravotního pojištění","(16) Stanovisko PK_Ústřední vojenská nemocnice_Stacionární angiografický systém s CT vyšší třídy","https://ppo.mzcr.cz/upload/files/jednani-12-prosince-2025-obnovy-16-stanovisko-pk-ustredni-vojenska-nemocnice-stacionarni-angiograficky-system-s-ct-vyssi-tridy-6954e07e85d53.pdf",309972
66,"Komise pro posuzování rozmístění přístrojových zdravotnických prostředků a kapacit hrazených z veřejného zdravotního pojištění","(17) Stanovisko PK_FN v Motole_Mobilní RTG přístroj pro 2D fluoroskopii a 3D zobrazování","https://ppo.mzcr.cz/upload/files/jednani-12-prosince-2025-obnovy-17-stanovisko-pk-fn-v-motole-mobilni-rtg-pristroj-pro-2d-fluoroskopii-a-3d-zobrazovani-6954e09e1d2eb.pdf",309835
66,"Komise pro posuzování rozmístění přístrojových zdravotnických prostředků a kapacit hrazených z veřejného zdravotního pojištění","(18) Stanovisko PK_Fakultní nemocnice Královské Vinohrady_CT vyšší třídy","https://ppo.mzcr.cz/upload/files/jednani-12-prosince-2025-obnovy-18-stanovisko-pk-fakultni-nemocnice-kralovske-vinohrady-ct-vyssi-tridy-6954e0ab7a54c.pdf",308943
66,"Komise pro posuzování rozmístění přístrojových zdravotnických prostředků a kapacit hrazených z veřejného zdravotního pojištění","(19) Stanovisko PK_Fakultní nemocnice Královské Vinohrady_Uroskop","https://ppo.mzcr.cz/upload/files/jednani-12-prosince-2025-obnovy-19-stanovisko-pk-fakultni-nemocnice-kralovske-vinohrady-uroskop-6954e0b7a459b.pdf",308204
66,"Komise pro posuzování rozmístění přístrojových zdravotnických prostředků a kapacit hrazených z veřejného zdravotního pojištění","(20) Stanovisko PK_Krajská zdravotní, a.s., Masarykova nemocnice v Ústí nad Labem, o.z._CT","https://ppo.mzcr.cz/upload/files/jednani-12-prosince-2025-obnovy-20-stanovisko-pk-krajska-zdravotni-a-s-masarykova-nemocnice-v-usti-nad-labem-o-z-ct-6954e0c495f9d.pdf",306903
66,"Komise pro posuzování rozmístění přístrojových zdravotnických prostředků a kapacit hrazených z veřejného zdravotního pojištění","(21) Stanovisko PK_PRIVAMED a.s._MR 1,5T","https://ppo.mzcr.cz/upload/files/jednani-12-prosince-2025-obnovy-21-stanovisko-pk-privamed-a-s-mr-1-5t-6954e0cf9bd31.pdf",305914
66,"Komise pro posuzování rozmístění přístrojových zdravotnických prostředků a kapacit hrazených z veřejného zdravotního pojištění","(22) Stanovisko PK_Fakultní nemocnice Olomouc_Kapalinový chromatograf s hmotnostní spektrometrií","https://ppo.mzcr.cz/upload/files/jednani-12-prosince-2025-obnovy-22-stanovisko-pk-fakultni-nemocnice-olomouc-kapalinovy-chromatograf-s-hmotnostni-spektrometrii-6954e0da3007e.pdf",310915
66,"Komise pro posuzování rozmístění přístrojových zdravotnických prostředků a kapacit hrazených z veřejného zdravotního pojištění","(23) Stanovisko PK_Fakultní nemocnice Hradec Králové_RTG 3D perioperační C-rameno","https://ppo.mzcr.cz/upload/files/jednani-12-prosince-2025-obnovy-23-stanovisko-pk-fakultni-nemocnice-hradec-kralove-rtg-3d-perioperacni-c-rameno-6954e0e5304a9.pdf",309068
66,"Komise pro posuzování rozmístění přístrojových zdravotnických prostředků a kapacit hrazených z veřejného zdravotního pojištění","(24) Stanovisko PK_Fakultní nemocnice Hradec Králové_CT","https://ppo.mzcr.cz/upload/files/jednani-12-prosince-2025-obnovy-24-stanovisko-pk-fakultni-nemocnice-hradec-kralove-ct-6954e0f47f5a2.pdf",309101
66,"Komise pro posuzování rozmístění přístrojových zdravotnických prostředků a kapacit hrazených z veřejného zdravotního pojištění","(25) Stanovisko PK_VFN v Praze_Laparoskopické věže s kombinovanou 3D-4K vizualizací a tech. ICG-2ks","https://ppo.mzcr.cz/upload/files/jednani-12-prosince-2025-obnovy-25-stanovisko-pk-vfn-v-praze-laparoskopicke-veze-s-kombinovanou-3d-4k-vizualizaci-a-tech-icg-2ks-6954e0fed74fb.pdf",345134
66,"Komise pro posuzování rozmístění přístrojových zdravotnických prostředků a kapacit hrazených z veřejného zdravotního pojištění","(26) Stanovisko PK_KZ, a.s., více nemocnic_Hematologické linky a koagulační analyzátory","https://ppo.mzcr.cz/upload/files/jednani-12-prosince-2025-obnovy-26-stanovisko-pk-kz-a-s-vice-nemocnic-hematologicke-linky-a-koagulacni-analyzatory-6954e10942406.pdf",330396
66,"Komise pro posuzování rozmístění přístrojových zdravotnických prostředků a kapacit hrazených z veřejného zdravotního pojištění","(1) Stanovisko PK_Oblastní nemocnice Kolín, a.s._CT","https://ppo.mzcr.cz/upload/files/jednani-8-rijna-2025-nove-kapacity-1-stanovisko-pk-oblastni-nemocnice-kolin-a-s-ct-69020867d700e.pdf",310457
66,"Komise pro posuzování rozmístění přístrojových zdravotnických prostředků a kapacit hrazených z veřejného zdravotního pojištění","(2) Stanovisko PK_DC-Flipper s.r.o._MR 1,5T","https://ppo.mzcr.cz/upload/files/jednani-8-rijna-2025-nove-kapacity-2-stanovisko-pk-dc-flipper-s-r-o-mr-1-5t-690208763fdec.pdf",306853
66,"Komise pro posuzování rozmístění přístrojových zdravotnických prostředků a kapacit hrazených z veřejného zdravotního pojištění","(3) Stanovisko PK_Fakultní nemocnice v Motole_Robotický asistent pro totální kolenní náhradu","https://ppo.mzcr.cz/upload/files/jednani-8-rijna-2025-nove-kapacity-3-stanovisko-pk-fakultni-nemocnice-v-motole-roboticky-asistent-pro-totalni-kolenni-nahradu-690208b8be29e.pdf",312361
66,"Komise pro posuzování rozmístění přístrojových zdravotnických prostředků a kapacit hrazených z veřejného zdravotního pojištění","(4) Stanovisko PK_Nemocnice Rudolfa a Stefanie Benešov_Robotický asistent pro totální endoprotetiku","https://ppo.mzcr.cz/upload/files/jednani-8-rijna-2025-nove-kapacity-4-stanovisko-pk-nemocnice-rudolfa-a-stefanie-benesov-roboticky-asistent-pro-totalni-endoprotetiku-690208dad0c66.pdf",310673
66,"Komise pro posuzování rozmístění přístrojových zdravotnických prostředků a kapacit hrazených z veřejného zdravotního pojištění","(5) Stanovisko PK_VINETRON C s.r.o._MR 1,5T","https://ppo.mzcr.cz/upload/files/jednani-8-rijna-2025-nove-kapacity-5-stanovisko-pk-vinetron-c-s-r-o-mr-1-5t-690208ea7becc.pdf",307244
66,"Komise pro posuzování rozmístění přístrojových zdravotnických prostředků a kapacit hrazených z veřejného zdravotního pojištění","(6) Stanovisko PK_Magnet Pro Bohumín a.s_MR 1,5T","https://ppo.mzcr.cz/upload/files/jednani-8-rijna-2025-nove-kapacity-6-stanovisko-pk-magnet-pro-bohumin-a-s-mr-1-5t-690208fa55025.pdf",308904
66,"Komise pro posuzování rozmístění přístrojových zdravotnických prostředků a kapacit hrazených z veřejného zdravotního pojištění","(7) Stanovisko PK_Nemocnice Na Františku_Robotický asistent pro totální náhradu kolenního kloubu","https://ppo.mzcr.cz/upload/files/jednani-8-rijna-2025-nove-kapacity-7-stanovisko-pk-nemocnice-na-frantisku-roboticky-asistent-pro-totalni-nahradu-kolenniho-kloubu-690209138e938.pdf",311465
66,"Komise pro posuzování rozmístění přístrojových zdravotnických prostředků a kapacit hrazených z veřejného zdravotního pojištění","(8) Stanovisko PK_Městská nemocnice Ostrava, p.o_Robotické rameno pro neurochirurgii","https://ppo.mzcr.cz/upload/files/jednani-8-rijna-2025-nove-kapacity-8-stanovisko-pk-mestska-nemocnice-ostrava-p-o-roboticke-rameno-pro-neurochirurgii-6902092c7fd61.pdf",311032
66,"Komise pro posuzování rozmístění přístrojových zdravotnických prostředků a kapacit hrazených z veřejného zdravotního pojištění","(9) Stanovisko PK_PRIVAMED a.s_MR 1,5T","https://ppo.mzcr.cz/upload/files/jednani-8-rijna-2025-nove-kapacity-9-stanovisko-pk-privamed-a-s-mr-1-5t-690209421175b.pdf",308017
66,"Komise pro posuzování rozmístění přístrojových zdravotnických prostředků a kapacit hrazených z veřejného zdravotního pojištění","(10) Stanovisko PK_MEDIHOPE s.r.o.,Nemocnice Hranice_MR 1,5T","https://ppo.mzcr.cz/upload/files/jednani-8-rijna-2025-nove-kapacity-10-stanovisko-pk-medihope-s-r-o-nemocnice-hranice-mr-1-5t-690209514fc65.pdf",307582
66,"Komise pro posuzování rozmístění přístrojových zdravotnických prostředků a kapacit hrazených z veřejného zdravotního pojištění","(11) Stanovisko PK_Triscan s.r.o._MR 1,5T","https://ppo.mzcr.cz/upload/files/jednani-8-rijna-2025-nove-kapacity-11-stanovisko-pk-triscan-s-r-o-mr-1-5t-6902095e78c22.pdf",307384
66,"Komise pro posuzování rozmístění přístrojových zdravotnických prostředků a kapacit hrazených z veřejného zdravotního pojištění","(12) Stanovisko PK_KZ, a.s., Masarykova nemocnice v Ústí nad Labem, o.z._Kapalinový chromatograf","https://ppo.mzcr.cz/upload/files/jednani-8-rijna-2025-nove-kapacity-12-stanovisko-pk-kz-a-s-masarykova-nemocnice-v-usti-nad-labem-o-z-kapalinovy-chromatograf-690209e06d4fe.pdf",310999
66,"Komise pro posuzování rozmístění přístrojových zdravotnických prostředků a kapacit hrazených z veřejného zdravotního pojištění","(13) Stanovisko PK_KZ, a.s., Masarykova nemocnice v Ústí nad Labem_Excimerový laser","https://ppo.mzcr.cz/upload/files/jednani-8-rijna-2025-nove-kapacity-13-stanovisko-pk-kz-a-s-masarykova-nemocnice-v-usti-nad-labem-excimerovy-laser-69020a0531026.pdf",308642
66,"Komise pro posuzování rozmístění přístrojových zdravotnických prostředků a kapacit hrazených z veřejného zdravotního pojištění","(14) Stanovisko PK_Fakultní nemocnice Brno_Elektromagneticky navigovaná bronchoskopie","https://ppo.mzcr.cz/upload/files/jednani-8-rijna-2025-nove-kapacity-14-stanovisko-pk-fakultni-nemocnice-brno-elektromagneticky-navigovana-bronchoskopie-69020a54acf8b.pdf",309282
66,"Komise pro posuzování rozmístění přístrojových zdravotnických prostředků a kapacit hrazených z veřejného zdravotního pojištění","(15) Stanovisko PK_Uherskohradišťská nemocnice a.s._Systém pro robotickou chirurgii","https://ppo.mzcr.cz/upload/files/jednani-8-rijna-2025-nove-kapacity-15-stanovisko-pk-uherskohradistska-nemocnice-a-s-system-pro-robotickou-chirurgii-69020a7b447de.pdf",310143
66,"Komise pro posuzování rozmístění přístrojových zdravotnických prostředků a kapacit hrazených z veřejného zdravotního pojištění","(16) Stanovisko PK_IC Klinika Brno s.r.o._Vícemístná hyperbarická komora","https://ppo.mzcr.cz/upload/files/jednani-8-rijna-2025-nove-kapacity-16-stanovisko-pk-ic-klinika-brno-s-r-o-vicemistna-hyperbaricka-komora-69020a8b59c55.pdf",311204
66,"Komise pro posuzování rozmístění přístrojových zdravotnických prostředků a kapacit hrazených z veřejného zdravotního pojištění","(17) Stanovisko PK_Slezská nemocnice v Opavě, p.o._Robotický chirurgický přístroj","https://ppo.mzcr.cz/upload/files/jednani-8-rijna-2025-nove-kapacity-17-stanovisko-pk-slezska-nemocnice-v-opave-p-o-roboticky-chirurgicky-pristroj-69020aa396149.pdf",310502
66,"Komise pro posuzování rozmístění přístrojových zdravotnických prostředků a kapacit hrazených z veřejného zdravotního pojištění","(18) Stanovisko PK_Prague Medical Care Department, s.r.o._Kardiologická SPECT kamera s detoktory","https://ppo.mzcr.cz/upload/files/jednani-8-rijna-2025-nove-kapacity-18-stanovisko-pk-prague-medical-care-department-s-r-o-kardiologicka-spect-kamera-s-detoktory-69020ac0697c5.pdf",313892
66,"Komise pro posuzování rozmístění přístrojových zdravotnických prostředků a kapacit hrazených z veřejného zdravotního pojištění","(19) Stanovisko PK_THERÁPON 98, a.s._MR 1,5T","https://ppo.mzcr.cz/upload/files/jednani-8-rijna-2025-nove-kapacity-19-stanovisko-pk-therapon-98-a-s-mr-1-5t-69020ace3e24d.pdf",309242
66,"Komise pro posuzování rozmístění přístrojových zdravotnických prostředků a kapacit hrazených z veřejného zdravotního pojištění","(20) Stanovisko PK_Proton Therapy Center Czech s.r.o._Přístroj pro regionální hypertermii","https://ppo.mzcr.cz/upload/files/jednani-8-rijna-2025-nove-kapacity-20-stanovisko-pk-proton-therapy-center-czech-s-r-o-pristroj-pro-regionalni-hypertermii-69020af41aea6.pdf",310267
66,"Komise pro posuzování rozmístění přístrojových zdravotnických prostředků a kapacit hrazených z veřejného zdravotního pojištění","(21) Stanovisko PK_Proton Therapy Center Czech s.r.o._PET/CT","https://ppo.mzcr.cz/upload/files/jednani-8-rijna-2025-nove-kapacity-21-stanovisko-pk-proton-therapy-center-czech-s-r-o-pet-ct-690210dabd444.pdf",310225
66,"Komise pro posuzování rozmístění přístrojových zdravotnických prostředků a kapacit hrazených z veřejného zdravotního pojištění","(22) Stanovisko PK_Lauman Medical s.r.o._MR 1,5T","https://ppo.mzcr.cz/upload/files/jednani-8-rijna-2025-nove-kapacity-22-stanovisko-pk-lauman-medical-s-r-o-mr-1-5t-69020b0ee03d4.pdf",337894
66,"Komise pro posuzování rozmístění přístrojových zdravotnických prostředků a kapacit hrazených z veřejného zdravotního pojištění","(23) Stanovisko PK_Nemocnice Šumperk a.s._Mamograf","https://ppo.mzcr.cz/upload/files/jednani-8-rijna-2025-nove-kapacity-23-stanovisko-pk-nemocnice-sumperk-a-s-mamograf-69020b1dd84c7.pdf",310872
66,"Komise pro posuzování rozmístění přístrojových zdravotnických prostředků a kapacit hrazených z veřejného zdravotního pojištění","(24) Stanovisko PK_Nemocnice Na Homolce_Neurochirurgický navigační systém","https://ppo.mzcr.cz/upload/files/jednani-8-rijna-2025-nove-kapacity-24-stanovisko-pk-nemocnice-na-homolce-neurochirurgicky-navigacni-system-69020b2d89174.pdf",308736
66,"Komise pro posuzování rozmístění přístrojových zdravotnických prostředků a kapacit hrazených z veřejného zdravotního pojištění","(25) Stanovisko PK_Fakultní nemocnice v Motole_Systém pro celotranskriptomové sekvenování","https://ppo.mzcr.cz/upload/files/jednani-8-rijna-2025-nove-kapacity-25-stanovisko-pk-fakultni-nemocnice-v-motole-system-pro-celotranskriptomove-sekvenovani-69020b6e727a0.pdf",311328
66,"Komise pro posuzování rozmístění přístrojových zdravotnických prostředků a kapacit hrazených z veřejného zdravotního pojištění","(26) Stanovisko PK_Fakultní nemocnice v Motole_Systém pro komplexní cytometrickou analýzu","https://ppo.mzcr.cz/upload/files/jednani-8-rijna-2025-nove-kapacity-26-stanovisko-pk-fakultni-nemocnice-v-motole-system-pro-komplexni-cytometrickou-analyzu-69020b921e5e4.pdf",311465
66,"Komise pro posuzování rozmístění přístrojových zdravotnických prostředků a kapacit hrazených z veřejného zdravotního pojištění","(27) Stanovisko PK_Nemocnice České Budějovice, a.s._Robotický asistent ROSA Knee","https://ppo.mzcr.cz/upload/files/jednani-8-rijna-2025-nove-kapacity-27-stanovisko-pk-nemocnice-ceske-budejovice-a-s-roboticky-asistent-rosa-knee-69020ba3350ab.pdf",314612
66,"Komise pro posuzování rozmístění přístrojových zdravotnických prostředků a kapacit hrazených z veřejného zdravotního pojištění","(28) Stanovisko PK_Úrazová nemocnice v Brně_MR 1,5T","https://ppo.mzcr.cz/upload/files/jednani-8-rijna-2025-nove-kapacity-28-stanovisko-pk-urazova-nemocnice-v-brne-mr-1-5t-69020bafbb6e9.pdf",310753
66,"Komise pro posuzování rozmístění přístrojových zdravotnických prostředků a kapacit hrazených z veřejného zdravotního pojištění","(29) Stanovisko PK_Angio a.s._AngioCentrum Kolín_Angiografický přístroj","https://ppo.mzcr.cz/upload/files/jednani-8-rijna-2025-obnovy-29-stanovisko-pk-angio-a-s-angiocentrum-kolin-angiograficky-pristroj-6902109276694.pdf",309926
66,"Komise pro posuzování rozmístění přístrojových zdravotnických prostředků a kapacit hrazených z veřejného zdravotního pojištění","(30) Stanovisko PK_Městská nemocnice, a.s., Dvůr Kralové nad Labem_CT","https://ppo.mzcr.cz/upload/files/jednani-8-rijna-2025-obnovy-30-stanovisko-pk-mestska-nemocnice-a-s-dvur-kralove-nad-labem-ct-690210a39d302.pdf",310000
66,"Komise pro posuzování rozmístění přístrojových zdravotnických prostředků a kapacit hrazených z veřejného zdravotního pojištění","(31) Stanovisko PK_Fakultní nemocnice Ostrava_RTG skiagrafický systém","https://ppo.mzcr.cz/upload/files/jednani-8-rijna-2025-obnovy-31-stanovisko-pk-fakultni-nemocnice-ostrava-rtg-skiagraficky-system-690210b0abd39.pdf",309502
66,"Komise pro posuzování rozmístění přístrojových zdravotnických prostředků a kapacit hrazených z veřejného zdravotního pojištění","(32) Stanovisko PK_Fakultní nemocnice Ostrava_Brachyterapeutický systém","https://ppo.mzcr.cz/upload/files/jednani-8-rijna-2025-obnovy-32-stanovisko-pk-fakultni-nemocnice-ostrava-brachyterapeuticky-system-690210bcc74e8.pdf",308027
66,"Komise pro posuzování rozmístění přístrojových zdravotnických prostředků a kapacit hrazených z veřejného zdravotního pojištění","(33) Stanovisko PK_Fakultní nemocnice Ostrava_PET/CT","https://ppo.mzcr.cz/upload/files/jednani-8-rijna-2025-obnovy-33-stanovisko-pk-fakultni-nemocnice-ostrava-pet-ct-690210ce94ba8.pdf",308651
66,"Komise pro posuzování rozmístění přístrojových zdravotnických prostředků a kapacit hrazených z veřejného zdravotního pojištění","(34) Stanovisko PK_Městská nemocnice Ostrava, p.o._Angiografický systém","https://ppo.mzcr.cz/upload/files/jednani-8-rijna-2025-obnovy-34-stanovisko-pk-mestska-nemocnice-ostrava-p-o-angiograficky-system-690210fc900d7.pdf",311411
66,"Komise pro posuzování rozmístění přístrojových zdravotnických prostředků a kapacit hrazených z veřejného zdravotního pojištění","(35) Stanovisko PK_NH Hospital a.s., Nemocnice Hořovice_CT","https://ppo.mzcr.cz/upload/files/jednani-8-rijna-2025-obnovy-35-stanovisko-pk-nh-hospital-a-s-nemocnice-horovice-ct-6902110a726c1.pdf",307879
66,"Komise pro posuzování rozmístění přístrojových zdravotnických prostředků a kapacit hrazených z veřejného zdravotního pojištění","(36) Stanovisko PK_Multiscan s.r.o._HDR brachyterapeutický přístroj","https://ppo.mzcr.cz/upload/files/jednani-8-rijna-2025-obnovy-36-stanovisko-pk-multiscan-s-r-o-hdr-brachyterapeuticky-pristroj-69021117f0b31.pdf",310289
66,"Komise pro posuzování rozmístění přístrojových zdravotnických prostředků a kapacit hrazených z veřejného zdravotního pojištění","(37) Stanovisko PK_Klinika JL - MR, s.r.o._MR 3T","https://ppo.mzcr.cz/upload/files/jednani-8-rijna-2025-obnovy-37-stanovisko-pk-klinika-jl-mr-s-r-o-mr-3t-69021426bf8cb.pdf",308268
66,"Komise pro posuzování rozmístění přístrojových zdravotnických prostředků a kapacit hrazených z veřejného zdravotního pojištění","(38) Stanovisko PK_Nemocnice Třebíč, p.o._CT","https://ppo.mzcr.cz/upload/files/jednani-8-rijna-2025-obnovy-38-stanovisko-pk-nemocnice-trebic-p-o-ct-690214335441f.pdf",308284
66,"Komise pro posuzování rozmístění přístrojových zdravotnických prostředků a kapacit hrazených z veřejného zdravotního pojištění","(39) Stanovisko PK_Nemocnice AGEL Nový Jičín a.s._Terapeutický RTG ozařovač","https://ppo.mzcr.cz/upload/files/jednani-8-rijna-2025-obnovy-39-stanovisko-pk-nemocnice-agel-novy-jicin-a-s-terapeuticky-rtg-ozarovac-69021442d8ccf.pdf",308650
66,"Komise pro posuzování rozmístění přístrojových zdravotnických prostředků a kapacit hrazených z veřejného zdravotního pojištění","(40) Stanovisko PK_Oblastní nemocnice Jičín a.s._SPECT/CT","https://ppo.mzcr.cz/upload/files/jednani-8-rijna-2025-obnovy-40-stanovisko-pk-oblastni-nemocnice-jicin-a-s-spect-ct-69021456bbdc2.pdf",307655
66,"Komise pro posuzování rozmístění přístrojových zdravotnických prostředků a kapacit hrazených z veřejného zdravotního pojištění","(41) Stanovisko PK_Fakultní nemocnice u sv. Anny v Brně_Angiografický dvourovinný přístroj","https://ppo.mzcr.cz/upload/files/jednani-8-rijna-2025-obnovy-41-stanovisko-pk-fakultni-nemocnice-u-sv-anny-v-brne-angiograficky-dvourovinny-pristroj-6902146d25445.pdf",310885
66,"Komise pro posuzování rozmístění přístrojových zdravotnických prostředků a kapacit hrazených z veřejného zdravotního pojištění","(42) Stanovisko PK_Fakultní nemocnice u sv. Anny v Brně_Angiografický jednorovinný přístroj","https://ppo.mzcr.cz/upload/files/jednani-8-rijna-2025-obnovy-42-stanovisko-pk-fakultni-nemocnice-u-sv-anny-v-brne-angiograficky-jednorovinny-pristroj-690214823c9ef.pdf",310891
66,"Komise pro posuzování rozmístění přístrojových zdravotnických prostředků a kapacit hrazených z veřejného zdravotního pojištění","(43) Stanovisko PK_Nemocnice Na Homolce_Navigační systém pro zavádění elektrod při DBS operaci","https://ppo.mzcr.cz/upload/files/jednani-8-rijna-2025-obnovy-43-stanovisko-pk-nemocnice-na-homolce-navigacni-system-pro-zavadeni-elektrod-pri-dbs-operaci-690214a0cd216.pdf",307264
66,"Komise pro posuzování rozmístění přístrojových zdravotnických prostředků a kapacit hrazených z veřejného zdravotního pojištění","(44) Stanovisko PK_Ústřední vojenská nemocnice - Vojenská fakultní nemocnice Praha_Navigační systémy pro neurochirurgii","https://ppo.mzcr.cz/upload/files/jednani-8-rijna-2025-obnovy-44-stanovisko-pk-ustredni-vojenska-nemocnice-vojenska-fakultni-nemocnice-praha-navigacni-systemy-pro-neurochirurgii-690214be439b5.pdf",310235
66,"Komise pro posuzování rozmístění přístrojových zdravotnických prostředků a kapacit hrazených z veřejného zdravotního pojištění","(45) Stanovisko PK_Ústřední vojenská nemocnice - Vojenská fakultní nemocnice Praha_Konturovací systém pro radioterapii","https://ppo.mzcr.cz/upload/files/jednani-8-rijna-2025-obnovy-45-stanovisko-pk-ustredni-vojenska-nemocnice-vojenska-fakultni-nemocnice-praha-konturovaci-system-pro-radioterapii-690214d97f580.pdf",311673
66,"Komise pro posuzování rozmístění přístrojových zdravotnických prostředků a kapacit hrazených z veřejného zdravotního pojištění","(46) Stanovisko PK_Fakultní nemocnice Bulovka_MR 1,5T","https://ppo.mzcr.cz/upload/files/jednani-8-rijna-2025-obnovy-46-stanovisko-pk-fakultni-nemocnice-bulovka-mr-1-5t-690214f69e739.pdf",309311
66,"Komise pro posuzování rozmístění přístrojových zdravotnických prostředků a kapacit hrazených z veřejného zdravotního pojištění","(47) Stanovisko PK_Fakultní nemocnice Bulovka_Skiagraficko-skiaskopický RTG","https://ppo.mzcr.cz/upload/files/jednani-8-rijna-2025-obnovy-47-stanovisko-pk-fakultni-nemocnice-bulovka-skiagraficko-skiaskopicky-rtg-6902150448222.pdf",311074
66,"Komise pro posuzování rozmístění přístrojových zdravotnických prostředků a kapacit hrazených z veřejného zdravotního pojištění","(48) Stanovisko PK_Fakultní nemocnice Bulovka_Skiagrafický RTG","https://ppo.mzcr.cz/upload/files/jednani-8-rijna-2025-obnovy-48-stanovisko-pk-fakultni-nemocnice-bulovka-skiagraficky-rtg-690215200df02.pdf",309724
66,"Komise pro posuzování rozmístění přístrojových zdravotnických prostředků a kapacit hrazených z veřejného zdravotního pojištění","(49) Stanovisko PK_Ústav hematologie a krevní transfuze Praha_Hematologická linka","https://ppo.mzcr.cz/upload/files/jednani-8-rijna-2025-obnovy-49-stanovisko-pk-ustav-hematologie-a-krevni-transfuze-praha-hematologicka-linka-69021567b0387.pdf",309995
66,"Komise pro posuzování rozmístění přístrojových zdravotnických prostředků a kapacit hrazených z veřejného zdravotního pojištění","(50) Stanovisko PK_MEDIHOPE s.r.o., Prostějov_MR 1,5T","https://ppo.mzcr.cz/upload/files/jednani-8-rijna-2025-obnovy-50-stanovisko-pk-medihope-s-r-o-prostejov-mr-1-5t-69021573b7d21.pdf",308010
66,"Komise pro posuzování rozmístění přístrojových zdravotnických prostředků a kapacit hrazených z veřejného zdravotního pojištění","(51) Stanovisko PK_MEDIHOPE s.r.o., Olomouc_MR 1,5T","https://ppo.mzcr.cz/upload/files/jednani-8-rijna-2025-obnovy-51-stanovisko-pk-medihope-s-r-o-olomouc-mr-1-5t-6902158c73917.pdf",306471
66,"Komise pro posuzování rozmístění přístrojových zdravotnických prostředků a kapacit hrazených z veřejného zdravotního pojištění","(52) Stanovisko PK_KZ, a.s., Masarykova nemocnice v Ústí nad Labem, o.z._O-arm","https://ppo.mzcr.cz/upload/files/jednani-8-rijna-2025-obnovy-52-stanovisko-pk-kz-a-s-masarykova-nemocnice-v-usti-nad-labem-o-z-o-arm-6902159b4e0e3.pdf",309390
66,"Komise pro posuzování rozmístění přístrojových zdravotnických prostředků a kapacit hrazených z veřejného zdravotního pojištění","(53) Stanovisko PK_KZ, a.s., Nemocnice Teplice, o.z._MR 1,5T","https://ppo.mzcr.cz/upload/files/jednani-8-rijna-2025-obnovy-53-stanovisko-pk-kz-a-s-nemocnice-teplice-o-z-mr-1-5t-690215a72a507.pdf",309302
66,"Komise pro posuzování rozmístění přístrojových zdravotnických prostředků a kapacit hrazených z veřejného zdravotního pojištění","(54) Stanovisko PK_Nemocnice Nové Město na Moravě, p.o._CT","https://ppo.mzcr.cz/upload/files/jednani-8-rijna-2025-obnovy-54-stanovisko-pk-nemocnice-nove-mesto-na-morave-p-o-ct-690215b4d8320.pdf",309542
66,"Komise pro posuzování rozmístění přístrojových zdravotnických prostředků a kapacit hrazených z veřejného zdravotního pojištění","(55) Stanovisko PK_Karlovarská krajská nemocnice a.s._Endosonografický systém","https://ppo.mzcr.cz/upload/files/jednani-8-rijna-2025-obnovy-55-stanovisko-pk-karlovarska-krajska-nemocnice-a-s-endosonograficky-system-690215c89ff25.pdf",309274
66,"Komise pro posuzování rozmístění přístrojových zdravotnických prostředků a kapacit hrazených z veřejného zdravotního pojištění","(56) Stanovisko PK_Karlovarská krajská nemocnice a.s._Hmotnostní spektrometr MALDI TOF","https://ppo.mzcr.cz/upload/files/jednani-8-rijna-2025-obnovy-56-stanovisko-pk-karlovarska-krajska-nemocnice-a-s-hmotnostni-spektrometr-maldi-tof-690215e4047dc.pdf",309168
66,"Komise pro posuzování rozmístění přístrojových zdravotnických prostředků a kapacit hrazených z veřejného zdravotního pojištění","(57) Stanovisko PK_Fakultní nemocnice Hradec Králové_CT (PIO)","https://ppo.mzcr.cz/upload/files/jednani-8-rijna-2025-obnovy-57-stanovisko-pk-fakultni-nemocnice-hradec-kralove-ct-pio-690215f07f760.pdf",309493
66,"Komise pro posuzování rozmístění přístrojových zdravotnických prostředků a kapacit hrazených z veřejného zdravotního pojištění","(58) Stanovisko PK_Fakultní nemocnice Hradec Králové_CT (DC)","https://ppo.mzcr.cz/upload/files/jednani-8-rijna-2025-obnovy-58-stanovisko-pk-fakultni-nemocnice-hradec-kralove-ct-dc-690215fd06fb2.pdf",309155
66,"Komise pro posuzování rozmístění přístrojových zdravotnických prostředků a kapacit hrazených z veřejného zdravotního pojištění","(1) Stanovisko PK_Nemocnice Na Františku_MR 1,5T","https://ppo.mzcr.cz/upload/files/jednani-11-cervna-2025-nove-kapacity-1-stanovisko-pk-nemocnice-na-frantisku-mr-1-5t-6864e8348cc70.pdf",268006
66,"Komise pro posuzování rozmístění přístrojových zdravotnických prostředků a kapacit hrazených z veřejného zdravotního pojištění","(2) Stanovisko PK_Nemocnice Na Františku_robot pro totální náhradu kolenního kloubu","https://ppo.mzcr.cz/upload/files/jednani-11-cervna-2025-nove-kapacity-2-stanovisko-pk-nemocnice-na-frantisku-robot-pro-totalni-nahradu-kolenniho-kloubu-6864e83d8f4b7.pdf",266532
66,"Komise pro posuzování rozmístění přístrojových zdravotnických prostředků a kapacit hrazených z veřejného zdravotního pojištění","(3) Stanovisko PK_Fakultní nemocnice Olomouc_MR 1,5T","https://ppo.mzcr.cz/upload/files/jednani-11-cervna-2025-nove-kapacity-3-stanovisko-pk-fakultni-nemocnice-olomouc-mr-1-5t-6864e845e5cbc.pdf",270851
66,"Komise pro posuzování rozmístění přístrojových zdravotnických prostředků a kapacit hrazených z veřejného zdravotního pojištění","(4) Stanovisko PK_Fakultní nemocnice Olomouc_přístroj pro hloubkovou hypertermii","https://ppo.mzcr.cz/upload/files/jednani-11-cervna-2025-nove-kapacity-4-stanovisko-pk-fakultni-nemocnice-olomouc-pristroj-pro-hloubkovou-hypertermii-6864e84f8fd85.pdf",296557
66,"Komise pro posuzování rozmístění přístrojových zdravotnických prostředků a kapacit hrazených z veřejného zdravotního pojištění","(5) Stanovisko PK_Fakultní nemocnice v Motole_elektroporační systém","https://ppo.mzcr.cz/upload/files/jednani-11-cervna-2025-nove-kapacity-5-stanovisko-pk-fakultni-nemocnice-v-motole-elektroporacni-system-6864e85849b50.pdf",310189
66,"Komise pro posuzování rozmístění přístrojových zdravotnických prostředků a kapacit hrazených z veřejného zdravotního pojištění","(6) Stanovisko PK_Fakultní nemocnice v Motole_2x CT","https://ppo.mzcr.cz/upload/files/jednani-11-cervna-2025-nove-kapacity-6-stanovisko-pk-fakultni-nemocnice-v-motole-2x-ct-6864e8608b3fd.pdf",311541
66,"Komise pro posuzování rozmístění přístrojových zdravotnických prostředků a kapacit hrazených z veřejného zdravotního pojištění","(7) Stanovisko PK_Fakultní nemocnice v Motole_mamografický přístroj","https://ppo.mzcr.cz/upload/files/jednani-11-cervna-2025-nove-kapacity-7-stanovisko-pk-fakultni-nemocnice-v-motole-mamograficky-pristroj-6864e8681dc9b.pdf",308473
66,"Komise pro posuzování rozmístění přístrojových zdravotnických prostředků a kapacit hrazených z veřejného zdravotního pojištění","(8) Stanovisko PK_Fakultní nemocnice v Motole_2x MR 3T","https://ppo.mzcr.cz/upload/files/jednani-11-cervna-2025-nove-kapacity-8-stanovisko-pk-fakultni-nemocnice-v-motole-2x-mr-3t-6864e86fbd842.pdf",313628
66,"Komise pro posuzování rozmístění přístrojových zdravotnických prostředků a kapacit hrazených z veřejného zdravotního pojištění","(9) Stanovisko PK_Fakultní nemocnice v Motole_skiagrafický přístroj","https://ppo.mzcr.cz/upload/files/jednani-11-cervna-2025-nove-kapacity-9-stanovisko-pk-fakultni-nemocnice-v-motole-skiagraficky-pristroj-6864e87709174.pdf",330759
66,"Komise pro posuzování rozmístění přístrojových zdravotnických prostředků a kapacit hrazených z veřejného zdravotního pojištění","(10) Stanovisko PK_Fakultní nemocnice v Motole_skiaskopický přístroj","https://ppo.mzcr.cz/upload/files/jednani-11-cervna-2025-nove-kapacity-10-stanovisko-pk-fakultni-nemocnice-v-motole-skiaskopicky-pristroj-6864e88196930.pdf",308365
66,"Komise pro posuzování rozmístění přístrojových zdravotnických prostředků a kapacit hrazených z veřejného zdravotního pojištění","(11) Stanovisko PK_HR Clinic s.r.o._MR 1,5T","https://ppo.mzcr.cz/upload/files/jednani-11-cervna-2025-nove-kapacity-11-stanovisko-pk-hr-clinic-s-r-o-mr-1-5t-6864e8891d065.pdf",307894
66,"Komise pro posuzování rozmístění přístrojových zdravotnických prostředků a kapacit hrazených z veřejného zdravotního pojištění","(12) Stanovisko PK_Masarykova nemocnice v Ústí nad Labem, o.z._kardioangio","https://ppo.mzcr.cz/upload/files/jednani-11-cervna-2025-nove-kapacity-12-stanovisko-pk-masarykova-nemocnice-v-usti-nad-labem-o-z-kardioangio-6864e891b1751.pdf",309163
66,"Komise pro posuzování rozmístění přístrojových zdravotnických prostředků a kapacit hrazených z veřejného zdravotního pojištění","(13) Stanovisko PK_NH Hospital a.s., Nemocnice Hořovice_přístroj pro angiografii","https://ppo.mzcr.cz/upload/files/jednani-11-cervna-2025-nove-kapacity-13-stanovisko-pk-nh-hospital-a-s-nemocnice-horovice-pristroj-pro-angiografii-6864e899f1c4d.pdf",310564
66,"Komise pro posuzování rozmístění přístrojových zdravotnických prostředků a kapacit hrazených z veřejného zdravotního pojištění","(14) Stanovisko PK_NH Hospital a.s., Nemocnice Hořovice_PET-CT","https://ppo.mzcr.cz/upload/files/jednani-11-cervna-2025-nove-kapacity-14-stanovisko-pk-nh-hospital-a-s-nemocnice-horovice-pet-ct-6864e8a11034a.pdf",311854
66,"Komise pro posuzování rozmístění přístrojových zdravotnických prostředků a kapacit hrazených z veřejného zdravotního pojištění","(16) Stanovisko PK_NH Hospital a.s., Neoklinika_MR 1,5T","https://ppo.mzcr.cz/upload/files/jednani-11-cervna-2025-nove-kapacity-16-stanovisko-pk-nh-hospital-a-s-neoklinika-mr-1-5t-6864e8a981843.pdf",308073
66,"Komise pro posuzování rozmístění přístrojových zdravotnických prostředků a kapacit hrazených z veřejného zdravotního pojištění","(17) Stanovisko PK_Thermal Pasohlávky a.s._robot pro obnovu chůze","https://ppo.mzcr.cz/upload/files/jednani-11-cervna-2025-nove-kapacity-17-stanovisko-pk-thermal-pasohlavky-a-s-robot-pro-obnovu-chuze-6864e8b154e6b.pdf",312598
66,"Komise pro posuzování rozmístění přístrojových zdravotnických prostředků a kapacit hrazených z veřejného zdravotního pojištění","(18) Stanovisko PK_Thermal Pasohlávky a.s._robot pro horní končetiny","https://ppo.mzcr.cz/upload/files/jednani-11-cervna-2025-nove-kapacity-18-stanovisko-pk-thermal-pasohlavky-a-s-robot-pro-horni-koncetiny-6864e8bc21e36.pdf",310771
66,"Komise pro posuzování rozmístění přístrojových zdravotnických prostředků a kapacit hrazených z veřejného zdravotního pojištění","(19) Stanovisko PK_Ústřední vojenská nemocnice_ozařovač navigovaný pomocí CT","https://ppo.mzcr.cz/upload/files/jednani-11-cervna-2025-nove-kapacity-19-stanovisko-pk-ustredni-vojenska-nemocnice-ozarovac-navigovany-pomoci-ct-6864e8c5b1b72.pdf",311465
66,"Komise pro posuzování rozmístění přístrojových zdravotnických prostředků a kapacit hrazených z veřejného zdravotního pojištění","(20) Stanovisko PK_NEUROL-EEG s.r.o._MR 1,5T","https://ppo.mzcr.cz/upload/files/jednani-11-cervna-2025-nove-kapacity-20-stanovisko-pk-neurol-eeg-s-r-o-mr-1-5t-6864e8cdc66ac.pdf",306023
66,"Komise pro posuzování rozmístění přístrojových zdravotnických prostředků a kapacit hrazených z veřejného zdravotního pojištění","(21) Stanovisko PK_Fakultní nemocnice Brno_femtosekundový laser","https://ppo.mzcr.cz/upload/files/jednani-11-cervna-2025-nove-kapacity-21-stanovisko-pk-fakultni-nemocnice-brno-femtosekundovy-laser-6864e8d66a812.pdf",307559
66,"Komise pro posuzování rozmístění přístrojových zdravotnických prostředků a kapacit hrazených z veřejného zdravotního pojištění","(22) Stanovisko PK_Fakultní nemocnice Brno_MR 1,5-3T","https://ppo.mzcr.cz/upload/files/jednani-11-cervna-2025-obnovy-22-stanovisko-pk-fakultni-nemocnice-brno-mr-1-5-3t-6864e9158a7c0.pdf",309574
66,"Komise pro posuzování rozmístění přístrojových zdravotnických prostředků a kapacit hrazených z veřejného zdravotního pojištění","(23) Stanovisko PK_Fakultní nemocnice Brno_MR 1,5T","https://ppo.mzcr.cz/upload/files/jednani-11-cervna-2025-obnovy-23-stanovisko-pk-fakultni-nemocnice-brno-mr-1-5t-6864e91de2112.pdf",308363
66,"Komise pro posuzování rozmístění přístrojových zdravotnických prostředků a kapacit hrazených z veřejného zdravotního pojištění","(24) Stanovisko PK_Nemocnice Pelhřimov, p.o._multidetektorové CT","https://ppo.mzcr.cz/upload/files/jednani-11-cervna-2025-obnovy-24-stanovisko-pk-nemocnice-pelhrimov-p-o-multidetektorove-ct-6864e9282c039.pdf",306850
66,"Komise pro posuzování rozmístění přístrojových zdravotnických prostředků a kapacit hrazených z veřejného zdravotního pojištění","(25) Stanovisko PK_Endokrinologický ústav_kapalinový chromatograf","https://ppo.mzcr.cz/upload/files/jednani-11-cervna-2025-obnovy-25-stanovisko-pk-endokrinologicky-ustav-kapalinovy-chromatograf-6864e930c49b0.pdf",313562
66,"Komise pro posuzování rozmístění přístrojových zdravotnických prostředků a kapacit hrazených z veřejného zdravotního pojištění","(26) Stanovisko PK_Fakultní nemocnice Hradec Králové_monitorovací systém","https://ppo.mzcr.cz/upload/files/jednani-11-cervna-2025-obnovy-26-stanovisko-pk-fakultni-nemocnice-hradec-kralove-monitorovaci-system-6864e939abf7c.pdf",307600
66,"Komise pro posuzování rozmístění přístrojových zdravotnických prostředků a kapacit hrazených z veřejného zdravotního pojištění","(27) Stanovisko PK_Fakultní nemocnice Hradec Králové_RTG skiagrafický přístroj I.","https://ppo.mzcr.cz/upload/files/jednani-11-cervna-2025-obnovy-27-stanovisko-pk-fakultni-nemocnice-hradec-kralove-rtg-skiagraficky-pristroj-i-6864e94153a7e.pdf",309231
66,"Komise pro posuzování rozmístění přístrojových zdravotnických prostředků a kapacit hrazených z veřejného zdravotního pojištění","(28) Stanovisko PK_Fakultní nemocnice Hradec Králové_RTG skiagrafický přístroj II.","https://ppo.mzcr.cz/upload/files/jednani-11-cervna-2025-obnovy-28-stanovisko-pk-fakultni-nemocnice-hradec-kralove-rtg-skiagraficky-pristroj-ii-6864e9496e36e.pdf",308233
66,"Komise pro posuzování rozmístění přístrojových zdravotnických prostředků a kapacit hrazených z veřejného zdravotního pojištění","(29) Stanovisko PK_Fakultní nemocnice Hradec Králové_RTG skiagrafický přístroj III.","https://ppo.mzcr.cz/upload/files/jednani-11-cervna-2025-obnovy-29-stanovisko-pk-fakultni-nemocnice-hradec-kralove-rtg-skiagraficky-pristroj-iii-6864e95250aed.pdf",307600
66,"Komise pro posuzování rozmístění přístrojových zdravotnických prostředků a kapacit hrazených z veřejného zdravotního pojištění","(30) Stanovisko PK_Fakultní nemocnice Plzeň_skiaskopicko-skiagrafický komplet","https://ppo.mzcr.cz/upload/files/jednani-11-cervna-2025-obnovy-30-stanovisko-pk-fakultni-nemocnice-plzen-skiaskopicko-skiagraficky-komplet-6864e95f5604d.pdf",308598
66,"Komise pro posuzování rozmístění přístrojových zdravotnických prostředků a kapacit hrazených z veřejného zdravotního pojištění","(31) Stanovisko PK_Karlovarská krajská nemocnice a.s._angiografická linka","https://ppo.mzcr.cz/upload/files/jednani-11-cervna-2025-obnovy-31-stanovisko-pk-karlovarska-krajska-nemocnice-a-s-angiograficka-linka-6864e968e45c1.pdf",306993
66,"Komise pro posuzování rozmístění přístrojových zdravotnických prostředků a kapacit hrazených z veřejného zdravotního pojištění","(32) Stanovisko PK_Karlovarská krajská nemocnice a.s._skiaskopický přístroj s C-ramenem","https://ppo.mzcr.cz/upload/files/jednani-11-cervna-2025-obnovy-32-stanovisko-pk-karlovarska-krajska-nemocnice-a-s-skiaskopicky-pristroj-s-c-ramenem-6864e972958d2.pdf",308271
66,"Komise pro posuzování rozmístění přístrojových zdravotnických prostředků a kapacit hrazených z veřejného zdravotního pojištění","(33) Stanovisko PK_Masarykova nemocnice v Ústí nad Labem, o.z._PET-CT","https://ppo.mzcr.cz/upload/files/jednani-11-cervna-2025-obnovy-33-stanovisko-pk-masarykova-nemocnice-v-usti-nad-labem-o-z-pet-ct-6864e97c935e0.pdf",308930
66,"Komise pro posuzování rozmístění přístrojových zdravotnických prostředků a kapacit hrazených z veřejného zdravotního pojištění","(34) Stanovisko PK_Nemocnice Litoměřice, o.z._skiagrafický RTG komplet","https://ppo.mzcr.cz/upload/files/jednani-11-cervna-2025-obnovy-34-stanovisko-pk-nemocnice-litomerice-o-z-skiagraficky-rtg-komplet-6864e986a1574.pdf",308283
66,"Komise pro posuzování rozmístění přístrojových zdravotnických prostředků a kapacit hrazených z veřejného zdravotního pojištění","(35) Stanovisko PK_Krajská zdravotní, a.s._Nemocnice Most, o.z._skiagrafický RTG komplet","https://ppo.mzcr.cz/upload/files/jednani-11-cervna-2025-obnovy-35-stanovisko-pk-krajska-zdravotni-a-s-nemocnice-most-o-z-skiagraficky-rtg-komplet-6864e98f1e601.pdf",307169
66,"Komise pro posuzování rozmístění přístrojových zdravotnických prostředků a kapacit hrazených z veřejného zdravotního pojištění","(36) Stanovisko PK_Masarykův onkologický ústav_genetický analyzátor s IVDR certifikací","https://ppo.mzcr.cz/upload/files/jednani-11-cervna-2025-obnovy-36-stanovisko-pk-masarykuv-onkologicky-ustav-geneticky-analyzator-s-ivdr-certifikaci-6864e997d51c8.pdf",313436
66,"Komise pro posuzování rozmístění přístrojových zdravotnických prostředků a kapacit hrazených z veřejného zdravotního pojištění","(37) Stanovisko PK_Nemocnice Havlíčkův Brod, p.o._angiografický komplet","https://ppo.mzcr.cz/upload/files/jednani-11-cervna-2025-obnovy-37-stanovisko-pk-nemocnice-havlickuv-brod-p-o-angiograficky-komplet-6864e9a1b5a01.pdf",306768
66,"Komise pro posuzování rozmístění přístrojových zdravotnických prostředků a kapacit hrazených z veřejného zdravotního pojištění","(38) Stanovisko PK_Oblastní nemocnice Kolín, a.s._CT","https://ppo.mzcr.cz/upload/files/jednani-11-cervna-2025-obnovy-38-stanovisko-pk-oblastni-nemocnice-kolin-a-s-ct-6864e9ac5356a.pdf",307679
66,"Komise pro posuzování rozmístění přístrojových zdravotnických prostředků a kapacit hrazených z veřejného zdravotního pojištění","(39) Stanovisko PK_Úrazová nemocnice v Brně_skiagrafický přístroj","https://ppo.mzcr.cz/upload/files/jednani-11-cervna-2025-obnovy-39-stanovisko-pk-urazova-nemocnice-v-brne-skiagraficky-pristroj-6864e9b5dbc34.pdf",307391
66,"Komise pro posuzování rozmístění přístrojových zdravotnických prostředků a kapacit hrazených z veřejného zdravotního pojištění","(40) Stanovisko PK_Všeobecná fakultní nemocnice v Praze_tandemový hmotnostní spektrometr","https://ppo.mzcr.cz/upload/files/jednani-11-cervna-2025-obnovy-40-stanovisko-pk-vseobecna-fakultni-nemocnice-v-praze-tandemovy-hmotnostni-spektrometr-6864e9bf02cab.pdf",312315
66,"Komise pro posuzování rozmístění přístrojových zdravotnických prostředků a kapacit hrazených z veřejného zdravotního pojištění","(1) Stanovisko PK_EUC Klinika Praha a.s._MR 1,5T","https://ppo.mzcr.cz/upload/files/jednani-2-dubna-2025-nove-kapacity-1-stanovisko-pk-euc-klinika-praha-a-s-mr-1-5t-684bd8468ef50.pdf",266942
66,"Komise pro posuzování rozmístění přístrojových zdravotnických prostředků a kapacit hrazených z veřejného zdravotního pojištění","(2) Stanovisko PK_MEDICON Services s.r.o._MR 1,5T","https://ppo.mzcr.cz/upload/files/jednani-2-dubna-2025-nove-kapacity-2-stanovisko-pk-medicon-services-s-r-o-mr-1-5t-684bd84fcc3ce.pdf",268756
66,"Komise pro posuzování rozmístění přístrojových zdravotnických prostředků a kapacit hrazených z veřejného zdravotního pojištění","(3) Stanovisko PK_Bohumínská nemocnice, a.s._MR 1,5T","https://ppo.mzcr.cz/upload/files/jednani-2-dubna-2025-nove-kapacity-3-stanovisko-pk-bohuminska-nemocnice-a-s-mr-1-5t-684bd85947c7e.pdf",266357
66,"Komise pro posuzování rozmístění přístrojových zdravotnických prostředků a kapacit hrazených z veřejného zdravotního pojištění","(4) Stanovisko MZ_Úrazová nemocnice v Brně_MR 1,5T","https://ppo.mzcr.cz/upload/files/jednani-2-dubna-2025-nove-kapacity-4-stanovisko-mz-urazova-nemocnice-v-brne-mr-1-5t-684bd862de62c.pdf",266625
66,"Komise pro posuzování rozmístění přístrojových zdravotnických prostředků a kapacit hrazených z veřejného zdravotního pojištění","(5) Stanovisko PK_Krajská zdravotní, a.s._Nemocnie Teplice, o.z._MR 3T","https://ppo.mzcr.cz/upload/files/jednani-2-dubna-2025-nove-kapacity-5-stanovisko-pk-krajska-zdravotni-a-s-nemocnie-teplice-o-z-mr-3t-684bd86d39eac.pdf",271192
66,"Komise pro posuzování rozmístění přístrojových zdravotnických prostředků a kapacit hrazených z veřejného zdravotního pojištění","(6) Stanovisko PK_ Fakultní nemocnice Brno_Přístroj pro ireverzibilní elektroporaci","https://ppo.mzcr.cz/upload/files/jednani-2-dubna-2025-nove-kapacity-6-stanovisko-pk-fakultni-nemocnice-brno-pristroj-pro-ireverzibilni-elektroporaci-684bd876bec4d.pdf",266321
66,"Komise pro posuzování rozmístění přístrojových zdravotnických prostředků a kapacit hrazených z veřejného zdravotního pojištění","(7) Stanovisko PK_Všeobecná fakultní nemocnice v Praze_Elektroporační systém","https://ppo.mzcr.cz/upload/files/jednani-2-dubna-2025-nove-kapacity-7-stanovisko-pk-vseobecna-fakultni-nemocnice-v-praze-elektroporacni-system-684bd88228c8d.pdf",267771
66,"Komise pro posuzování rozmístění přístrojových zdravotnických prostředků a kapacit hrazených z veřejného zdravotního pojištění","(8) Stanovisko PK_Fakultní nemocnice v Motole_Elektroporační systém","https://ppo.mzcr.cz/upload/files/jednani-2-dubna-2025-nove-kapacity-8-stanovisko-pk-fakultni-nemocnice-v-motole-elektroporacni-system-684bd88d8d3a3.pdf",267396
66,"Komise pro posuzování rozmístění přístrojových zdravotnických prostředků a kapacit hrazených z veřejného zdravotního pojištění","(9) Stanovisko PK_Fakultní nemocnice v Motole_2x CT photon counting","https://ppo.mzcr.cz/upload/files/jednani-2-dubna-2025-nove-kapacity-9-stanovisko-pk-fakultni-nemocnice-v-motole-2x-ct-photon-counting-684bd896b1afa.pdf",265805
66,"Komise pro posuzování rozmístění přístrojových zdravotnických prostředků a kapacit hrazených z veřejného zdravotního pojištění","(10) Stanovisko PK_Fakultní nemocnice v Motole_3D mamograf s tomosyntézou","https://ppo.mzcr.cz/upload/files/jednani-2-dubna-2025-nove-kapacity-10-stanovisko-pk-fakultni-nemocnice-v-motole-3d-mamograf-s-tomosyntezou-684bd89f2600e.pdf",265862
66,"Komise pro posuzování rozmístění přístrojových zdravotnických prostředků a kapacit hrazených z veřejného zdravotního pojištění","(11) Stanovisko PK_Fakultní nemocnice v Motole_2x MR 3T","https://ppo.mzcr.cz/upload/files/jednani-2-dubna-2025-nove-kapacity-11-stanovisko-pk-fakultni-nemocnice-v-motole-2x-mr-3t-684bd8a76f0c7.pdf",266671
66,"Komise pro posuzování rozmístění přístrojových zdravotnických prostředků a kapacit hrazených z veřejného zdravotního pojištění","(12) Stanovisko PK_Fakultní nemocnice v Motole_Skiagrafický přístroj","https://ppo.mzcr.cz/upload/files/jednani-2-dubna-2025-nove-kapacity-12-stanovisko-pk-fakultni-nemocnice-v-motole-skiagraficky-pristroj-684bd8b009a41.pdf",265025
66,"Komise pro posuzování rozmístění přístrojových zdravotnických prostředků a kapacit hrazených z veřejného zdravotního pojištění","(13) Stanovisko PK_Fakultní nemocnice v Motole_Skiaskopický přístroj","https://ppo.mzcr.cz/upload/files/jednani-2-dubna-2025-nove-kapacity-13-stanovisko-pk-fakultni-nemocnice-v-motole-skiaskopicky-pristroj-684bd8b876005.pdf",266505
66,"Komise pro posuzování rozmístění přístrojových zdravotnických prostředků a kapacit hrazených z veřejného zdravotního pojištění","(14) Stanovisko PK_Masarykův onkologický ústav_Mamograf s tomosyntézou a vyhodnocovací stanicí","https://ppo.mzcr.cz/upload/files/jednani-2-dubna-2025-nove-kapacity-14-stanovisko-pk-masarykuv-onkologicky-ustav-mamograf-s-tomosyntezou-a-vyhodnocovaci-stanici-684bd8c0cd57d.pdf",269883
66,"Komise pro posuzování rozmístění přístrojových zdravotnických prostředků a kapacit hrazených z veřejného zdravotního pojištění","(15) Stanovisko PK_Proton Therapy Center Czech, s.r.o._Přístroj pro regionální hypertermii","https://ppo.mzcr.cz/upload/files/jednani-2-dubna-2025-nove-kapacity-15-stanovisko-pk-proton-therapy-center-czech-s-r-o-pristroj-pro-regionalni-hypertermii-684bd8ca7e521.pdf",269218
66,"Komise pro posuzování rozmístění přístrojových zdravotnických prostředků a kapacit hrazených z veřejného zdravotního pojištění","(16) Stanovisko PK_Fakultní nemocnice Olomouc_Přístroj pro hloubkovou hypertermii","https://ppo.mzcr.cz/upload/files/jednani-2-dubna-2025-nove-kapacity-16-stanovisko-pk-fakultni-nemocnice-olomouc-pristroj-pro-hloubkovou-hypertermii-684bd8d32ed02.pdf",268628
66,"Komise pro posuzování rozmístění přístrojových zdravotnických prostředků a kapacit hrazených z veřejného zdravotního pojištění","(17) Stanovisko PK_MMN, a.s._Robotický systém LEXO pro lokomoční terapii","https://ppo.mzcr.cz/upload/files/jednani-2-dubna-2025-nove-kapacity-17-stanovisko-pk-mmn-a-s-roboticky-system-lexo-pro-lokomocni-terapii-684bd8dc627fc.pdf",269540
66,"Komise pro posuzování rozmístění přístrojových zdravotnických prostředků a kapacit hrazených z veřejného zdravotního pojištění","(18) Stanovisko PK_Nemocnice Jablonec nad Nisou_Přístroj pro miniinvazivní robotickou chirurgii","https://ppo.mzcr.cz/upload/files/jednani-2-dubna-2025-nove-kapacity-18-stanovisko-pk-nemocnice-jablonec-nad-nisou-pristroj-pro-miniinvazivni-robotickou-chirurgii-684bd8e590c7f.pdf",268440
66,"Komise pro posuzování rozmístění přístrojových zdravotnických prostředků a kapacit hrazených z veřejného zdravotního pojištění","(19) Stanovisko PK_Jihomoravská zdravotní, a.s._Thermal Pasohlávky a.s._Robot pro horní končetiny","https://ppo.mzcr.cz/upload/files/jednani-2-dubna-2025-nove-kapacity-19-stanovisko-pk-jihomoravska-zdravotni-a-s-thermal-pasohlavky-a-s-robot-pro-horni-koncetiny-684bd8edee102.pdf",266946
66,"Komise pro posuzování rozmístění přístrojových zdravotnických prostředků a kapacit hrazených z veřejného zdravotního pojištění","(20) Stanovisko PK_Jihomoravská zdravotní, a.s._Thermal Pasohlávky a.s._Robot pro obnovu chůze","https://ppo.mzcr.cz/upload/files/jednani-2-dubna-2025-nove-kapacity-20-stanovisko-pk-jihomoravska-zdravotni-a-s-thermal-pasohlavky-a-s-robot-pro-obnovu-chuze-684bd8f7238fe.pdf",267128
66,"Komise pro posuzování rozmístění přístrojových zdravotnických prostředků a kapacit hrazených z veřejného zdravotního pojištění","(21) Stanovisko PK_Affidea Brno s.r.o._MR 1,5T","https://ppo.mzcr.cz/upload/files/jednani-2-dubna-2025-obnovy-21-stanovisko-pk-affidea-brno-s-r-o-mr-1-5t-680f1610e7257.pdf",268786
66,"Komise pro posuzování rozmístění přístrojových zdravotnických prostředků a kapacit hrazených z veřejného zdravotního pojištění","(22) Stanovisko PK_Centrum nukleární medicíny s.r.o._Gamakamera SPECT-CT","https://ppo.mzcr.cz/upload/files/jednani-2-dubna-2025-obnovy-22-stanovisko-pk-centrum-nuklearni-mediciny-s-r-o-gamakamera-spect-ct-680f16203df82.pdf",271868
66,"Komise pro posuzování rozmístění přístrojových zdravotnických prostředků a kapacit hrazených z veřejného zdravotního pojištění","(23) Stanovisko PK_Fakultní nemocnice Hradec Králové_MR 1,5T","https://ppo.mzcr.cz/upload/files/jednani-2-dubna-2025-obnovy-23-stanovisko-pk-fakultni-nemocnice-hradec-kralove-mr-1-5t-680f162dad8fc.pdf",267518
66,"Komise pro posuzování rozmístění přístrojových zdravotnických prostředků a kapacit hrazených z veřejného zdravotního pojištění","(24) Stanovisko PK_Fakultní nemocnice Hradec Králové_MR 3T","https://ppo.mzcr.cz/upload/files/jednani-2-dubna-2025-obnovy-24-stanovisko-pk-fakultni-nemocnice-hradec-kralove-mr-3t-680f163ab0038.pdf",266298
66,"Komise pro posuzování rozmístění přístrojových zdravotnických prostředků a kapacit hrazených z veřejného zdravotního pojištění","(25) Stanovisko PK_Fakultní nemocnice Královské Vinohrady_Angiografický přístroj","https://ppo.mzcr.cz/upload/files/jednani-2-dubna-2025-obnovy-25-stanovisko-pk-fakultni-nemocnice-kralovske-vinohrady-angiograficky-pristroj-680f16475f054.pdf",271216
66,"Komise pro posuzování rozmístění přístrojových zdravotnických prostředků a kapacit hrazených z veřejného zdravotního pojištění","(26) Stanovisko PK_Fakultní nemocnice Královské Vinohrad_Litotryptor","https://ppo.mzcr.cz/upload/files/jednani-2-dubna-2025-obnovy-26-stanovisko-pk-fakultni-nemocnice-kralovske-vinohrad-litotryptor-680f1658ce0f2.pdf",265481
66,"Komise pro posuzování rozmístění přístrojových zdravotnických prostředků a kapacit hrazených z veřejného zdravotního pojištění","(27) Stanovisko PK_Fakultní nemocnice Ostrava_Kapilární sekvenátor","https://ppo.mzcr.cz/upload/files/jednani-2-dubna-2025-obnovy-27-stanovisko-pk-fakultni-nemocnice-ostrava-kapilarni-sekvenator-680f16651debe.pdf",269696
66,"Komise pro posuzování rozmístění přístrojových zdravotnických prostředků a kapacit hrazených z veřejného zdravotního pojištění","(28) Stanovisko PK_Fakultní nemocnice Ostrava_Skiagrafický přístroj I.","https://ppo.mzcr.cz/upload/files/jednani-2-dubna-2025-obnovy-28-stanovisko-pk-fakultni-nemocnice-ostrava-skiagraficky-pristroj-i-680f167b40c7c.pdf",266608
66,"Komise pro posuzování rozmístění přístrojových zdravotnických prostředků a kapacit hrazených z veřejného zdravotního pojištění","(29) Stanovisko PK_Fakultní nemocnice Ostrava_Skiagrafický přístroj II.","https://ppo.mzcr.cz/upload/files/jednani-2-dubna-2025-obnovy-29-stanovisko-pk-fakultni-nemocnice-ostrava-skiagraficky-pristroj-ii-680f16874be71.pdf",269108
66,"Komise pro posuzování rozmístění přístrojových zdravotnických prostředků a kapacit hrazených z veřejného zdravotního pojištění","(30) Stanovisko PK_Fakultní nemocnice Plzeň_MR 3T","https://ppo.mzcr.cz/upload/files/jednani-2-dubna-2025-obnovy-30-stanovisko-pk-fakultni-nemocnice-plzen-mr-3t-680f169445711.pdf",267813
66,"Komise pro posuzování rozmístění přístrojových zdravotnických prostředků a kapacit hrazených z veřejného zdravotního pojištění","(31) Stanovisko PK_Fakultní nemocnice v Motole_Angiografický přístroj","https://ppo.mzcr.cz/upload/files/jednani-2-dubna-2025-obnovy-31-stanovisko-pk-fakultni-nemocnice-v-motole-angiograficky-pristroj-680f16a5deab1.pdf",265655
66,"Komise pro posuzování rozmístění přístrojových zdravotnických prostředků a kapacit hrazených z veřejného zdravotního pojištění","(32) Stanovisko PK_Fakultní nemocnice v Motole_Neurochirurgický navigační přístroj","https://ppo.mzcr.cz/upload/files/jednani-2-dubna-2025-obnovy-32-stanovisko-pk-fakultni-nemocnice-v-motole-neurochirurgicky-navigacni-pristroj-680f16b454076.pdf",267289
66,"Komise pro posuzování rozmístění přístrojových zdravotnických prostředků a kapacit hrazených z veřejného zdravotního pojištění","(33) Stanovisko PK_Fakultní nemocnice v Motole_Ozařovač pro HDR brychyterapii s příslušenstvím","https://ppo.mzcr.cz/upload/files/jednani-2-dubna-2025-obnovy-33-stanovisko-pk-fakultni-nemocnice-v-motole-ozarovac-pro-hdr-brychyterapii-s-prislusenstvim-680f16c136038.pdf",267203
66,"Komise pro posuzování rozmístění přístrojových zdravotnických prostředků a kapacit hrazených z veřejného zdravotního pojištění","(34) Stanovisko PK_Fakultní nemocnice v Motole_Plánovací a verifikační systém","https://ppo.mzcr.cz/upload/files/jednani-2-dubna-2025-obnovy-34-stanovisko-pk-fakultni-nemocnice-v-motole-planovaci-a-verifikacni-system-680f16ce5c0cb.pdf",267563
66,"Komise pro posuzování rozmístění přístrojových zdravotnických prostředků a kapacit hrazených z veřejného zdravotního pojištění","(35) Stanovisko PK_Krajská nemocnice T. Bati, a.s._Angiografický a kardioangiografický přístroj","https://ppo.mzcr.cz/upload/files/jednani-2-dubna-2025-obnovy-35-stanovisko-pk-krajska-nemocnice-t-bati-a-s-angiograficky-a-kardioangiograficky-pristroj-680f16dbd37c9.pdf",266948
66,"Komise pro posuzování rozmístění přístrojových zdravotnických prostředků a kapacit hrazených z veřejného zdravotního pojištění","(36) Stanovisko PK_Ústřední vojenská nemocnice Praha_3D C-rameno","https://ppo.mzcr.cz/upload/files/jednani-2-dubna-2025-obnovy-36-stanovisko-pk-ustredni-vojenska-nemocnice-praha-3d-c-rameno-680f16f7d6be5.pdf",268522
66,"Komise pro posuzování rozmístění přístrojových zdravotnických prostředků a kapacit hrazených z veřejného zdravotního pojištění","(37) Stanovisko PK_Ústřední vojenská nemocnice Praha_Endoskopická sestava pro GIT","https://ppo.mzcr.cz/upload/files/jednani-2-dubna-2025-obnovy-37-stanovisko-pk-ustredni-vojenska-nemocnice-praha-endoskopicka-sestava-pro-git-680f170828d28.pdf",267902
66,"Komise pro posuzování rozmístění přístrojových zdravotnických prostředků a kapacit hrazených z veřejného zdravotního pojištění","(38) Stanovisko PK_Ústřední vojenská nemocnice Praha_Endoskopická sestava pro léze trávicího traktu","https://ppo.mzcr.cz/upload/files/jednani-2-dubna-2025-obnovy-38-stanovisko-pk-ustredni-vojenska-nemocnice-praha-endoskopicka-sestava-pro-leze-traviciho-traktu-680f171cb82ea.pdf",267609
66,"Komise pro posuzování rozmístění přístrojových zdravotnických prostředků a kapacit hrazených z veřejného zdravotního pojištění","(39) Stanovisko PK_Ústřední vojenská nemocnice Praha_Angiografický přístroj","https://ppo.mzcr.cz/upload/files/jednani-2-dubna-2025-obnovy-39-stanovisko-pk-ustredni-vojenska-nemocnice-praha-angiograficky-pristroj-680f172b792a8.pdf",268040
66,"Komise pro posuzování rozmístění přístrojových zdravotnických prostředků a kapacit hrazených z veřejného zdravotního pojištění","(40) Stanovisko PK_Krajská nemocnice Liberec, a.s._CT","https://ppo.mzcr.cz/upload/files/jednani-2-dubna-2025-obnovy-40-stanovisko-pk-krajska-nemocnice-liberec-a-s-ct-680f1738d85c9.pdf",268746
66,"Komise pro posuzování rozmístění přístrojových zdravotnických prostředků a kapacit hrazených z veřejného zdravotního pojištění","(41) Stanovisko PK_Krajská nemocnice Liberec, a.s._Kardiolinka","https://ppo.mzcr.cz/upload/files/jednani-2-dubna-2025-obnovy-41-stanovisko-pk-krajska-nemocnice-liberec-a-s-kardiolinka-680f17467db9b.pdf",267250
66,"Komise pro posuzování rozmístění přístrojových zdravotnických prostředků a kapacit hrazených z veřejného zdravotního pojištění","(42) Stanovisko PK_Krajská nemocnice Liberec, a.s._2x Lineární urychlovač","https://ppo.mzcr.cz/upload/files/jednani-2-dubna-2025-obnovy-42-stanovisko-pk-krajska-nemocnice-liberec-a-s-2x-linearni-urychlovac-680f175480dc9.pdf",267257
66,"Komise pro posuzování rozmístění přístrojových zdravotnických prostředků a kapacit hrazených z veřejného zdravotního pojištění","(43) Stanovisko PK_Krajská nemocnice Liberec, a.s._3x Skiagrafický přístroj","https://ppo.mzcr.cz/upload/files/jednani-2-dubna-2025-obnovy-43-stanovisko-pk-krajska-nemocnice-liberec-a-s-3x-skiagraficky-pristroj-680f17632d37f.pdf",268897
66,"Komise pro posuzování rozmístění přístrojových zdravotnických prostředků a kapacit hrazených z veřejného zdravotního pojištění","(44) Stanovisko PK_Krajská nemocnice Liberec, a.s._Skiagraficko-skiaskopický komplet","https://ppo.mzcr.cz/upload/files/jednani-2-dubna-2025-obnovy-44-stanovisko-pk-krajska-nemocnice-liberec-a-s-skiagraficko-skiaskopicky-komplet-680f1770f1f26.pdf",267674
66,"Komise pro posuzování rozmístění přístrojových zdravotnických prostředků a kapacit hrazených z veřejného zdravotního pojištění","(45) Stanovisko PK_Krajská zdravotní, a.s._Nemocnice Most, o.z._CT","https://ppo.mzcr.cz/upload/files/jednani-2-dubna-2025-obnovy-45-stanovisko-pk-krajska-zdravotni-a-s-nemocnice-most-o-z-ct-680f178284f55.pdf",266941
66,"Komise pro posuzování rozmístění přístrojových zdravotnických prostředků a kapacit hrazených z veřejného zdravotního pojištění","(46) Stanovisko PK_Krajská zdravotní, a.s._Nemocnice Ústí nad Labem, o.z._Dvourovinný angiograf","https://ppo.mzcr.cz/upload/files/jednani-2-dubna-2025-obnovy-46-stanovisko-pk-krajska-zdravotni-a-s-nemocnice-usti-nad-labem-o-z-dvourovinny-angiograf-680f178fd0e5d.pdf",266155
66,"Komise pro posuzování rozmístění přístrojových zdravotnických prostředků a kapacit hrazených z veřejného zdravotního pojištění","(47) Stanovisko PK_Masarykův onkologický ústav_Mamograf s tomosytézou I.","https://ppo.mzcr.cz/upload/files/jednani-2-dubna-2025-obnovy-47-stanovisko-pk-masarykuv-onkologicky-ustav-mamograf-s-tomosytezou-i-680f179e371b8.pdf",266479
66,"Komise pro posuzování rozmístění přístrojových zdravotnických prostředků a kapacit hrazených z veřejného zdravotního pojištění","(48) Stanovisko PK_Masarykův onkologický ústav_Mamograf s tomosytézou II.","https://ppo.mzcr.cz/upload/files/jednani-2-dubna-2025-obnovy-48-stanovisko-pk-masarykuv-onkologicky-ustav-mamograf-s-tomosytezou-ii-680f17adb15ae.pdf",267275
66,"Komise pro posuzování rozmístění přístrojových zdravotnických prostředků a kapacit hrazených z veřejného zdravotního pojištění","(49) Stanovisko PK_Nemocnice Karviná-Ráj, p.o._CT","https://ppo.mzcr.cz/upload/files/jednani-2-dubna-2025-obnovy-49-stanovisko-pk-nemocnice-karvina-raj-p-o-ct-680f17bbbaee0.pdf",266367
66,"Komise pro posuzování rozmístění přístrojových zdravotnických prostředků a kapacit hrazených z veřejného zdravotního pojištění","(50) Stanovisko PK_Nemocnice Karviná-Ráj, p.o._Skiagrafický přístroj","https://ppo.mzcr.cz/upload/files/jednani-2-dubna-2025-obnovy-50-stanovisko-pk-nemocnice-karvina-raj-p-o-skiagraficky-pristroj-680f17cc6fa56.pdf",266715
66,"Komise pro posuzování rozmístění přístrojových zdravotnických prostředků a kapacit hrazených z veřejného zdravotního pojištění","(51) Stanovisko PK_Nemocnice Žatec, z.ú._CT","https://ppo.mzcr.cz/upload/files/jednani-2-dubna-2025-obnovy-51-stanovisko-pk-nemocnice-zatec-z-u-ct-680f17db848f7.pdf",264289
66,"Komise pro posuzování rozmístění přístrojových zdravotnických prostředků a kapacit hrazených z veřejného zdravotního pojištění","(52) Stanovisko PK_Vojenská nemocnice Olomouc_Multidetektorové objemové CT","https://ppo.mzcr.cz/upload/files/jednani-2-dubna-2025-obnovy-52-stanovisko-pk-vojenska-nemocnice-olomouc-multidetektorove-objemove-ct-680f17edf2e34.pdf",265220
66,"Komise pro posuzování rozmístění přístrojových zdravotnických prostředků a kapacit hrazených z veřejného zdravotního pojištění","(53) Stanovisko PK_Všeobecná fakultní nemocnice v Praze_Angiografický přístroj s C-ramenem","https://ppo.mzcr.cz/upload/files/jednani-2-dubna-2025-obnovy-53-stanovisko-pk-vseobecna-fakultni-nemocnice-v-praze-angiograficky-pristroj-s-c-ramenem-680f17fbca63a.pdf",266838
66,"Komise pro posuzování rozmístění přístrojových zdravotnických prostředků a kapacit hrazených z veřejného zdravotního pojištění","(1) Stanovisko PK_Státní zdravotní ústav_Plynový chromatograf (TD-GC-QTOF)","https://ppo.mzcr.cz/upload/files/jednani-27-listopadu-2024-nove-kapacity-1-stanovisko-pk-statni-zdravotni-ustav-plynovy-chromatograf-td-gc-qtof-67601118d2fba.pdf",238363
66,"Komise pro posuzování rozmístění přístrojových zdravotnických prostředků a kapacit hrazených z veřejného zdravotního pojištění","(2) Stanovisko PK_AGEL Diagnostické centrum s.r.o._Mamograf","https://ppo.mzcr.cz/upload/files/jednani-27-listopadu-2024-nove-kapacity-2-stanovisko-pk-agel-diagnosticke-centrum-s-r-o-mamograf-6760112199815.pdf",232919
66,"Komise pro posuzování rozmístění přístrojových zdravotnických prostředků a kapacit hrazených z veřejného zdravotního pojištění","(3) Stanovisko PK_ÚHKT_Robotická stanice pro zpracování primárních vzorků pacientů","https://ppo.mzcr.cz/upload/files/jednani-27-listopadu-2024-nove-kapacity-3-stanovisko-pk-uhkt-roboticka-stanice-pro-zpracovani-primarnich-vzorku-pacientu-6760112d811ae.pdf",240393
66,"Komise pro posuzování rozmístění přístrojových zdravotnických prostředků a kapacit hrazených z veřejného zdravotního pojištění","(4) Stanovisko PK_Nemocnice Pelhřimov, p.o._Hybridní SPECT-CT-PET","https://ppo.mzcr.cz/upload/files/jednani-27-listopadu-2024-nove-kapacity-4-stanovisko-pk-nemocnice-pelhrimov-p-o-hybridni-spect-ct-pet-676011370b8ab.pdf",235475
66,"Komise pro posuzování rozmístění přístrojových zdravotnických prostředků a kapacit hrazených z veřejného zdravotního pojištění","(5) Stanovisko PK_TRISCAN, spol. s r.o._MR 1,5T","https://ppo.mzcr.cz/upload/files/jednani-27-listopadu-2024-nove-kapacity-5-stanovisko-pk-triscan-spol-s-r-o-mr-1-5t-67601140470a7.pdf",235293
66,"Komise pro posuzování rozmístění přístrojových zdravotnických prostředků a kapacit hrazených z veřejného zdravotního pojištění","(6) Stanovisko PK_SAGENA s.r.o._MR 3T","https://ppo.mzcr.cz/upload/files/jednani-27-listopadu-2024-nove-kapacity-6-stanovisko-pk-sagena-s-r-o-mr-3t-6760114cd85e5.pdf",234299
66,"Komise pro posuzování rozmístění přístrojových zdravotnických prostředků a kapacit hrazených z veřejného zdravotního pojištění","(7) Stanovisko PK_MR-MEDNET s.r.o._MR 1,5T","https://ppo.mzcr.cz/upload/files/jednani-27-listopadu-2024-nove-kapacity-7-stanovisko-pk-mr-mednet-s-r-o-mr-1-5t-67601156905a4.pdf",235840
66,"Komise pro posuzování rozmístění přístrojových zdravotnických prostředků a kapacit hrazených z veřejného zdravotního pojištění","(8) Stanovisko PK_Odborný léčebný ústav Metylovice_Robotický systém pro asistovanou chůzi","https://ppo.mzcr.cz/upload/files/jednani-27-listopadu-2024-nove-kapacity-8-stanovisko-pk-odborny-lecebny-ustav-metylovice-roboticky-system-pro-asistovanou-chuzi-67601163615a3.pdf",237329
66,"Komise pro posuzování rozmístění přístrojových zdravotnických prostředků a kapacit hrazených z veřejného zdravotního pojištění","(9) Stanovisko PK_Krajská nemocnice T. Bati, a.s._Angiografický přístroj","https://ppo.mzcr.cz/upload/files/jednani-27-listopadu-2024-nove-kapacity-9-stanovisko-pk-krajska-nemocnice-t-bati-a-s-angiograficky-pristroj-6760116f8f01e.pdf",234830
66,"Komise pro posuzování rozmístění přístrojových zdravotnických prostředků a kapacit hrazených z veřejného zdravotního pojištění","(10) Stanovisko PK_Vojenská nemocnice Brno_MR 1,5T","https://ppo.mzcr.cz/upload/files/jednani-27-listopadu-2024-nove-kapacity-10-stanovisko-pk-vojenska-nemocnice-brno-mr-1-5t-6760117a2ec1d.pdf",237835
66,"Komise pro posuzování rozmístění přístrojových zdravotnických prostředků a kapacit hrazených z veřejného zdravotního pojištění","(11) Stanovisko PK_Vojenská nemocnice Brno_CT s photon-counting detektory","https://ppo.mzcr.cz/upload/files/jednani-27-listopadu-2024-nove-kapacity-11-stanovisko-pk-vojenska-nemocnice-brno-ct-s-photon-counting-detektory-67601183a89d4.pdf",237425
66,"Komise pro posuzování rozmístění přístrojových zdravotnických prostředků a kapacit hrazených z veřejného zdravotního pojištění","(12) Stanovisko PK_Vojenská nemocnice Brno_RTG systém–skiagrafie","https://ppo.mzcr.cz/upload/files/jednani-27-listopadu-2024-nove-kapacity-12-stanovisko-pk-vojenska-nemocnice-brno-rtg-system-skiagrafie-676011931e7cd.pdf",234510
66,"Komise pro posuzování rozmístění přístrojových zdravotnických prostředků a kapacit hrazených z veřejného zdravotního pojištění","(13) Stanovisko PK_Masarykův onkologický ústav_MR 1,5T","https://ppo.mzcr.cz/upload/files/jednani-27-listopadu-2024-nove-kapacity-13-stanovisko-pk-masarykuv-onkologicky-ustav-mr-1-5t-6760119f5c219.pdf",238304
66,"Komise pro posuzování rozmístění přístrojových zdravotnických prostředků a kapacit hrazených z veřejného zdravotního pojištění","(14) Stanovisko PK_Masarykův onkologický ústav_Photon counting CT","https://ppo.mzcr.cz/upload/files/jednani-27-listopadu-2024-nove-kapacity-14-stanovisko-pk-masarykuv-onkologicky-ustav-photon-counting-ct-676011aa6430c.pdf",235949
66,"Komise pro posuzování rozmístění přístrojových zdravotnických prostředků a kapacit hrazených z veřejného zdravotního pojištění","(15) Stanovisko PK_Krajská zdravotní, a.s.-Nemocnice Most o.z._Skiaskopický RTG přístroj s C-ramenem","https://ppo.mzcr.cz/upload/files/jednani-27-listopadu-2024-nove-kapacity-15-stanovisko-pk-krajska-zdravotni-a-s-nemocnice-most-o-z-skiaskopicky-rtg-pristroj-s-c-ramenem-676011b49cb4a.pdf",235409
66,"Komise pro posuzování rozmístění přístrojových zdravotnických prostředků a kapacit hrazených z veřejného zdravotního pojištění","(16) Stanovisko PK_Multiscan s.r.o._CT","https://ppo.mzcr.cz/upload/files/jednani-27-listopadu-2024-nove-kapacity-16-stanovisko-pk-multiscan-s-r-o-ct-676011c3ea571.pdf",238130
66,"Komise pro posuzování rozmístění přístrojových zdravotnických prostředků a kapacit hrazených z veřejného zdravotního pojištění","(17) Stanovisko PK_Nemocnice PRIVAMED a.s._Angiografická linka s flat detektorem Artis Q ceiling","https://ppo.mzcr.cz/upload/files/jednani-27-listopadu-2024-obnovy-17-stanovisko-pk-nemocnice-privamed-a-s-angiograficka-linka-s-flat-detektorem-artis-q-ceiling-676010090db7e.pdf",235996
66,"Komise pro posuzování rozmístění přístrojových zdravotnických prostředků a kapacit hrazených z veřejného zdravotního pojištění","(18) Stanovisko PK_Oblastní nemocnice Kolín, a.s._Stropní skiaskopicko-skiagrafický komplet","https://ppo.mzcr.cz/upload/files/jednani-27-listopadu-2024-obnovy-18-stanovisko-pk-oblastni-nemocnice-kolin-a-s-stropni-skiaskopicko-skiagraficky-komplet-67601017477cb.pdf",237611
66,"Komise pro posuzování rozmístění přístrojových zdravotnických prostředků a kapacit hrazených z veřejného zdravotního pojištění","(19) Stanovisko PK_Nemocnice AGEL Nový Jičín a.s. - Radioterapie, a.s._CT simulátor","https://ppo.mzcr.cz/upload/files/jednani-27-listopadu-2024-obnovy-19-stanovisko-pk-nemocnice-agel-novy-jicin-a-s-radioterapie-a-s-ct-simulator-67601042d7b43.pdf",237791
66,"Komise pro posuzování rozmístění přístrojových zdravotnických prostředků a kapacit hrazených z veřejného zdravotního pojištění","(20) Stanovisko PK_Klatovská nemocnice a.s._Skiaskopicko-skiagrafický přístroj","https://ppo.mzcr.cz/upload/files/jednani-27-listopadu-2024-obnovy-20-stanovisko-pk-klatovska-nemocnice-a-s-skiaskopicko-skiagraficky-pristroj-6760104de12b7.pdf",236871
66,"Komise pro posuzování rozmístění přístrojových zdravotnických prostředků a kapacit hrazených z veřejného zdravotního pojištění","(21) Stanovisko PK_Rehabilitační nemocnice Beroun (Jessenia a.s.)_MR 3T","https://ppo.mzcr.cz/upload/files/jednani-27-listopadu-2024-obnovy-21-stanovisko-pk-rehabilitacni-nemocnice-beroun-jessenia-a-s-mr-3t-6760105abe6e9.pdf",238914
66,"Komise pro posuzování rozmístění přístrojových zdravotnických prostředků a kapacit hrazených z veřejného zdravotního pojištění","(22) Stanovisko PK_Nemocnice AGEL Třinec-Podlesí a.s._Angiografický přístroj","https://ppo.mzcr.cz/upload/files/jednani-27-listopadu-2024-obnovy-22-stanovisko-pk-nemocnice-agel-trinec-podlesi-a-s-angiograficky-pristroj-67601067eb14f.pdf",235134
66,"Komise pro posuzování rozmístění přístrojových zdravotnických prostředků a kapacit hrazených z veřejného zdravotního pojištění","(23) Stanovisko PK_Státní zdravotní ústav_Transmisní elektronový mikroskop","https://ppo.mzcr.cz/upload/files/jednani-27-listopadu-2024-obnovy-23-stanovisko-pk-statni-zdravotni-ustav-transmisni-elektronovy-mikroskop-67601070f14b6.pdf",234660
66,"Komise pro posuzování rozmístění přístrojových zdravotnických prostředků a kapacit hrazených z veřejného zdravotního pojištění","(24) Stanovisko PK_Vojenská nemocnice Brno_CT","https://ppo.mzcr.cz/upload/files/jednani-27-listopadu-2024-obnovy-24-stanovisko-pk-vojenska-nemocnice-brno-ct-676010793d34a.pdf",235694
66,"Komise pro posuzování rozmístění přístrojových zdravotnických prostředků a kapacit hrazených z veřejného zdravotního pojištění","(25) Stanovisko PK_Centrum kardiovaskulární a transplantační chirurgie Brno_Kardioangiograf","https://ppo.mzcr.cz/upload/files/jednani-27-listopadu-2024-obnovy-25-stanovisko-pk-centrum-kardiovaskularni-a-transplantacni-chirurgie-brno-kardioangiograf-67601085f102f.pdf",233707
66,"Komise pro posuzování rozmístění přístrojových zdravotnických prostředků a kapacit hrazených z veřejného zdravotního pojištění","(26) Stanovisko PK_Nemocnice Znojmo, p.o._Skiaskopicko-skiagrafická sklopná stěna s C-ramenem","https://ppo.mzcr.cz/upload/files/jednani-27-listopadu-2024-obnovy-26-stanovisko-pk-nemocnice-znojmo-p-o-skiaskopicko-skiagraficka-sklopna-stena-s-c-ramenem-67601091e017d.pdf",236192
66,"Komise pro posuzování rozmístění přístrojových zdravotnických prostředků a kapacit hrazených z veřejného zdravotního pojištění","(27) Stanovisko PK_Nemocnice Znojmo, p.o._CT simulátor","https://ppo.mzcr.cz/upload/files/jednani-27-listopadu-2024-obnovy-27-stanovisko-pk-nemocnice-znojmo-p-o-ct-simulator-6760109f8cc3d.pdf",235482
66,"Komise pro posuzování rozmístění přístrojových zdravotnických prostředků a kapacit hrazených z veřejného zdravotního pojištění","(1) Stanovisko PK_ÚVN_robotický rehabilitační systém","https://ppo.mzcr.cz/upload/files/jednani-11-zari-2024-nove-kapacity-1-stanovisko-pk-uvn-roboticky-rehabilitacni-system-66fe434a2154b.pdf",239386
66,"Komise pro posuzování rozmístění přístrojových zdravotnických prostředků a kapacit hrazených z veřejného zdravotního pojištění","(2) Stanovisko PK_Všeobecná fakultní nemocnice_PET-CT","https://ppo.mzcr.cz/upload/files/jednani-11-zari-2024-nove-kapacity-2-stanovisko-pk-vseobecna-fakultni-nemocnice-pet-ct-66fe4368a1d29.pdf",235088
66,"Komise pro posuzování rozmístění přístrojových zdravotnických prostředků a kapacit hrazených z veřejného zdravotního pojištění","(3) Stanovisko PK_Nemocnice Rudolfa a Stefanie Benešov, a.s._chirurgický robotický systém","https://ppo.mzcr.cz/upload/files/jednani-11-zari-2024-nove-kapacity-3-stanovisko-pk-nemocnice-rudolfa-a-stefanie-benesov-a-s-chirurgicky-roboticky-system-66fe437a1f7ae.pdf",237811
66,"Komise pro posuzování rozmístění přístrojových zdravotnických prostředků a kapacit hrazených z veřejného zdravotního pojištění","(4) Stanovisko PK_SCAN Clinic, a.s._MR 1,5T","https://ppo.mzcr.cz/upload/files/jednani-11-zari-2024-nove-kapacity-4-stanovisko-pk-scan-clinic-a-s-mr-1-5t-66fe438823d7e.pdf",233136
66,"Komise pro posuzování rozmístění přístrojových zdravotnických prostředků a kapacit hrazených z veřejného zdravotního pojištění","(5) Stanovisko PK_Nemocnice Český Krumlov, a.s._MR 1,5T","https://ppo.mzcr.cz/upload/files/jednani-11-zari-2024-nove-kapacity-5-stanovisko-pk-nemocnice-cesky-krumlov-a-s-mr-1-5t-66fe4395051ed.pdf",236950
66,"Komise pro posuzování rozmístění přístrojových zdravotnických prostředků a kapacit hrazených z veřejného zdravotního pojištění","(6) Stanovisko PK_Léčebně preventivní zařízení s.r.o._MR 1,5T","https://ppo.mzcr.cz/upload/files/jednani-11-zari-2024-nove-kapacity-6-stanovisko-pk-lecebne-preventivni-zarizeni-s-r-o-mr-1-5t-66fe43a31ead3.pdf",234418
66,"Komise pro posuzování rozmístění přístrojových zdravotnických prostředků a kapacit hrazených z veřejného zdravotního pojištění","(7) Stanovisko PK_THERÁPON 98, a.s._MR 1,5T","https://ppo.mzcr.cz/upload/files/jednani-11-zari-2024-nove-kapacity-7-stanovisko-pk-therapon-98-a-s-mr-1-5t-66fe43adb2477.pdf",235046
66,"Komise pro posuzování rozmístění přístrojových zdravotnických prostředků a kapacit hrazených z veřejného zdravotního pojištění","(8) Stanovisko PK_Diaglin IK s.r.o._MR 1,5T","https://ppo.mzcr.cz/upload/files/jednani-11-zari-2024-nove-kapacity-8-stanovisko-pk-diaglin-ik-s-r-o-mr-1-5t-66fe43c13f0aa.pdf",239428
66,"Komise pro posuzování rozmístění přístrojových zdravotnických prostředků a kapacit hrazených z veřejného zdravotního pojištění","(9) Stanovisko PK_Masarykův onkologický ústav_MR 1,5T","https://ppo.mzcr.cz/upload/files/jednani-11-zari-2024-nove-kapacity-9-stanovisko-pk-masarykuv-onkologicky-ustav-mr-1-5t-66fe43cdf10cb.pdf",235389
66,"Komise pro posuzování rozmístění přístrojových zdravotnických prostředků a kapacit hrazených z veřejného zdravotního pojištění","(10) Stanovisko PK_Masarykův onkologický ústav_CT","https://ppo.mzcr.cz/upload/files/jednani-11-zari-2024-nove-kapacity-10-stanovisko-pk-masarykuv-onkologicky-ustav-ct-66fe43db07af8.pdf",233374
66,"Komise pro posuzování rozmístění přístrojových zdravotnických prostředků a kapacit hrazených z veřejného zdravotního pojištění","(11) Stanovisko PK_Fakultní nemocnice Brno_operační mikroskop","https://ppo.mzcr.cz/upload/files/jednani-11-zari-2024-nove-kapacity-11-stanovisko-pk-fakultni-nemocnice-brno-operacni-mikroskop-66fe43e7ea1fb.pdf",236178
66,"Komise pro posuzování rozmístění přístrojových zdravotnických prostředků a kapacit hrazených z veřejného zdravotního pojištění","(12) Stanovisko PK_Nemocnice Znojmo, p.o._PET-CT","https://ppo.mzcr.cz/upload/files/jednani-11-zari-2024-nove-kapacity-12-stanovisko-pk-nemocnice-znojmo-p-o-pet-ct-66fe43f20d9e0.pdf",232808
66,"Komise pro posuzování rozmístění přístrojových zdravotnických prostředků a kapacit hrazených z veřejného zdravotního pojištění","(13) Stanovisko PK_Nemocnice Znojmo, p.o._lineární urychlovač","https://ppo.mzcr.cz/upload/files/jednani-11-zari-2024-nove-kapacity-13-stanovisko-pk-nemocnice-znojmo-p-o-linearni-urychlovac-66fe4409600a5.pdf",234524
66,"Komise pro posuzování rozmístění přístrojových zdravotnických prostředků a kapacit hrazených z veřejného zdravotního pojištění","(14) Stanovisko PK_Nemocnice Znojmo, p.o._diagnosticko-intervenční kardio-angiograf","https://ppo.mzcr.cz/upload/files/jednani-11-zari-2024-nove-kapacity-14-stanovisko-pk-nemocnice-znojmo-p-o-diagnosticko-intervencni-kardio-angiograf-66fe441853bb8.pdf",235088
66,"Komise pro posuzování rozmístění přístrojových zdravotnických prostředků a kapacit hrazených z veřejného zdravotního pojištění","(15) Stanovisko PK_Nemocnice Znojmo, p.o._lineární urychlovač","https://ppo.mzcr.cz/upload/files/jednani-11-zari-2024-obnovy-15-stanovisko-pk-nemocnice-znojmo-p-o-linearni-urychlovac-66fe447fa15cb.pdf",232486
66,"Komise pro posuzování rozmístění přístrojových zdravotnických prostředků a kapacit hrazených z veřejného zdravotního pojištění","(16) Stanovisko PK_Nemocnice Nové Město na Moravě, p.o._MR 1,5T","https://ppo.mzcr.cz/upload/files/jednani-11-zari-2024-obnovy-16-stanovisko-pk-nemocnice-nove-mesto-na-morave-p-o-mr-1-5t-66fe448eb0d8d.pdf",236879
66,"Komise pro posuzování rozmístění přístrojových zdravotnických prostředků a kapacit hrazených z veřejného zdravotního pojištění","(17) Stanovisko PK_Nemocnice Na Pleši s.r.o._systém pro povrchem řízenou radioterapii","https://ppo.mzcr.cz/upload/files/jednani-11-zari-2024-obnovy-17-stanovisko-pk-nemocnice-na-plesi-s-r-o-system-pro-povrchem-rizenou-radioterapii-66fe44995dcd1.pdf",235638
66,"Komise pro posuzování rozmístění přístrojových zdravotnických prostředků a kapacit hrazených z veřejného zdravotního pojištění","(18) Stanovisko PK_Oblastní nemocnice Kolín, a.s._skiagraf (I)","https://ppo.mzcr.cz/upload/files/jednani-11-zari-2024-obnovy-18-stanovisko-pk-oblastni-nemocnice-kolin-a-s-skiagraf-i-66fe44a4ea7fb.pdf",235770
66,"Komise pro posuzování rozmístění přístrojových zdravotnických prostředků a kapacit hrazených z veřejného zdravotního pojištění","(19) Stanovisko PK_Oblastní nemocnice Kolín, a.s._skiagraf (II)","https://ppo.mzcr.cz/upload/files/jednani-11-zari-2024-obnovy-19-stanovisko-pk-oblastni-nemocnice-kolin-a-s-skiagraf-ii-66fe44afceeff.pdf",235100
66,"Komise pro posuzování rozmístění přístrojových zdravotnických prostředků a kapacit hrazených z veřejného zdravotního pojištění","(20) Stanovisko PK_Nemocnice s poliklinikou Česká Lípa, a.s._RTG přístroj","https://ppo.mzcr.cz/upload/files/jednani-11-zari-2024-obnovy-20-stanovisko-pk-nemocnice-s-poliklinikou-ceska-lipa-a-s-rtg-pristroj-66fe44ba2bc91.pdf",233767
66,"Komise pro posuzování rozmístění přístrojových zdravotnických prostředků a kapacit hrazených z veřejného zdravotního pojištění","(1) Stanovisko PK_Affidea Brno s.r.o._MR 1,5T","https://ppo.mzcr.cz/upload/files/jednani-14-cervna-2024-nove-kapacity-1-stanovisko-pk-affidea-brno-s-r-o-mr-1-5t-66869ef661df4.pdf",230268
66,"Komise pro posuzování rozmístění přístrojových zdravotnických prostředků a kapacit hrazených z veřejného zdravotního pojištění","(2) Stanovisko PK_NEUROL-EEG s.r.o._MR 1,5T","https://ppo.mzcr.cz/upload/files/jednani-14-cervna-2024-nove-kapacity-2-stanovisko-pk-neurol-eeg-s-r-o-mr-1-5t-66869f04f2832.pdf",228006
66,"Komise pro posuzování rozmístění přístrojových zdravotnických prostředků a kapacit hrazených z veřejného zdravotního pojištění","(3) Stanovisko PK_Nemocnice AGEL Ostrava – Vítkovice a.s._MR 3T","https://ppo.mzcr.cz/upload/files/jednani-14-cervna-2024-nove-kapacity-3-stanovisko-pk-nemocnice-agel-ostrava-vitkovice-a-s-mr-3t-66869f13387d3.pdf",228923
66,"Komise pro posuzování rozmístění přístrojových zdravotnických prostředků a kapacit hrazených z veřejného zdravotního pojištění","(4) Stanovisko PK_Nemocnice Jablonec nad Nisou p.o._MR 3T","https://ppo.mzcr.cz/upload/files/jednani-14-cervna-2024-nove-kapacity-4-stanovisko-pk-nemocnice-jablonec-nad-nisou-p-o-mr-3t-66869f21189a0.pdf",228335
66,"Komise pro posuzování rozmístění přístrojových zdravotnických prostředků a kapacit hrazených z veřejného zdravotního pojištění","(5) Stanovisko PK_SAGENA s.r.o._MR 3T","https://ppo.mzcr.cz/upload/files/jednani-14-cervna-2024-nove-kapacity-5-stanovisko-pk-sagena-s-r-o-mr-3t-66869f2d7f826.pdf",227178
66,"Komise pro posuzování rozmístění přístrojových zdravotnických prostředků a kapacit hrazených z veřejného zdravotního pojištění","(6) Stanovisko PK_Městská nemocnice Ostrava, p.o._MR 3T","https://ppo.mzcr.cz/upload/files/jednani-14-cervna-2024-nove-kapacity-6-stanovisko-pk-mestska-nemocnice-ostrava-p-o-mr-3t-66869f3b7e50d.pdf",227635
66,"Komise pro posuzování rozmístění přístrojových zdravotnických prostředků a kapacit hrazených z veřejného zdravotního pojištění","(7) Stanovisko PK_Nemocnice AGEL Třinec-Podlesí a.s._CT","https://ppo.mzcr.cz/upload/files/jednani-14-cervna-2024-nove-kapacity-7-stanovisko-pk-nemocnice-agel-trinec-podlesi-a-s-ct-66869f4dcd21f.pdf",227667
66,"Komise pro posuzování rozmístění přístrojových zdravotnických prostředků a kapacit hrazených z veřejného zdravotního pojištění","(8) Stanovisko PK_Oblastní nemocnice Kolín, a.s._Excimerový laserový systém 4. třídy","https://ppo.mzcr.cz/upload/files/jednani-14-cervna-2024-nove-kapacity-8-stanovisko-pk-oblastni-nemocnice-kolin-a-s-excimerovy-laserovy-system-4-tridy-66869f5ba142f.pdf",228370
66,"Komise pro posuzování rozmístění přístrojových zdravotnických prostředků a kapacit hrazených z veřejného zdravotního pojištění","(9) Stanovisko PK_Oblastní nemocnice Mladá Boleslav, a.s._Robotický chirurgický operační systém","https://ppo.mzcr.cz/upload/files/jednani-14-cervna-2024-nove-kapacity-9-stanovisko-pk-oblastni-nemocnice-mlada-boleslav-a-s-roboticky-chirurgicky-operacni-system-66869f6aa8e2d.pdf",226180
66,"Komise pro posuzování rozmístění přístrojových zdravotnických prostředků a kapacit hrazených z veřejného zdravotního pojištění","(10) Stanovisko PK_Nemocnice České Budějovice, a.s._MR 1,5T","https://ppo.mzcr.cz/upload/files/jednani-14-cervna-2024-nove-kapacity-10-stanovisko-pk-nemocnice-ceske-budejovice-a-s-mr-1-5t-66869f77d5877.pdf",227074
66,"Komise pro posuzování rozmístění přístrojových zdravotnických prostředků a kapacit hrazených z veřejného zdravotního pojištění","(11) Stanovisko PK_Nemocnice Rychnov nad Kněžnou o.z._Skiagraficko-skiaskopický RTG přístroj","https://ppo.mzcr.cz/upload/files/jednani-14-cervna-2024-nove-kapacity-11-stanovisko-pk-nemocnice-rychnov-nad-kneznou-o-z-skiagraficko-skiaskopicky-rtg-pristroj-66869f835a03d.pdf",227085
66,"Komise pro posuzování rozmístění přístrojových zdravotnických prostředků a kapacit hrazených z veřejného zdravotního pojištění","(12) Stanovisko PK_Oblastní nemocnice Příbram, a.s._Robotický chirurgický operační systém","https://ppo.mzcr.cz/upload/files/jednani-14-cervna-2024-nove-kapacity-12-stanovisko-pk-oblastni-nemocnice-pribram-a-s-roboticky-chirurgicky-operacni-system-66869f8fc739e.pdf",257114
66,"Komise pro posuzování rozmístění přístrojových zdravotnických prostředků a kapacit hrazených z veřejného zdravotního pojištění","(13) Stanovisko PK_MG Pharma s.r.o._MR 1,5T","https://ppo.mzcr.cz/upload/files/jednani-14-cervna-2024-nove-kapacity-13-stanovisko-pk-mg-pharma-s-r-o-mr-1-5t-66869f9e01dd6.pdf",228355
66,"Komise pro posuzování rozmístění přístrojových zdravotnických prostředků a kapacit hrazených z veřejného zdravotního pojištění","(14) Stanovisko PK_NH Hospital a.s., Nemocnice Hořovice_MR 1,5T","https://ppo.mzcr.cz/upload/files/jednani-14-cervna-2024-nove-kapacity-14-stanovisko-pk-nh-hospital-a-s-nemocnice-horovice-mr-1-5t-66869fab52b61.pdf",225832
66,"Komise pro posuzování rozmístění přístrojových zdravotnických prostředků a kapacit hrazených z veřejného zdravotního pojištění","(15) Stanovisko PK_Fakultní nemocnice Olomouc_Kapalinový chromatograf s hmotnostním spektrometrem typu trojí kvadrupól","https://ppo.mzcr.cz/upload/files/jednani-14-cervna-2024-nove-kapacity-15-stanovisko-pk-fakultni-nemocnice-olomouc-kapalinovy-chromatograf-s-hmotnostnim-spektrometrem-typu-troji-kvadrupol-66869fbc576e4.pdf",226027
66,"Komise pro posuzování rozmístění přístrojových zdravotnických prostředků a kapacit hrazených z veřejného zdravotního pojištění","(16) Stanovisko PK_Fakultní nemocnice Olomouc_Přístroj pro analýzu genové exprese","https://ppo.mzcr.cz/upload/files/jednani-14-cervna-2024-nove-kapacity-16-stanovisko-pk-fakultni-nemocnice-olomouc-pristroj-pro-analyzu-genove-exprese-66869fd21ba3a.pdf",250883
66,"Komise pro posuzování rozmístění přístrojových zdravotnických prostředků a kapacit hrazených z veřejného zdravotního pojištění","(17) Stanovisko PK_Institut klinické a experimentální medicíny_Systém pro robotickou chirurgii","https://ppo.mzcr.cz/upload/files/jednani-14-cervna-2024-nove-kapacity-17-stanovisko-pk-institut-klinicke-a-experimentalni-mediciny-system-pro-robotickou-chirurgii-66869fe1dc9c9.pdf",229826
66,"Komise pro posuzování rozmístění přístrojových zdravotnických prostředků a kapacit hrazených z veřejného zdravotního pojištění","(18) Stanovisko PK_Krajská zdravotní, a.s., Masarykova nemocnice Ústí nad Labem, o.z._Mimotělní oběh","https://ppo.mzcr.cz/upload/files/jednani-14-cervna-2024-nove-kapacity-18-stanovisko-pk-krajska-zdravotni-a-s-masarykova-nemocnice-usti-nad-labem-o-z-mimotelni-obeh-66869ff11cd92.pdf",226345
66,"Komise pro posuzování rozmístění přístrojových zdravotnických prostředků a kapacit hrazených z veřejného zdravotního pojištění","(19) Stanovisko PK_Nemocnice Na Homolce_Robotický systém pro spondylochirurgické operace","https://ppo.mzcr.cz/upload/files/jednani-14-cervna-2024-nove-kapacity-19-stanovisko-pk-nemocnice-na-homolce-roboticky-system-pro-spondylochirurgicke-operace-66869ffb15358.pdf",228602
66,"Komise pro posuzování rozmístění přístrojových zdravotnických prostředků a kapacit hrazených z veřejného zdravotního pojištění","(20) Stanovisko PK_Karvinská hornická nemocnice a.s._Skiagrafický RTG přístroj","https://ppo.mzcr.cz/upload/files/jednani-14-cervna-2024-obnovy-20-stanovisko-pk-karvinska-hornicka-nemocnice-a-s-skiagraficky-rtg-pristroj-6686a0d73679c.pdf",227705
66,"Komise pro posuzování rozmístění přístrojových zdravotnických prostředků a kapacit hrazených z veřejného zdravotního pojištění","(21) Stanovisko PK_Státní zdravotní ústav_Plynový chromatograf","https://ppo.mzcr.cz/upload/files/jednani-14-cervna-2024-obnovy-21-stanovisko-pk-statni-zdravotni-ustav-plynovy-chromatograf-6686a0f011380.pdf",229381
66,"Komise pro posuzování rozmístění přístrojových zdravotnických prostředků a kapacit hrazených z veřejného zdravotního pojištění","(22) Stanovisko PK_Státní zdravotní ústav_Plynový chromatograf s hmotnostním detektorem typu trojitý kvadrupól","https://ppo.mzcr.cz/upload/files/jednani-14-cervna-2024-obnovy-22-stanovisko-pk-statni-zdravotni-ustav-plynovy-chromatograf-s-hmotnostnim-detektorem-typu-trojity-kvadrupol-6686a1004ea2f.pdf",229159
66,"Komise pro posuzování rozmístění přístrojových zdravotnických prostředků a kapacit hrazených z veřejného zdravotního pojištění","(23) Stanovisko PK_Státní zdravotní ústav_Stolní hmotnostní spektrometr MALDI-TOF MS","https://ppo.mzcr.cz/upload/files/jednani-14-cervna-2024-obnovy-23-stanovisko-pk-statni-zdravotni-ustav-stolni-hmotnostni-spektrometr-maldi-tof-ms-6686a1139cdec.pdf",268323
66,"Komise pro posuzování rozmístění přístrojových zdravotnických prostředků a kapacit hrazených z veřejného zdravotního pojištění","(24) Stanovisko PK_Fakultní nemocnice u sv. Anny v Brně_RTG skiagrafický digitální přístroj","https://ppo.mzcr.cz/upload/files/jednani-14-cervna-2024-obnovy-24-stanovisko-pk-fakultni-nemocnice-u-sv-anny-v-brne-rtg-skiagraficky-digitalni-pristroj-6686a1213b049.pdf",227472
66,"Komise pro posuzování rozmístění přístrojových zdravotnických prostředků a kapacit hrazených z veřejného zdravotního pojištění","(25) Stanovisko PK_Fakultní nemocnice u sv. Anny v Brně_Průtokový cytometr","https://ppo.mzcr.cz/upload/files/jednani-14-cervna-2024-obnovy-25-stanovisko-pk-fakultni-nemocnice-u-sv-anny-v-brne-prutokovy-cytometr-6686a13101821.pdf",229483
66,"Komise pro posuzování rozmístění přístrojových zdravotnických prostředků a kapacit hrazených z veřejného zdravotního pojištění","(26) Stanovisko PK_Uherskohradišťská nemocnice a.s._CT","https://ppo.mzcr.cz/upload/files/jednani-14-cervna-2024-obnovy-26-stanovisko-pk-uherskohradistska-nemocnice-a-s-ct-6686a14526aeb.pdf",228268
66,"Komise pro posuzování rozmístění přístrojových zdravotnických prostředků a kapacit hrazených z veřejného zdravotního pojištění","(27) Stanovisko PK_Uherskohradišťská nemocnice a.s._MR 1,5T","https://ppo.mzcr.cz/upload/files/jednani-14-cervna-2024-obnovy-27-stanovisko-pk-uherskohradistska-nemocnice-a-s-mr-1-5t-6686a152a385e.pdf",229340
66,"Komise pro posuzování rozmístění přístrojových zdravotnických prostředků a kapacit hrazených z veřejného zdravotního pojištění","(28) Stanovisko PK_Nemocnice Kyjov p.o._CT","https://ppo.mzcr.cz/upload/files/jednani-14-cervna-2024-obnovy-28-stanovisko-pk-nemocnice-kyjov-p-o-ct-6686a1647b0f6.pdf",227267
66,"Komise pro posuzování rozmístění přístrojových zdravotnických prostředků a kapacit hrazených z veřejného zdravotního pojištění","(29) Stanovisko PK_Nemocnice Kyjov p.o._MR 1,5T","https://ppo.mzcr.cz/upload/files/jednani-14-cervna-2024-obnovy-29-stanovisko-pk-nemocnice-kyjov-p-o-mr-1-5t-6686a172808cc.pdf",227547
66,"Komise pro posuzování rozmístění přístrojových zdravotnických prostředků a kapacit hrazených z veřejného zdravotního pojištění","(30) Stanovisko PK_Všeobecná fakultní nemocnice v Praze_Hmotnostní spektrometr LC – MS","https://ppo.mzcr.cz/upload/files/jednani-14-cervna-2024-obnovy-30-stanovisko-pk-vseobecna-fakultni-nemocnice-v-praze-hmotnostni-spektrometr-lc-ms-6686a1827c0e2.pdf",225964
66,"Komise pro posuzování rozmístění přístrojových zdravotnických prostředků a kapacit hrazených z veřejného zdravotního pojištění","(31) Stanovisko PK_Všeobecná fakultní nemocnice v Praze_Laserový mikrodisektor s fluoroscencí","https://ppo.mzcr.cz/upload/files/jednani-14-cervna-2024-obnovy-31-stanovisko-pk-vseobecna-fakultni-nemocnice-v-praze-laserovy-mikrodisektor-s-fluoroscenci-6686a18eeba0c.pdf",226306
66,"Komise pro posuzování rozmístění přístrojových zdravotnických prostředků a kapacit hrazených z veřejného zdravotního pojištění","(32) Stanovisko PK_Všeobecná fakultní nemocnice v Praze_RTG přístroj s motorizovaným C-ramenem","https://ppo.mzcr.cz/upload/files/jednani-14-cervna-2024-obnovy-32-stanovisko-pk-vseobecna-fakultni-nemocnice-v-praze-rtg-pristroj-s-motorizovanym-c-ramenem-6686a19a587e5.pdf",227864
66,"Komise pro posuzování rozmístění přístrojových zdravotnických prostředků a kapacit hrazených z veřejného zdravotního pojištění","(33) Stanovisko PK_Fakultní nemocnice Olomouc_Kapalinový chromatograf-tandemový hmotnostní spektrometr","https://ppo.mzcr.cz/upload/files/jednani-14-cervna-2024-obnovy-33-stanovisko-pk-fakultni-nemocnice-olomouc-kapalinovy-chromatograf-tandemovy-hmotnostni-spektrometr-6686a1a4e9265.pdf",226084
66,"Komise pro posuzování rozmístění přístrojových zdravotnických prostředků a kapacit hrazených z veřejného zdravotního pojištění","(34) Stanovisko PK_Fakultní nemocnice Olomouc_Angiografický komplet pro hybridní operační sál","https://ppo.mzcr.cz/upload/files/jednani-14-cervna-2024-obnovy-34-stanovisko-pk-fakultni-nemocnice-olomouc-angiograficky-komplet-pro-hybridni-operacni-sal-6686a1b059c09.pdf",226623
66,"Komise pro posuzování rozmístění přístrojových zdravotnických prostředků a kapacit hrazených z veřejného zdravotního pojištění","(35) Stanovisko PK_Krajská zdravotní, a.s., Masarykova nemocnice Ústí nad Labem, o.z._Mycí a desinfekční automat na skříně a obuv","https://ppo.mzcr.cz/upload/files/jednani-14-cervna-2024-obnovy-35-stanovisko-pk-krajska-zdravotni-a-s-masarykova-nemocnice-usti-nad-labem-o-z-myci-a-desinfekcni-automat-na-skrine-a-obuv-6686a1be0c96e.pdf",229153
66,"Komise pro posuzování rozmístění přístrojových zdravotnických prostředků a kapacit hrazených z veřejného zdravotního pojištění","(36) Stanovisko PK_Krajská zdravotní, a.s., Masarykova nemocnice Ústí nad Labem, o.z._Mycí a desinfekční automat na kontejnery","https://ppo.mzcr.cz/upload/files/jednani-14-cervna-2024-obnovy-36-stanovisko-pk-krajska-zdravotni-a-s-masarykova-nemocnice-usti-nad-labem-o-z-myci-a-desinfekcni-automat-na-kontejnery-6686a6afb6557.pdf",227978
66,"Komise pro posuzování rozmístění přístrojových zdravotnických prostředků a kapacit hrazených z veřejného zdravotního pojištění","(37) Stanovisko PK_Fakultní nemocnice v Motole_Skiagrafický RTG přístroj","https://ppo.mzcr.cz/upload/files/jednani-14-cervna-2024-obnovy-37-stanovisko-pk-fakultni-nemocnice-v-motole-skiagraficky-rtg-pristroj-6686a6c665e5d.pdf",228075
66,"Komise pro posuzování rozmístění přístrojových zdravotnických prostředků a kapacit hrazených z veřejného zdravotního pojištění","(38) Stanovisko PK_Fakultní nemocnice Bulovka_Operační mikroskop","https://ppo.mzcr.cz/upload/files/jednani-14-cervna-2024-obnovy-38-stanovisko-pk-fakultni-nemocnice-bulovka-operacni-mikroskop-6686a6da8e47d.pdf",224755
66,"Komise pro posuzování rozmístění přístrojových zdravotnických prostředků a kapacit hrazených z veřejného zdravotního pojištění","(39) Stanovisko PK_Masarykův onkologický ústav_CT simulátor","https://ppo.mzcr.cz/upload/files/jednani-14-cervna-2024-obnovy-39-stanovisko-pk-masarykuv-onkologicky-ustav-ct-simulator-6686a6f564298.pdf",228329
66,"Komise pro posuzování rozmístění přístrojových zdravotnických prostředků a kapacit hrazených z veřejného zdravotního pojištění","(40) Stanovisko PK_Nemocnice Na Homolce_Hyperbarická komora","https://ppo.mzcr.cz/upload/files/jednani-14-cervna-2024-obnovy-40-stanovisko-pk-nemocnice-na-homolce-hyperbaricka-komora-6686a7060ac69.pdf",225154
66,"Komise pro posuzování rozmístění přístrojových zdravotnických prostředků a kapacit hrazených z veřejného zdravotního pojištění","(41) Stanovisko PK_Fakultní nemocnice Hradec Králové_RTG skiaskopický přístroj","https://ppo.mzcr.cz/upload/files/jednani-14-cervna-2024-obnovy-41-stanovisko-pk-fakultni-nemocnice-hradec-kralove-rtg-skiaskopicky-pristroj-6686a71a1bf4a.pdf",225071
66,"Komise pro posuzování rozmístění přístrojových zdravotnických prostředků a kapacit hrazených z veřejného zdravotního pojištění","(42) Stanovisko PK_Fakultní nemocnice Hradec Králové_Vysokokapacitní NGS sekvenátor","https://ppo.mzcr.cz/upload/files/jednani-14-cervna-2024-obnovy-42-stanovisko-pk-fakultni-nemocnice-hradec-kralove-vysokokapacitni-ngs-sekvenator-6686a72d055b8.pdf",226106
66,"Komise pro posuzování rozmístění přístrojových zdravotnických prostředků a kapacit hrazených z veřejného zdravotního pojištění","(43) Stanovisko PK_Fakultní nemocnice Hradec Králové_Plně automatizovaná hematologická linka","https://ppo.mzcr.cz/upload/files/jednani-14-cervna-2024-obnovy-43-stanovisko-pk-fakultni-nemocnice-hradec-kralove-plne-automatizovana-hematologicka-linka-6686a74169f0f.pdf",225822
66,"Komise pro posuzování rozmístění přístrojových zdravotnických prostředků a kapacit hrazených z veřejného zdravotního pojištění","(44) Stanovisko PK_Fakultní nemocnice Hradec Králové_Izolátor box pro přípravu PET pozitronových radiofarmak vč. příslušenství","https://ppo.mzcr.cz/upload/files/jednani-14-cervna-2024-obnovy-44-stanovisko-pk-fakultni-nemocnice-hradec-kralove-izolator-box-pro-pripravu-pet-pozitronovych-radiofarmak-vc-prislusenstvi-6686a7543e1ba.pdf",225354
66,"Komise pro posuzování rozmístění přístrojových zdravotnických prostředků a kapacit hrazených z veřejného zdravotního pojištění","(45) Stanovisko PK_Fakultní nemocnice Hradec Králové_Biochemická linka","https://ppo.mzcr.cz/upload/files/jednani-14-cervna-2024-obnovy-45-stanovisko-pk-fakultni-nemocnice-hradec-kralove-biochemicka-linka-6686a76739315.pdf",224946
66,"Komise pro posuzování rozmístění přístrojových zdravotnických prostředků a kapacit hrazených z veřejného zdravotního pojištění","(46) Stanovisko PK_Nemocnice Tábor, a.s._CT","https://ppo.mzcr.cz/upload/files/jednani-14-cervna-2024-obnovy-46-stanovisko-pk-nemocnice-tabor-a-s-ct-6686a775ec5cb.pdf",224189
66,"Komise pro posuzování rozmístění přístrojových zdravotnických prostředků a kapacit hrazených z veřejného zdravotního pojištění","(47) Stanovisko PK_Nemocnice Tábor, a.s._MR 1,5T","https://ppo.mzcr.cz/upload/files/jednani-14-cervna-2024-obnovy-47-stanovisko-pk-nemocnice-tabor-a-s-mr-1-5t-6686a785f1ad7.pdf",226876
66,"Komise pro posuzování rozmístění přístrojových zdravotnických prostředků a kapacit hrazených z veřejného zdravotního pojištění","(48) Stanovisko PK_Nemocnice Tábor, a.s_Stacionární digitální skiagrafické RTG zařízení","https://ppo.mzcr.cz/upload/files/jednani-14-cervna-2024-obnovy-48-stanovisko-pk-nemocnice-tabor-a-s-stacionarni-digitalni-skiagraficke-rtg-zarizeni-6686a794b6e7d.pdf",225786
66,"Komise pro posuzování rozmístění přístrojových zdravotnických prostředků a kapacit hrazených z veřejného zdravotního pojištění","(1) Stanovisko PK_Fakultní nemocnice Hradec Králové_Kompletní endoskopický systém s umělou inteligencí","https://ppo.mzcr.cz/upload/files/jednani-5-dubna-2024-nove-kapacity-1-stanovisko-pk-fakultni-nemocnice-hradec-kralove-kompletni-endoskopicky-system-s-umelou-inteligenci-6638865f90aab.pdf",228038
66,"Komise pro posuzování rozmístění přístrojových zdravotnických prostředků a kapacit hrazených z veřejného zdravotního pojištění","(2) Stanovisko PK_Fakultní nemocnice Hradec Králové_Analytický systém","https://ppo.mzcr.cz/upload/files/jednani-5-dubna-2024-nove-kapacity-2-stanovisko-pk-fakultni-nemocnice-hradec-kralove-analyticky-system-6638866c9b7c5.pdf",228498
66,"Komise pro posuzování rozmístění přístrojových zdravotnických prostředků a kapacit hrazených z veřejného zdravotního pojištění","(3) Stanovisko PK_Masarykův onkologický ústav_Velkokapacitní sekvenátor nové generace","https://ppo.mzcr.cz/upload/files/jednani-5-dubna-2024-nove-kapacity-3-stanovisko-pk-masarykuv-onkologicky-ustav-velkokapacitni-sekvenator-nove-generace-6638867824937.pdf",231103
66,"Komise pro posuzování rozmístění přístrojových zdravotnických prostředků a kapacit hrazených z veřejného zdravotního pojištění","(4) Stanovisko PK_Masarykův onkologický ústav_Chirurgický telemanipulátor (robotický systém)","https://ppo.mzcr.cz/upload/files/jednani-5-dubna-2024-nove-kapacity-4-stanovisko-pk-masarykuv-onkologicky-ustav-chirurgicky-telemanipulator-roboticky-system-6638868a6bce5.pdf",229611
66,"Komise pro posuzování rozmístění přístrojových zdravotnických prostředků a kapacit hrazených z veřejného zdravotního pojištění","(5) Stanovisko PK_Masarykův onkologický ústav_Konfokální mikroskop","https://ppo.mzcr.cz/upload/files/jednani-5-dubna-2024-nove-kapacity-5-stanovisko-pk-masarykuv-onkologicky-ustav-konfokalni-mikroskop-66388693d9522.pdf",233075
66,"Komise pro posuzování rozmístění přístrojových zdravotnických prostředků a kapacit hrazených z veřejného zdravotního pojištění","(6) Stanovisko PK_Fakultní nemocnice v Motole_Průtokový cytometr","https://ppo.mzcr.cz/upload/files/jednani-5-dubna-2024-nove-kapacity-6-stanovisko-pk-fakultni-nemocnice-v-motole-prutokovy-cytometr-663886a3b06c3.pdf",229254
66,"Komise pro posuzování rozmístění přístrojových zdravotnických prostředků a kapacit hrazených z veřejného zdravotního pojištění","(7) Stanovisko PK_Fakultní nemocnice v Motole_Exoskop–mobilní digitální chirurgický multioborový mikroskop","https://ppo.mzcr.cz/upload/files/jednani-5-dubna-2024-nove-kapacity-7-stanovisko-pk-fakultni-nemocnice-v-motole-exoskop-mobilni-digitalni-chirurgicky-multioborovy-mikroskop-663886ae267a6.pdf",230347
66,"Komise pro posuzování rozmístění přístrojových zdravotnických prostředků a kapacit hrazených z veřejného zdravotního pojištění","(1) Stanovisko PK_Fakultní nemocnice Bulovka_MR 3T","https://ppo.mzcr.cz/upload/files/jednani-6-brezna-2024-obnovy-1-stanovisko-pk-fakultni-nemocnice-bulovka-mr-3t-660fd692aa4b8.pdf",230199
66,"Komise pro posuzování rozmístění přístrojových zdravotnických prostředků a kapacit hrazených z veřejného zdravotního pojištění","(2) Stanovisko PK_Všeobecná fakultní nemocnice_MR 3T","https://ppo.mzcr.cz/upload/files/jednani-6-brezna-2024-obnovy-2-stanovisko-pk-vseobecna-fakultni-nemocnice-mr-3t-660fd69b6da08.pdf",230254
66,"Komise pro posuzování rozmístění přístrojových zdravotnických prostředků a kapacit hrazených z veřejného zdravotního pojištění","(3) Stanovisko PK_Fakultní nemocnice Ostrava_RTG systém pro urologické aplikace – uroskop s příšlušenstvím","https://ppo.mzcr.cz/upload/files/jednani-6-brezna-2024-obnovy-3-stanovisko-pk-fakultni-nemocnice-ostrava-rtg-system-pro-urologicke-aplikace-uroskop-s-prislusenstvim-660fd6a6baba8.pdf",228952
66,"Komise pro posuzování rozmístění přístrojových zdravotnických prostředků a kapacit hrazených z veřejného zdravotního pojištění","(4) Stanovisko PK_Fakultní nemocnice Plzeň_Multidetektorové CT","https://ppo.mzcr.cz/upload/files/jednani-6-brezna-2024-obnovy-4-stanovisko-pk-fakultni-nemocnice-plzen-multidetektorove-ct-660fd6b007bde.pdf",229752
66,"Komise pro posuzování rozmístění přístrojových zdravotnických prostředků a kapacit hrazených z veřejného zdravotního pojištění","(5) Stanovisko PK_Fakultní nemocnice Plzeň_Telemanipulační-robotický operační systém","https://ppo.mzcr.cz/upload/files/jednani-6-brezna-2024-obnovy-5-stanovisko-pk-fakultni-nemocnice-plzen-telemanipulacni-roboticky-operacni-system-660fd6b9962ce.pdf",225901
66,"Komise pro posuzování rozmístění přístrojových zdravotnických prostředků a kapacit hrazených z veřejného zdravotního pojištění","(6) Stanovisko PK_Fakultní nemocnice Hradec Králové_Ozařovač transfuzních přípravků","https://ppo.mzcr.cz/upload/files/jednani-6-brezna-2024-obnovy-6-stanovisko-pk-fakultni-nemocnice-hradec-kralove-ozarovac-transfuznich-pripravku-660fd6c3a144f.pdf",225799
66,"Komise pro posuzování rozmístění přístrojových zdravotnických prostředků a kapacit hrazených z veřejného zdravotního pojištění","(7) Stanovisko PK_Fakultní nemocnice Hradec Králové_RTG přístroj pro skiagrafické pracoviště","https://ppo.mzcr.cz/upload/files/jednani-6-brezna-2024-obnovy-7-stanovisko-pk-fakultni-nemocnice-hradec-kralove-rtg-pristroj-pro-skiagraficke-pracoviste-660fd6ccc3ce2.pdf",228231
66,"Komise pro posuzování rozmístění přístrojových zdravotnických prostředků a kapacit hrazených z veřejného zdravotního pojištění","(8) Stanovisko PK_Fakultní nemocnice Hradec Králové_Mimotělní oběh","https://ppo.mzcr.cz/upload/files/jednani-6-brezna-2024-obnovy-8-stanovisko-pk-fakultni-nemocnice-hradec-kralove-mimotelni-obeh-660fd6d64665e.pdf",229466
66,"Komise pro posuzování rozmístění přístrojových zdravotnických prostředků a kapacit hrazených z veřejného zdravotního pojištění","(9) Stanovisko PK_Kardiologické centrum AGEL a.s._Angiografický přístroj (I)","https://ppo.mzcr.cz/upload/files/jednani-6-brezna-2024-obnovy-9-stanovisko-pk-kardiologicke-centrum-agel-a-s-angiograficky-pristroj-i-660fd6e00e142.pdf",228156
66,"Komise pro posuzování rozmístění přístrojových zdravotnických prostředků a kapacit hrazených z veřejného zdravotního pojištění","(10) Stanovisko PK_Kardiologické centrum AGEL a.s._Angiografický přístroj (II)","https://ppo.mzcr.cz/upload/files/jednani-6-brezna-2024-obnovy-10-stanovisko-pk-kardiologicke-centrum-agel-a-s-angiograficky-pristroj-ii-660fd6e81a1de.pdf",229140
66,"Komise pro posuzování rozmístění přístrojových zdravotnických prostředků a kapacit hrazených z veřejného zdravotního pojištění","(11) Stanovisko PK_Oblastní nemocnice Náchod a.s., Nemocnice Rychnov nad Kněžnou, o.z._CT","https://ppo.mzcr.cz/upload/files/jednani-6-brezna-2024-obnovy-11-stanovisko-pk-oblastni-nemocnice-nachod-a-s-nemocnice-rychnov-nad-kneznou-o-z-ct-660fd6f293036.pdf",228855
66,"Komise pro posuzování rozmístění přístrojových zdravotnických prostředků a kapacit hrazených z veřejného zdravotního pojištění","(12) Stanovisko PK_Nemocnice Vyškov, p.o._CT","https://ppo.mzcr.cz/upload/files/jednani-6-brezna-2024-obnovy-12-stanovisko-pk-nemocnice-vyskov-p-o-ct-660fd7020a0b0.pdf",228090
66,"Komise pro posuzování rozmístění přístrojových zdravotnických prostředků a kapacit hrazených z veřejného zdravotního pojištění","(13) Stanovisko PK_Fakultní nemocnice Ostrava_Mikroskop operační včetně příslušenství","https://ppo.mzcr.cz/upload/files/jednani-6-brezna-2024-obnovy-13-stanovisko-pk-fakultni-nemocnice-ostrava-mikroskop-operacni-vcetne-prislusenstvi-660fd70eb41ae.pdf",227521
66,"Komise pro posuzování rozmístění přístrojových zdravotnických prostředků a kapacit hrazených z veřejného zdravotního pojištění","(14) Stanovisko PK_Fakultní nemocnice Ostrava_RTG systém pro gastro aplikace s příslušenstvím","https://ppo.mzcr.cz/upload/files/jednani-6-brezna-2024-obnovy-14-stanovisko-pk-fakultni-nemocnice-ostrava-rtg-system-pro-gastro-aplikace-s-prislusenstvim-660fd7190466b.pdf",228184
66,"Komise pro posuzování rozmístění přístrojových zdravotnických prostředků a kapacit hrazených z veřejného zdravotního pojištění","(15) Stanovisko PK_Fakultní nemocnice Ostrava_RTG systém s C-ramenem pro aplikace na operačním sále","https://ppo.mzcr.cz/upload/files/jednani-6-brezna-2024-obnovy-15-stanovisko-pk-fakultni-nemocnice-ostrava-rtg-system-s-c-ramenem-pro-aplikace-na-operacnim-sale-660fd721733b1.pdf",229383
66,"Komise pro posuzování rozmístění přístrojových zdravotnických prostředků a kapacit hrazených z veřejného zdravotního pojištění","(16) Stanovisko PK_Městská nemocnice Ostrava, p.o._Vícemístná hyperbarická komora","https://ppo.mzcr.cz/upload/files/jednani-6-brezna-2024-obnovy-16-stanovisko-pk-mestska-nemocnice-ostrava-p-o-vicemistna-hyperbaricka-komora-660fd730743eb.pdf",229833
66,"Komise pro posuzování rozmístění přístrojových zdravotnických prostředků a kapacit hrazených z veřejného zdravotního pojištění","(17) Stanovisko PK_Vojenská nemocnice Olomouc_RTG přístroj skiagrafický stacionární","https://ppo.mzcr.cz/upload/files/jednani-6-brezna-2024-obnovy-17-stanovisko-pk-vojenska-nemocnice-olomouc-rtg-pristroj-skiagraficky-stacionarni-660fd738d8165.pdf",225979
66,"Komise pro posuzování rozmístění přístrojových zdravotnických prostředků a kapacit hrazených z veřejného zdravotního pojištění","(18) Stanovisko PK_Vojenská nemocnice Olomouc_RTG přístroj skiaskopicko-skiagrafický stacionární","https://ppo.mzcr.cz/upload/files/jednani-6-brezna-2024-obnovy-18-stanovisko-pk-vojenska-nemocnice-olomouc-rtg-pristroj-skiaskopicko-skiagraficky-stacionarni-660fd74187a0c.pdf",228049
66,"Komise pro posuzování rozmístění přístrojových zdravotnických prostředků a kapacit hrazených z veřejného zdravotního pojištění","(1) STANOVISKO NH Hospital, a.s., Nemocnice Hořovice - robotický operační systém","https://ppo.mzcr.cz/upload/files/jednani-11-12-2023-nove-kapacity-1-stanovisko-nh-hospital-a-s-nemocnice-horovice-roboticky-operacni-system-6591c855226cb.pdf",238766
66,"Komise pro posuzování rozmístění přístrojových zdravotnických prostředků a kapacit hrazených z veřejného zdravotního pojištění","(2) STANOVISKO Oblastní nemocnice Kolín, a.s. - robotický operační systém","https://ppo.mzcr.cz/upload/files/jednani-11-12-2023-nove-kapacity-2-stanovisko-oblastni-nemocnice-kolin-a-s-roboticky-operacni-system-6591c8f1ae92c.pdf",240313
66,"Komise pro posuzování rozmístění přístrojových zdravotnických prostředků a kapacit hrazených z veřejného zdravotního pojištění","(3) STANOVISKO Oblastní nemocnice Příbram, a.s. - robotický operační systém","https://ppo.mzcr.cz/upload/files/jednani-11-12-2023-nove-kapacity-3-stanovisko-oblastni-nemocnice-pribram-a-s-roboticky-operacni-system-6591c8fb01393.pdf",237841
66,"Komise pro posuzování rozmístění přístrojových zdravotnických prostředků a kapacit hrazených z veřejného zdravotního pojištění","(4) STANOVISKO SurGal Clinic s.r.o. - robotický operační systém","https://ppo.mzcr.cz/upload/files/jednani-11-12-2023-nove-kapacity-4-stanovisko-surgal-clinic-s-r-o-roboticky-operacni-system-6591c904ada89.pdf",212029
66,"Komise pro posuzování rozmístění přístrojových zdravotnických prostředků a kapacit hrazených z veřejného zdravotního pojištění","(5) STANOVISKO Oblastní nemocnice Náchod, a.s. - robotický operační systém","https://ppo.mzcr.cz/upload/files/jednani-11-12-2023-nove-kapacity-5-stanovisko-oblastni-nemocnice-nachod-a-s-roboticky-operacni-system-6591c90e0068f.pdf",238783
66,"Komise pro posuzování rozmístění přístrojových zdravotnických prostředků a kapacit hrazených z veřejného zdravotního pojištění","(6) STANOVISKO Rehabilitační ústav Brandýs nad Orlicí - end-efektorový trenažer chůze R-Gait","https://ppo.mzcr.cz/upload/files/jednani-11-12-2023-nove-kapacity-6-stanovisko-rehabilitacni-ustav-brandys-nad-orlici-end-efektorovy-trenazer-chuze-r-gait-6591c918632d7.pdf",243080
66,"Komise pro posuzování rozmístění přístrojových zdravotnických prostředků a kapacit hrazených z veřejného zdravotního pojištění","(7) STANOVISKO Rehabilitační ústav Brandýs nad Orlicí - robotický bimanuální exoskeleton ALEX","https://ppo.mzcr.cz/upload/files/jednani-11-12-2023-nove-kapacity-7-stanovisko-rehabilitacni-ustav-brandys-nad-orlici-roboticky-bimanualni-exoskeleton-alex-6591c9253920c.pdf",242180
66,"Komise pro posuzování rozmístění přístrojových zdravotnických prostředků a kapacit hrazených z veřejného zdravotního pojištění","(8) STANOVISKO EUC Klinika Hradec Králové s.r.o. - MR 1,5T","https://ppo.mzcr.cz/upload/files/jednani-11-12-2023-nove-kapacity-8-stanovisko-euc-klinika-hradec-kralove-s-r-o-mr-1-5t-6591c92f95c90.pdf",238342
66,"Komise pro posuzování rozmístění přístrojových zdravotnických prostředků a kapacit hrazených z veřejného zdravotního pojištění","(9) STANOVISKO Nemocnice AGEL Jeseník a.s. - MR 1,5T","https://ppo.mzcr.cz/upload/files/jednani-11-12-2023-nove-kapacity-9-stanovisko-nemocnice-agel-jesenik-a-s-mr-1-5t-6591c93ad44ad.pdf",239736
66,"Komise pro posuzování rozmístění přístrojových zdravotnických prostředků a kapacit hrazených z veřejného zdravotního pojištění","(10) STANOVISKO Úrazová nemocnice v Brně - MR 1,5T","https://ppo.mzcr.cz/upload/files/jednani-11-12-2023-nove-kapacity-10-stanovisko-urazova-nemocnice-v-brne-mr-1-5t-6591ca9ee3d20.pdf",238507
66,"Komise pro posuzování rozmístění přístrojových zdravotnických prostředků a kapacit hrazených z veřejného zdravotního pojištění","(11) STANOVISKO Klinika JL-MR s.r.o. - MR 3T","https://ppo.mzcr.cz/upload/files/jednani-11-12-2023-nove-kapacity-11-stanovisko-klinika-jl-mr-s-r-o-mr-3t-6591caad7d92f.pdf",212112
66,"Komise pro posuzování rozmístění přístrojových zdravotnických prostředků a kapacit hrazených z veřejného zdravotního pojištění","(12) STANOVISKO Fakultní nemocnice Olomouc - angiografický systém","https://ppo.mzcr.cz/upload/files/jednani-11-12-2023-nove-kapacity-12-stanovisko-fakultni-nemocnice-olomouc-angiograficky-system-6591cabae14cc.pdf",239166
66,"Komise pro posuzování rozmístění přístrojových zdravotnických prostředků a kapacit hrazených z veřejného zdravotního pojištění","(13) STANOVISKO IKEM - pojízdný RTG s C-ramenem","https://ppo.mzcr.cz/upload/files/jednani-11-12-2023-nove-kapacity-13-stanovisko-ikem-pojizdny-rtg-s-c-ramenem-6591cbb03f366.pdf",239705
66,"Komise pro posuzování rozmístění přístrojových zdravotnických prostředků a kapacit hrazených z veřejného zdravotního pojištění","(14) STANOVISKO Nemocnice Kyjov, p.o. - PET-CT","https://ppo.mzcr.cz/upload/files/jednani-11-12-2023-nove-kapacity-14-stanovisko-nemocnice-kyjov-p-o-pet-ct-6591cbbc60cbd.pdf",242046
66,"Komise pro posuzování rozmístění přístrojových zdravotnických prostředků a kapacit hrazených z veřejného zdravotního pojištění","(15) STANOVISKO Nemocnice Pelhřimov, p.o. - SPECT-CT-PET","https://ppo.mzcr.cz/upload/files/jednani-11-12-2023-nove-kapacity-15-stanovisko-nemocnice-pelhrimov-p-o-spect-ct-pet-6591cbc83a143.pdf",240520
66,"Komise pro posuzování rozmístění přístrojových zdravotnických prostředků a kapacit hrazených z veřejného zdravotního pojištění","(16) STANOVISKO NPK a.s., Orlickoústecká nemocnice - CT","https://ppo.mzcr.cz/upload/files/jednani-11-12-2023-nove-kapacity-16-stanovisko-npk-a-s-orlickoustecka-nemocnice-ct-6591cbd893f17.pdf",240999
66,"Komise pro posuzování rozmístění přístrojových zdravotnických prostředků a kapacit hrazených z veřejného zdravotního pojištění","(17) STANOVISKO Státní zdravotní ústav - laserový infračervený spektrometr","https://ppo.mzcr.cz/upload/files/jednani-11-12-2023-nove-kapacity-17-stanovisko-statni-zdravotni-ustav-laserovy-infracerveny-spektrometr-6591cbec0c5d4.pdf",238164
66,"Komise pro posuzování rozmístění přístrojových zdravotnických prostředků a kapacit hrazených z veřejného zdravotního pojištění","(18) STANOVISKO Státní zdravotní ústav - plynový chromatograf s hmotnostním detektorem","https://ppo.mzcr.cz/upload/files/jednani-11-12-2023-nove-kapacity-18-stanovisko-statni-zdravotni-ustav-plynovy-chromatograf-s-hmotnostnim-detektorem-6591cc178d250.pdf",237702
66,"Komise pro posuzování rozmístění přístrojových zdravotnických prostředků a kapacit hrazených z veřejného zdravotního pojištění","(19) STANOVISKO Krajská zdravotní a.s. - operační mikroskop neurochirurgický","https://ppo.mzcr.cz/upload/files/jednani-11-12-2023-nove-kapacity-19-stanovisko-krajska-zdravotni-a-s-operacni-mikroskop-neurochirurgicky-6591cc256a840.pdf",239930
66,"Komise pro posuzování rozmístění přístrojových zdravotnických prostředků a kapacit hrazených z veřejného zdravotního pojištění","(20) STANOVISKO FNUSA - robotický operační systém","https://ppo.mzcr.cz/upload/files/jednani-11-12-2023-nove-kapacity-20-stanovisko-fnusa-roboticky-operacni-system-6591cc326bf20.pdf",238023
66,"Komise pro posuzování rozmístění přístrojových zdravotnických prostředků a kapacit hrazených z veřejného zdravotního pojištění","(21) STANOVISKO VFN - robotický chirurgický systém","https://ppo.mzcr.cz/upload/files/jednani-11-12-2023-nove-kapacity-21-stanovisko-vfn-roboticky-chirurgicky-system-6591cc3cda945.pdf",241765
66,"Komise pro posuzování rozmístění přístrojových zdravotnických prostředků a kapacit hrazených z veřejného zdravotního pojištění","(1) STANOVISKO Masarykův onkologický ústav - hybridní intervenční řístroj (CT angiografie)","https://ppo.mzcr.cz/upload/files/jednani-11-12-2023-obnovy-1-stanovisko-masarykuv-onkologicky-ustav-hybridni-intervencni-ristroj-ct-angiografie-6591c245cbbeb.pdf",242310
66,"Komise pro posuzování rozmístění přístrojových zdravotnických prostředků a kapacit hrazených z veřejného zdravotního pojištění","(2) STANOVISKO Masarykův onkologický ústav - ozařovač pro radioterapii řízenou obrazem CT","https://ppo.mzcr.cz/upload/files/jednani-11-12-2023-obnovy-2-stanovisko-masarykuv-onkologicky-ustav-ozarovac-pro-radioterapii-rizenou-obrazem-ct-6591c2510ac6e.pdf",240694
66,"Komise pro posuzování rozmístění přístrojových zdravotnických prostředků a kapacit hrazených z veřejného zdravotního pojištění","(3) STANOVISKO Krajská nemocnice Liberec a.s. - mobilní perioperační CT","https://ppo.mzcr.cz/upload/files/jednani-11-12-2023-obnovy-3-stanovisko-krajska-nemocnice-liberec-a-s-mobilni-perioperacni-ct-6591c25e4312f.pdf",237613
66,"Komise pro posuzování rozmístění přístrojových zdravotnických prostředků a kapacit hrazených z veřejného zdravotního pojištění","(4) STANOVISKO Nemocnice sv. Zdislavy a.s. - systém pro robotickou chirurgii","https://ppo.mzcr.cz/upload/files/jednani-11-12-2023-obnovy-4-stanovisko-nemocnice-sv-zdislavy-a-s-system-pro-robotickou-chirurgii-6591c5c009a2d.pdf",209452
66,"Komise pro posuzování rozmístění přístrojových zdravotnických prostředků a kapacit hrazených z veřejného zdravotního pojištění","(5) STANOVISKO Nemocnice AGEL Nový Jičín, a.s. - MR 1,5T","https://ppo.mzcr.cz/upload/files/jednani-11-12-2023-obnovy-5-stanovisko-nemocnice-agel-novy-jicin-a-s-mr-1-5t-6591c5e34bac6.pdf",240981
66,"Komise pro posuzování rozmístění přístrojových zdravotnických prostředků a kapacit hrazených z veřejného zdravotního pojištění","(6) STANOVISKO Nemocnice AGEL Nový Jičín, a.s. - CT","https://ppo.mzcr.cz/upload/files/jednani-11-12-2023-obnovy-6-stanovisko-nemocnice-agel-novy-jicin-a-s-ct-6591c5edbc221.pdf",240176
66,"Komise pro posuzování rozmístění přístrojových zdravotnických prostředků a kapacit hrazených z veřejného zdravotního pojištění","(7) STANOVISKO Slezská nemocnice v Opavě - MR 1,5T","https://ppo.mzcr.cz/upload/files/jednani-11-12-2023-obnovy-7-stanovisko-slezska-nemocnice-v-opave-mr-1-5t-6591c5f90a876.pdf",241562
66,"Komise pro posuzování rozmístění přístrojových zdravotnických prostředků a kapacit hrazených z veřejného zdravotního pojištění","(8) STANOVISKO Nuklea medical center s.r.o. - SPECT - CT","https://ppo.mzcr.cz/upload/files/jednani-11-12-2023-obnovy-8-stanovisko-nuklea-medical-center-s-r-o-spect-ct-6591c60453d02.pdf",210588
66,"Komise pro posuzování rozmístění přístrojových zdravotnických prostředků a kapacit hrazených z veřejného zdravotního pojištění","(9) STANOVISKO KKN a.s. - biochemický analyzátor","https://ppo.mzcr.cz/upload/files/jednani-11-12-2023-obnovy-9-stanovisko-kkn-a-s-biochemicky-analyzator-6591c66f5bcad.pdf",236083
66,"Komise pro posuzování rozmístění přístrojových zdravotnických prostředků a kapacit hrazených z veřejného zdravotního pojištění","(10) STANOVISKO Nemocnice Strakonice a.s. - RTG přístroj s C-ramenem","https://ppo.mzcr.cz/upload/files/jednani-11-12-2023-obnovy-10-stanovisko-nemocnice-strakonice-a-s-rtg-pristroj-s-c-ramenem-6591c678d1b10.pdf",208943
66,"Komise pro posuzování rozmístění přístrojových zdravotnických prostředků a kapacit hrazených z veřejného zdravotního pojištění","(11) STANOVISKO Oblastní nemocnice Mladá Boleslav a.s. - SPECT - CT","https://ppo.mzcr.cz/upload/files/jednani-11-12-2023-obnovy-11-stanovisko-oblastni-nemocnice-mlada-boleslav-a-s-spect-ct-6591c769892fa.pdf",240190
66,"Komise pro posuzování rozmístění přístrojových zdravotnických prostředků a kapacit hrazených z veřejného zdravotního pojištění","(12) STANOVISKO ÚVN - excimer laser","https://ppo.mzcr.cz/upload/files/jednani-11-12-2023-obnovy-12-stanovisko-uvn-excimer-laser-6591c778d28dd.pdf",239091
66,"Komise pro posuzování rozmístění přístrojových zdravotnických prostředků a kapacit hrazených z veřejného zdravotního pojištění","(13) STANOVISKO ÚVN - femtosekundový laser","https://ppo.mzcr.cz/upload/files/jednani-11-12-2023-obnovy-13-stanovisko-uvn-femtosekundovy-laser-6591c7a923145.pdf",236200
66,"Komise pro posuzování rozmístění přístrojových zdravotnických prostředků a kapacit hrazených z veřejného zdravotního pojištění","(14) STANOVISKO ÚVN - mobilní digitální chirurgický mikroskop","https://ppo.mzcr.cz/upload/files/jednani-11-12-2023-obnovy-14-stanovisko-uvn-mobilni-digitalni-chirurgicky-mikroskop-6591c7b4310ac.pdf",241876
66,"Komise pro posuzování rozmístění přístrojových zdravotnických prostředků a kapacit hrazených z veřejného zdravotního pojištění","(15) STANOVISKO Nemocnice Na Homolce - operační mikroskop pro neurochirurgické sály","https://ppo.mzcr.cz/upload/files/jednani-11-12-2023-obnovy-15-stanovisko-nemocnice-na-homolce-operacni-mikroskop-pro-neurochirurgicke-saly-6591c7ca27a03.pdf",208150
66,"Komise pro posuzování rozmístění přístrojových zdravotnických prostředků a kapacit hrazených z veřejného zdravotního pojištění","(1) STANOVISKO Fakultní nemocnice Brno - MR 3T - upgrage","https://ppo.mzcr.cz/upload/files/jednani-hlasovani-per-rollam-18-21-9-2023-1-stanovisko-fakultni-nemocnice-brno-mr-3t-upgrage-651414f7d3c2b.pdf",191758
66,"Komise pro posuzování rozmístění přístrojových zdravotnických prostředků a kapacit hrazených z veřejného zdravotního pojištění","(2) STANOVISKO Fakultní nemocnice Brno - PET-MR - upgrage","https://ppo.mzcr.cz/upload/files/jednani-hlasovani-per-rollam-18-21-9-2023-2-stanovisko-fakultni-nemocnice-brno-pet-mr-upgrage-651415003662f.pdf",192435
66,"Komise pro posuzování rozmístění přístrojových zdravotnických prostředků a kapacit hrazených z veřejného zdravotního pojištění","(3) STANOVISKO Fakultní nemocnice Motol - Laser Imaging System - nová kapacita","https://ppo.mzcr.cz/upload/files/jednani-hlasovani-per-rollam-18-21-9-2023-3-stanovisko-fakultni-nemocnice-motol-laser-imaging-system-nova-kapacita-65141509b5563.pdf",191031
66,"Komise pro posuzování rozmístění přístrojových zdravotnických prostředků a kapacit hrazených z veřejného zdravotního pojištění","(4) STANOVISKO Proton Therapy Center Czech s.r.o. - 3D zobrazování na ozařovně - nová kapacita","https://ppo.mzcr.cz/upload/files/jednani-hlasovani-per-rollam-18-21-9-2023-4-stanovisko-proton-therapy-center-czech-s-r-o-3d-zobrazovani-na-ozarovne-nova-kapacita-6514151b84e73.pdf",165184
66,"Komise pro posuzování rozmístění přístrojových zdravotnických prostředků a kapacit hrazených z veřejného zdravotního pojištění","(5) STANOVISKO Proton Therapy Center Czech s.r.o. - Regionální hypertermická souprava - nová kapacita","https://ppo.mzcr.cz/upload/files/jednani-hlasovani-per-rollam-18-21-9-2023-5-stanovisko-proton-therapy-center-czech-s-r-o-regionalni-hypertermicka-souprava-nova-kapacita-6514155ff27f9.pdf",165702
66,"Komise pro posuzování rozmístění přístrojových zdravotnických prostředků a kapacit hrazených z veřejného zdravotního pojištění","(6) STANOVISKO Krajská nemocnice T. Bati a.s. - PET-CT - obnova","https://ppo.mzcr.cz/upload/files/jednani-hlasovani-per-rollam-18-21-9-2023-6-stanovisko-krajska-nemocnice-t-bati-a-s-pet-ct-obnova-6514156986485.pdf",193486
66,"Komise pro posuzování rozmístění přístrojových zdravotnických prostředků a kapacit hrazených z veřejného zdravotního pojištění","(1) STANOVISKO Fakultní nemocnice Brno - bezrámová navigace - obnova","https://ppo.mzcr.cz/upload/files/jednani-6-9-2023-obnovy-1-stanovisko-fakultni-nemocnice-brno-bezramova-navigace-obnova-6506d01cd32b7.pdf",191076
66,"Komise pro posuzování rozmístění přístrojových zdravotnických prostředků a kapacit hrazených z veřejného zdravotního pojištění","(2) STANOVISKO Fakultní nemocnice Brno - hmotnostní spektrometr - obnova","https://ppo.mzcr.cz/upload/files/jednani-6-9-2023-obnovy-2-stanovisko-fakultni-nemocnice-brno-hmotnostni-spektrometr-obnova-6506d02b27660.pdf",190632
66,"Komise pro posuzování rozmístění přístrojových zdravotnických prostředků a kapacit hrazených z veřejného zdravotního pojištění","(3) STANOVISKO Fakultní nemocnice Brno - optická kraniální navigace - obnova","https://ppo.mzcr.cz/upload/files/jednani-6-9-2023-obnovy-3-stanovisko-fakultni-nemocnice-brno-opticka-kranialni-navigace-obnova-6506d03fd8454.pdf",191089
66,"Komise pro posuzování rozmístění přístrojových zdravotnických prostředků a kapacit hrazených z veřejného zdravotního pojištění","(4) STANOVISKO Fakultní nemocnice Brno - průtokový cytometr - obnova","https://ppo.mzcr.cz/upload/files/jednani-6-9-2023-obnovy-4-stanovisko-fakultni-nemocnice-brno-prutokovy-cytometr-obnova-6506d04e4cdd9.pdf",190359
66,"Komise pro posuzování rozmístění přístrojových zdravotnických prostředků a kapacit hrazených z veřejného zdravotního pojištění","(5) STANOVISKO Fakultní nemocnice Brno - NGS sekvenátor - obnova","https://ppo.mzcr.cz/upload/files/jednani-6-9-2023-obnovy-5-stanovisko-fakultni-nemocnice-brno-ngs-sekvenator-obnova-6506d0d933f4a.pdf",191070
66,"Komise pro posuzování rozmístění přístrojových zdravotnických prostředků a kapacit hrazených z veřejného zdravotního pojištění","(6) STANOVISKO Fakultní nemocnice Brno - skiagrafický RTG přístroj - obnova","https://ppo.mzcr.cz/upload/files/jednani-6-9-2023-obnovy-6-stanovisko-fakultni-nemocnice-brno-skiagraficky-rtg-pristroj-obnova-6506d0e74dc03.pdf",191222
66,"Komise pro posuzování rozmístění přístrojových zdravotnických prostředků a kapacit hrazených z veřejného zdravotního pojištění","(7) STANOVISKO Fakultní nemocnice v Motole - CT - obnova","https://ppo.mzcr.cz/upload/files/jednani-6-9-2023-obnovy-7-stanovisko-fakultni-nemocnice-v-motole-ct-obnova-6506d0f34101b.pdf",190162
66,"Komise pro posuzování rozmístění přístrojových zdravotnických prostředků a kapacit hrazených z veřejného zdravotního pojištění","(8) STANOVISKO Fakultní nemocnice v Motole - přístroj pro mimotělní oběh - obnova","https://ppo.mzcr.cz/upload/files/jednani-6-9-2023-obnovy-8-stanovisko-fakultni-nemocnice-v-motole-pristroj-pro-mimotelni-obeh-obnova-6506d100c4633.pdf",189340
66,"Komise pro posuzování rozmístění přístrojových zdravotnických prostředků a kapacit hrazených z veřejného zdravotního pojištění","(9) STANOVISKO Karlovarská krajská nemocnice a.s. - plánovací CT - obnova","https://ppo.mzcr.cz/upload/files/jednani-6-9-2023-obnovy-9-stanovisko-karlovarska-krajska-nemocnice-a-s-planovaci-ct-obnova-6506d10ef3a87.pdf",191829
66,"Komise pro posuzování rozmístění přístrojových zdravotnických prostředků a kapacit hrazených z veřejného zdravotního pojištění","(10) STANOVISKO Karlovarská krajská nemocnice a.s. - lineární urychlovač - obnova","https://ppo.mzcr.cz/upload/files/jednani-6-9-2023-obnovy-10-stanovisko-karlovarska-krajska-nemocnice-a-s-linearni-urychlovac-obnova-6506d1200de39.pdf",192134
66,"Komise pro posuzování rozmístění přístrojových zdravotnických prostředků a kapacit hrazených z veřejného zdravotního pojištění","(11) STANOVISKO Karlovarská krajská nemocnice a.s. - CT - obnova","https://ppo.mzcr.cz/upload/files/jednani-6-9-2023-obnovy-11-stanovisko-karlovarska-krajska-nemocnice-a-s-ct-obnova-6506d1cc3e3a2.pdf",192626
66,"Komise pro posuzování rozmístění přístrojových zdravotnických prostředků a kapacit hrazených z veřejného zdravotního pojištění","(12) STANOVISKO Krajská nemocnice T. Bati, a.s. - automatický afterloadingový systém pro brachyterapii - obnova","https://ppo.mzcr.cz/upload/files/jednani-6-9-2023-obnovy-12-stanovisko-krajska-nemocnice-t-bati-a-s-automaticky-afterloadingovy-system-pro-brachyterapii-obnova-6506d1db12b20.pdf",192920
66,"Komise pro posuzování rozmístění přístrojových zdravotnických prostředků a kapacit hrazených z veřejného zdravotního pojištění","(13) STANOVISKO Krajská nemocnice T. Bati, a.s. - exoskop pro neurochrurgii- obnova","https://ppo.mzcr.cz/upload/files/jednani-6-9-2023-obnovy-13-stanovisko-krajska-nemocnice-t-bati-a-s-exoskop-pro-neurochrurgii-obnova-6506d1e9bcdd0.pdf",193040
66,"Komise pro posuzování rozmístění přístrojových zdravotnických prostředků a kapacit hrazených z veřejného zdravotního pojištění","(14) STANOVISKO Krajská nemocnice T. Bati, a.s. - laser pro onkourologii - obnova","https://ppo.mzcr.cz/upload/files/jednani-6-9-2023-obnovy-14-stanovisko-krajska-nemocnice-t-bati-a-s-laser-pro-onkourologii-obnova-6506d1fea78e8.pdf",192609
66,"Komise pro posuzování rozmístění přístrojových zdravotnických prostředků a kapacit hrazených z veřejného zdravotního pojištění","(15) STANOVISKO Masarykův onkologický ústav - stereotaktický 3D bioptický stůl a bioptický systém - obnova","https://ppo.mzcr.cz/upload/files/jednani-6-9-2023-obnovy-15-stanovisko-masarykuv-onkologicky-ustav-stereotakticky-3d-biopticky-stul-a-biopticky-system-obnova-6506d21ee8d14.pdf",195129
66,"Komise pro posuzování rozmístění přístrojových zdravotnických prostředků a kapacit hrazených z veřejného zdravotního pojištění","(16) STANOVISKO Multiscan s.r.o. - CT simulátor - obnova","https://ppo.mzcr.cz/upload/files/jednani-6-9-2023-obnovy-16-stanovisko-multiscan-s-r-o-ct-simulator-obnova-6506d231cc702.pdf",163755
66,"Komise pro posuzování rozmístění přístrojových zdravotnických prostředků a kapacit hrazených z veřejného zdravotního pojištění","(17) STANOVISKO Multiscan s.r.o. - MR 3T - obnova","https://ppo.mzcr.cz/upload/files/jednani-6-9-2023-obnovy-17-stanovisko-multiscan-s-r-o-mr-3t-obnova-6506d24c79f0c.pdf",164510
66,"Komise pro posuzování rozmístění přístrojových zdravotnických prostředků a kapacit hrazených z veřejného zdravotního pojištění","(18) STANOVISKO Nemocnice AGEL Nový Jičín a.s. - lineární urychlovač - obnova","https://ppo.mzcr.cz/upload/files/jednani-6-9-2023-obnovy-18-stanovisko-nemocnice-agel-novy-jicin-a-s-linearni-urychlovac-obnova-6506d25deaf95.pdf",195109
66,"Komise pro posuzování rozmístění přístrojových zdravotnických prostředků a kapacit hrazených z veřejného zdravotního pojištění","(19) STANOVISKO Nemocnice České Budějovice a.s. - lineární urychlovač 2ks - obnova","https://ppo.mzcr.cz/upload/files/jednani-6-9-2023-obnovy-19-stanovisko-nemocnice-ceske-budejovice-a-s-linearni-urychlovac-2ks-obnova-6506d27138b91.pdf",195343
66,"Komise pro posuzování rozmístění přístrojových zdravotnických prostředků a kapacit hrazených z veřejného zdravotního pojištění","(20) STANOVISKO Všeobecná fakultní nemocnice v Praze - terapeutický ozařovač - obnova","https://ppo.mzcr.cz/upload/files/jednani-6-9-2023-obnovy-20-stanovisko-vseobecna-fakultni-nemocnice-v-praze-terapeuticky-ozarovac-obnova-6506d28190c92.pdf",191992
66,"Komise pro posuzování rozmístění přístrojových zdravotnických prostředků a kapacit hrazených z veřejného zdravotního pojištění","(21) STANOVISKO Nemocnice Na Homolce - robotický operační systém - obnova","https://ppo.mzcr.cz/upload/files/jednani-6-9-2023-obnovy-21-stanovisko-nemocnice-na-homolce-roboticky-operacni-system-obnova-6506d291dd8f3.pdf",163109
66,"Komise pro posuzování rozmístění přístrojových zdravotnických prostředků a kapacit hrazených z veřejného zdravotního pojištění","(22) STANOVISKO Nemocnice Na Homolce - angiografický systém - obnova","https://ppo.mzcr.cz/upload/files/jednani-6-9-2023-obnovy-22-stanovisko-nemocnice-na-homolce-angiograficky-system-obnova-6506d2a1b80be.pdf",163726
66,"Komise pro posuzování rozmístění přístrojových zdravotnických prostředků a kapacit hrazených z veřejného zdravotního pojištění","(23) STANOVISKO Nemocnice Na Homolce - mamograf - obnova","https://ppo.mzcr.cz/upload/files/jednani-6-9-2023-obnovy-23-stanovisko-nemocnice-na-homolce-mamograf-obnova-6506d2b187de8.pdf",164256
66,"Komise pro posuzování rozmístění přístrojových zdravotnických prostředků a kapacit hrazených z veřejného zdravotního pojištění","(24) STANOVISKO Nemocnice TGM Hodonín, p.o. - skiaskopicko-skiagrafická stěna - obnova","https://ppo.mzcr.cz/upload/files/jednani-6-9-2023-obnovy-24-stanovisko-nemocnice-tgm-hodonin-p-o-skiaskopicko-skiagraficka-stena-obnova-6506d2be2b0a3.pdf",194731
66,"Komise pro posuzování rozmístění přístrojových zdravotnických prostředků a kapacit hrazených z veřejného zdravotního pojištění","(25) STANOVISKO Vojenská lázeňská a rekreační zařízení, p.o. - závěsný a podpůrný systém pro nácvik chůze - obnova","https://ppo.mzcr.cz/upload/files/jednani-6-9-2023-obnovy-25-stanovisko-vojenska-lazenska-a-rekreacni-zarizeni-p-o-zavesny-a-podpurny-system-pro-nacvik-chuze-obnova-6506d2cd04c44.pdf",194359
66,"Komise pro posuzování rozmístění přístrojových zdravotnických prostředků a kapacit hrazených z veřejného zdravotního pojištění","(26) STANOVISKO Nemocnice ve Frýdku-Místku, p.o. - CT - obnova","https://ppo.mzcr.cz/upload/files/jednani-6-9-2023-obnovy-26-stanovisko-nemocnice-ve-frydku-mistku-p-o-ct-obnova-6506d2e3e2ff6.pdf",197182
66,"Komise pro posuzování rozmístění přístrojových zdravotnických prostředků a kapacit hrazených z veřejného zdravotního pojištění","(27) STANOVISKO Krajská nemocnice T. Bati a.s. - angiografické zařízení s C-ramenem - obnova","https://ppo.mzcr.cz/upload/files/jednani-6-9-2023-obnovy-27-stanovisko-krajska-nemocnice-t-bati-a-s-angiograficke-zarizeni-s-c-ramenem-obnova-6506d2f52ec02.pdf",192800
66,"Komise pro posuzování rozmístění přístrojových zdravotnických prostředků a kapacit hrazených z veřejného zdravotního pojištění","(1) STANOVISKO Fakultní nemocnice Brno - chirurgický robotický systém - nová kapacita","https://ppo.mzcr.cz/upload/files/jednani-6-9-2023-nove-kapacity-1-stanovisko-fakultni-nemocnice-brno-chirurgicky-roboticky-system-nova-kapacita-6506cd4c3e09e.pdf",191397
66,"Komise pro posuzování rozmístění přístrojových zdravotnických prostředků a kapacit hrazených z veřejného zdravotního pojištění","(2) STANOVISKO Fakultní nemocnice Ostrava - chirurgický robotický systém - nová kapacita","https://ppo.mzcr.cz/upload/files/jednani-6-9-2023-nove-kapacity-2-stanovisko-fakultni-nemocnice-ostrava-chirurgicky-roboticky-system-nova-kapacita-6506cdb29b0e5.pdf",192391
66,"Komise pro posuzování rozmístění přístrojových zdravotnických prostředků a kapacit hrazených z veřejného zdravotního pojištění","(3) STANOVISKO Městská nemocnice Ostrava, p.o. - chirurgický robotický systém - nová kapacita","https://ppo.mzcr.cz/upload/files/jednani-6-9-2023-nove-kapacity-3-stanovisko-mestska-nemocnice-ostrava-p-o-chirurgicky-roboticky-system-nova-kapacita-6506cdc7a5b1d.pdf",195341
66,"Komise pro posuzování rozmístění přístrojových zdravotnických prostředků a kapacit hrazených z veřejného zdravotního pojištění","(4) STANOVISKO SurGal Clinic, s.r.o., Brno - chirurgický robotický systém - nová kapacita","https://ppo.mzcr.cz/upload/files/jednani-6-9-2023-nove-kapacity-4-stanovisko-surgal-clinic-s-r-o-brno-chirurgicky-roboticky-system-nova-kapacita-6506cddad0ddd.pdf",164083
66,"Komise pro posuzování rozmístění přístrojových zdravotnických prostředků a kapacit hrazených z veřejného zdravotního pojištění","(5) STANOVISKO Krajská zdravotní a.s. - chirurgický robotický systém - nová kapacita","https://ppo.mzcr.cz/upload/files/jednani-6-9-2023-nove-kapacity-5-stanovisko-krajska-zdravotni-a-s-chirurgicky-roboticky-system-nova-kapacita-6506ce2de9cdc.pdf",192496
66,"Komise pro posuzování rozmístění přístrojových zdravotnických prostředků a kapacit hrazených z veřejného zdravotního pojištění","(6) STANOVISKO Oblastní nemocnice Kladno, a.s. - chirurgický robotický systém - nová kapacita","https://ppo.mzcr.cz/upload/files/jednani-6-9-2023-nove-kapacity-6-stanovisko-oblastni-nemocnice-kladno-a-s-chirurgicky-roboticky-system-nova-kapacita-6506ce4504847.pdf",195416
66,"Komise pro posuzování rozmístění přístrojových zdravotnických prostředků a kapacit hrazených z veřejného zdravotního pojištění","(7) STANOVISKO Fakultní nemocnice Olomouc - chirurgický robotický systém - nová kapacita","https://ppo.mzcr.cz/upload/files/jednani-6-9-2023-nove-kapacity-7-stanovisko-fakultni-nemocnice-olomouc-chirurgicky-roboticky-system-nova-kapacita-6506ce5e1a0b4.pdf",191868
66,"Komise pro posuzování rozmístění přístrojových zdravotnických prostředků a kapacit hrazených z veřejného zdravotního pojištění","(8) STANOVISKO Fakultní nemocnice Plzeň - chirurgický robotický systém - nová kapacita","https://ppo.mzcr.cz/upload/files/jednani-6-9-2023-nove-kapacity-8-stanovisko-fakultni-nemocnice-plzen-chirurgicky-roboticky-system-nova-kapacita-6506ce6e6b304.pdf",191506
66,"Komise pro posuzování rozmístění přístrojových zdravotnických prostředků a kapacit hrazených z veřejného zdravotního pojištění","(9) STANOVISKO Fakultní nemocnice Brno - PET-CT - nová kapacita","https://ppo.mzcr.cz/upload/files/jednani-6-9-2023-nove-kapacity-9-stanovisko-fakultni-nemocnice-brno-pet-ct-nova-kapacita-6506ce806a97b.pdf",190768
66,"Komise pro posuzování rozmístění přístrojových zdravotnických prostředků a kapacit hrazených z veřejného zdravotního pojištění","(10) STANOVISKO Fakultní nemocnice Brno - robotický trenažer chůze - nová kapacita","https://ppo.mzcr.cz/upload/files/jednani-6-9-2023-nove-kapacity-10-stanovisko-fakultni-nemocnice-brno-roboticky-trenazer-chuze-nova-kapacita-6506ce94245bf.pdf",190467
66,"Komise pro posuzování rozmístění přístrojových zdravotnických prostředků a kapacit hrazených z veřejného zdravotního pojištění","(11) STANOVISKO Fakultní nemocnice Brno - intraoperativní 3D zobrazovací a navigační systém - nová kapacita","https://ppo.mzcr.cz/upload/files/jednani-6-9-2023-nove-kapacity-11-stanovisko-fakultni-nemocnice-brno-intraoperativni-3d-zobrazovaci-a-navigacni-system-nova-kapacita-6506cea37c46e.pdf",190992
66,"Komise pro posuzování rozmístění přístrojových zdravotnických prostředků a kapacit hrazených z veřejného zdravotního pojištění","(12) STANOVISKO Fakultní nemocnice v Motole - navigovaná bronchoskopie - nová kapacita","https://ppo.mzcr.cz/upload/files/jednani-6-9-2023-nove-kapacity-12-stanovisko-fakultni-nemocnice-v-motole-navigovana-bronchoskopie-nova-kapacita-6506ceba006d7.pdf",189854
66,"Komise pro posuzování rozmístění přístrojových zdravotnických prostředků a kapacit hrazených z veřejného zdravotního pojištění","(13) STANOVISKO Fakultní Thomayerova nemocnice - robotická rehabilitace chůze - nová kapacita","https://ppo.mzcr.cz/upload/files/jednani-6-9-2023-nove-kapacity-13-stanovisko-fakultni-thomayerova-nemocnice-roboticka-rehabilitace-chuze-nova-kapacita-6506cecbadfa0.pdf",193321
66,"Komise pro posuzování rozmístění přístrojových zdravotnických prostředků a kapacit hrazených z veřejného zdravotního pojištění","(14) STANOVISKO Fakultní nemocnice Plzeň - spektrální cytometr - nová kapacita","https://ppo.mzcr.cz/upload/files/jednani-6-9-2023-nove-kapacity-14-stanovisko-fakultni-nemocnice-plzen-spektralni-cytometr-nova-kapacita-6506cf19710eb.pdf",190946
66,"Komise pro posuzování rozmístění přístrojových zdravotnických prostředků a kapacit hrazených z veřejného zdravotního pojištění","(15) STANOVISKO Karlovarská krajská nemocnice a.s. - PET-CT - nová kapacita","https://ppo.mzcr.cz/upload/files/jednani-6-9-2023-nove-kapacity-15-stanovisko-karlovarska-krajska-nemocnice-a-s-pet-ct-nova-kapacita-6506cf287f516.pdf",192037
66,"Komise pro posuzování rozmístění přístrojových zdravotnických prostředků a kapacit hrazených z veřejného zdravotního pojištění","(16) STANOVISKO Krajská nemocnice Liberec a.s. - lineární urychlovač - nová kapacita","https://ppo.mzcr.cz/upload/files/jednani-6-9-2023-nove-kapacity-16-stanovisko-krajska-nemocnice-liberec-a-s-linearni-urychlovac-nova-kapacita-6506cf35c13d9.pdf",192313
66,"Komise pro posuzování rozmístění přístrojových zdravotnických prostředků a kapacit hrazených z veřejného zdravotního pojištění","(17) STANOVISKO Městská nemocnice Ostrava, p.o. - MR 1,5T - nová kapacita","https://ppo.mzcr.cz/upload/files/jednani-6-9-2023-nove-kapacity-17-stanovisko-mestska-nemocnice-ostrava-p-o-mr-1-5t-nova-kapacita-6506cf46a55c3.pdf",195837
66,"Komise pro posuzování rozmístění přístrojových zdravotnických prostředků a kapacit hrazených z veřejného zdravotního pojištění","(18) STANOVISKO MULTISCAN s.r.o., Pardubice - CT - nová kapacita","https://ppo.mzcr.cz/upload/files/jednani-6-9-2023-nove-kapacity-18-stanovisko-multiscan-s-r-o-pardubice-ct-nova-kapacita-6506cf55d545e.pdf",164398
66,"Komise pro posuzování rozmístění přístrojových zdravotnických prostředků a kapacit hrazených z veřejného zdravotního pojištění","(19) STANOVISKO MULTISCAN s.r.o., Pardubice - MR 0,55T - nová kapacita","https://ppo.mzcr.cz/upload/files/jednani-6-9-2023-nove-kapacity-19-stanovisko-multiscan-s-r-o-pardubice-mr-0-55t-nova-kapacita-6506cf6473af7.pdf",166594
66,"Komise pro posuzování rozmístění přístrojových zdravotnických prostředků a kapacit hrazených z veřejného zdravotního pojištění","(20) STANOVISKO Nemocnice Jihlava, p.o. - MR 3T - nová kapacitaie","https://ppo.mzcr.cz/upload/files/jednani-6-9-2023-nove-kapacity-20-stanovisko-nemocnice-jihlava-p-o-mr-3t-nova-kapacitaie-6506cf73d58e5.pdf",196250
66,"Komise pro posuzování rozmístění přístrojových zdravotnických prostředků a kapacit hrazených z veřejného zdravotního pojištění","(21) STANOVISKO Oblastní nemocnice Jičín, a.s. - MR 1,5T - nová kapacita","https://ppo.mzcr.cz/upload/files/jednani-6-9-2023-nove-kapacity-21-stanovisko-oblastni-nemocnice-jicin-a-s-mr-1-5t-nova-kapacita-6506cf862d05f.pdf",194314
66,"Komise pro posuzování rozmístění přístrojových zdravotnických prostředků a kapacit hrazených z veřejného zdravotního pojištění","(22) STANOVISKO SCAN Clinic, a.s. - MR 1,5T - nová kapacita","https://ppo.mzcr.cz/upload/files/jednani-6-9-2023-nove-kapacity-22-stanovisko-scan-clinic-a-s-mr-1-5t-nova-kapacita-6506cf93b81b3.pdf",167361
66,"Komise pro posuzování rozmístění přístrojových zdravotnických prostředků a kapacit hrazených z veřejného zdravotního pojištění","(1) STANOVISKO Fakultní nemocnice Olomouc - operační mikroskop - obnova","https://ppo.mzcr.cz/upload/files/jednani-15-6-2023-obnovy-1-stanovisko-fakultni-nemocnice-olomouc-operacni-mikroskop-obnova-64cd1141ba8c0.pdf",235568
66,"Komise pro posuzování rozmístění přístrojových zdravotnických prostředků a kapacit hrazených z veřejného zdravotního pojištění","(2) STANOVISKO Fakultní Thomayerova nemocnice - mamograf - obnova","https://ppo.mzcr.cz/upload/files/jednani-15-6-2023-obnovy-2-stanovisko-fakultni-thomayerova-nemocnice-mamograf-obnova-64cd114fc5435.pdf",237582
66,"Komise pro posuzování rozmístění přístrojových zdravotnických prostředků a kapacit hrazených z veřejného zdravotního pojištění","(3) STANOVISKO Fakultní Thomayerova nemocnice - plánovací CT - obnova","https://ppo.mzcr.cz/upload/files/jednani-15-6-2023-obnovy-3-stanovisko-fakultni-thomayerova-nemocnice-planovaci-ct-obnova-64cd1159b5863.pdf",237298
66,"Komise pro posuzování rozmístění přístrojových zdravotnických prostředků a kapacit hrazených z veřejného zdravotního pojištění","(4) STANOVISKO Fakultní Thomayerova nemocnice - terapeutický RTG ozařovač- obnova","https://ppo.mzcr.cz/upload/files/jednani-15-6-2023-obnovy-4-stanovisko-fakultni-thomayerova-nemocnice-terapeuticky-rtg-ozarovac-obnova-64cd11c91c0b0.pdf",236146
66,"Komise pro posuzování rozmístění přístrojových zdravotnických prostředků a kapacit hrazených z veřejného zdravotního pojištění","(5) STANOVISKO IKEM - angiografický systém pro kardiochirurgii- obnova","https://ppo.mzcr.cz/upload/files/jednani-15-6-2023-obnovy-5-stanovisko-ikem-angiograficky-system-pro-kardiochirurgii-obnova-64cd13611bed4.pdf",241880
66,"Komise pro posuzování rozmístění přístrojových zdravotnických prostředků a kapacit hrazených z veřejného zdravotního pojištění","(6) STANOVISKO Nemocnice Na Homolce - 3D-4D echokardiografický přístroj - obnova","https://ppo.mzcr.cz/upload/files/jednani-15-6-2023-obnovy-6-stanovisko-nemocnice-na-homolce-3d-4d-echokardiograficky-pristroj-obnova-64cd13a763e29.pdf",211242
66,"Komise pro posuzování rozmístění přístrojových zdravotnických prostředků a kapacit hrazených z veřejného zdravotního pojištění","(7) STANOVISKO Nemocnice Na Homolce - extrakční laserový systém - obnova","https://ppo.mzcr.cz/upload/files/jednani-15-6-2023-obnovy-7-stanovisko-nemocnice-na-homolce-extrakcni-laserovy-system-obnova-64cd13b116218.pdf",209457
66,"Komise pro posuzování rozmístění přístrojových zdravotnických prostředků a kapacit hrazených z veřejného zdravotního pojištění","(8) STANOVISKO Nemocnice Na Homolce - přístroj pro mimotělní oběh - obnova","https://ppo.mzcr.cz/upload/files/jednani-15-6-2023-obnovy-8-stanovisko-nemocnice-na-homolce-pristroj-pro-mimotelni-obeh-obnova-64cd13b9e9fd5.pdf",207805
66,"Komise pro posuzování rozmístění přístrojových zdravotnických prostředků a kapacit hrazených z veřejného zdravotního pojištění","(9) STANOVISKO Oblastní nemocnice Mladá Boleslav, a.s. - SPECT-CT-PET - obnova","https://ppo.mzcr.cz/upload/files/jednani-15-6-2023-obnovy-9-stanovisko-oblastni-nemocnice-mlada-boleslav-a-s-spect-ct-pet-obnova-64cd13c23bf2e.pdf",238412
66,"Komise pro posuzování rozmístění přístrojových zdravotnických prostředků a kapacit hrazených z veřejného zdravotního pojištění","(10) STANOVISKO Ústřední vojenská nemocnice - extrakorporální litotryptor - obnova","https://ppo.mzcr.cz/upload/files/jednani-15-6-2023-obnovy-10-stanovisko-ustredni-vojenska-nemocnice-extrakorporalni-litotryptor-obnova-64cd13cb7daf6.pdf",245389
66,"Komise pro posuzování rozmístění přístrojových zdravotnických prostředků a kapacit hrazených z veřejného zdravotního pojištění","(11) STANOVISKO FNHK - 3D mapovací systém (CARTO) - obnova","https://ppo.mzcr.cz/upload/files/jednani-15-6-2023-obnovy-11-stanovisko-fnhk-3d-mapovaci-system-carto-obnova-64cd13d52077e.pdf",238021
66,"Komise pro posuzování rozmístění přístrojových zdravotnických prostředků a kapacit hrazených z veřejného zdravotního pojištění","(12) STANOVISKO Fakultní nemocnice Bulovka - skiagraficko-skiaskopický RTG ortopedie - obnova","https://ppo.mzcr.cz/upload/files/jednani-15-6-2023-obnovy-12-stanovisko-fakultni-nemocnice-bulovka-skiagraficko-skiaskopicky-rtg-ortopedie-obnova-64cd13df26c77.pdf",240611
66,"Komise pro posuzování rozmístění přístrojových zdravotnických prostředků a kapacit hrazených z veřejného zdravotního pojištění","(13) STANOVISKO Fakultní nemocnice Bulovka - skiagraficko-skiaskopický RTG urologie - obnova","https://ppo.mzcr.cz/upload/files/jednani-15-6-2023-obnovy-13-stanovisko-fakultni-nemocnice-bulovka-skiagraficko-skiaskopicky-rtg-urologie-obnova-64cd13e9c07ba.pdf",240648
66,"Komise pro posuzování rozmístění přístrojových zdravotnických prostředků a kapacit hrazených z veřejného zdravotního pojištění","(14) STANOVISKO Fakultní nemocnice Bulovka - skiagrafický RTG centrální RDG oddělení - obnova","https://ppo.mzcr.cz/upload/files/jednani-15-6-2023-obnovy-14-stanovisko-fakultni-nemocnice-bulovka-skiagraficky-rtg-centralni-rdg-oddeleni-obnova-64cd14768abf1.pdf",240828
66,"Komise pro posuzování rozmístění přístrojových zdravotnických prostředků a kapacit hrazených z veřejného zdravotního pojištění","(15) STANOVISKO Fakultní nemocnice Bulovka - skiagraficko-skiaskopický RTG interna - obnova","https://ppo.mzcr.cz/upload/files/jednani-15-6-2023-obnovy-15-stanovisko-fakultni-nemocnice-bulovka-skiagraficko-skiaskopicky-rtg-interna-obnova-64cd1483e7709.pdf",240698
66,"Komise pro posuzování rozmístění přístrojových zdravotnických prostředků a kapacit hrazených z veřejného zdravotního pojištění","(16) STANOVISKO KOC Pardubického kraje, Multiscan a.s. - MR 3T - obnova","https://ppo.mzcr.cz/upload/files/jednani-15-6-2023-obnovy-16-stanovisko-koc-pardubickeho-kraje-multiscan-a-s-mr-3t-obnova-64cd148fd0b98.pdf",242262
66,"Komise pro posuzování rozmístění přístrojových zdravotnických prostředků a kapacit hrazených z veřejného zdravotního pojištění","(17) STANOVISKO KOC Pardubického kraje, Multiscan a.s. - lineární urychlovač - obnova","https://ppo.mzcr.cz/upload/files/jednani-15-6-2023-obnovy-17-stanovisko-koc-pardubickeho-kraje-multiscan-a-s-linearni-urychlovac-obnova-64cd15da91017.pdf",240242
66,"Komise pro posuzování rozmístění přístrojových zdravotnických prostředků a kapacit hrazených z veřejného zdravotního pojištění","(18) STANOVISKO Krajská zdravotní, a.s. - lineární urychlovač I Ústí nad Labem - obnova","https://ppo.mzcr.cz/upload/files/jednani-15-6-2023-obnovy-18-stanovisko-krajska-zdravotni-a-s-linearni-urychlovac-i-usti-nad-labem-obnova-64cd15e53611e.pdf",237404
66,"Komise pro posuzování rozmístění přístrojových zdravotnických prostředků a kapacit hrazených z veřejného zdravotního pojištění","(19) STANOVISKO Krajská zdravotní, a.s. - lineární urychlovač II Chomutov 2 ks - obnova","https://ppo.mzcr.cz/upload/files/jednani-15-6-2023-obnovy-19-stanovisko-krajska-zdravotni-a-s-linearni-urychlovac-ii-chomutov-2-ks-obnova-64cd15f104bbe.pdf",236933
66,"Komise pro posuzování rozmístění přístrojových zdravotnických prostředků a kapacit hrazených z veřejného zdravotního pojištění","(20) STANOVISKO Krajská zdravotní, a.s. - MR 1,5T - obnova","https://ppo.mzcr.cz/upload/files/jednani-15-6-2023-obnovy-20-stanovisko-krajska-zdravotni-a-s-mr-1-5t-obnova-64cd1604e109e.pdf",237287
66,"Komise pro posuzování rozmístění přístrojových zdravotnických prostředků a kapacit hrazených z veřejného zdravotního pojištění","(21) STANOVISKO Krajská zdravotní, a.s. - CT simulátor - obnova","https://ppo.mzcr.cz/upload/files/jednani-15-6-2023-obnovy-21-stanovisko-krajska-zdravotni-a-s-ct-simulator-obnova-64cd166c206e9.pdf",235373
66,"Komise pro posuzování rozmístění přístrojových zdravotnických prostředků a kapacit hrazených z veřejného zdravotního pojištění","(22) STANOVISKO Krajská zdravotní, a.s. - CT - obnova","https://ppo.mzcr.cz/upload/files/jednani-15-6-2023-obnovy-22-stanovisko-krajska-zdravotni-a-s-ct-obnova-64cd1677b9af6.pdf",235209
66,"Komise pro posuzování rozmístění přístrojových zdravotnických prostředků a kapacit hrazených z veřejného zdravotního pojištění","(23) STANOVISKO Masarykův onkologický ústav - SPECT-CT - obnova","https://ppo.mzcr.cz/upload/files/jednani-15-6-2023-obnovy-23-stanovisko-masarykuv-onkologicky-ustav-spect-ct-obnova-64cd168595f56.pdf",241220
66,"Komise pro posuzování rozmístění přístrojových zdravotnických prostředků a kapacit hrazených z veřejného zdravotního pojištění","(24) STANOVISKO Fakultní nemocnice Plzeň - CT - obnova","https://ppo.mzcr.cz/upload/files/jednani-15-6-2023-obnovy-24-stanovisko-fakultni-nemocnice-plzen-ct-obnova-64cd1694e70ee.pdf",240684
66,"Komise pro posuzování rozmístění přístrojových zdravotnických prostředků a kapacit hrazených z veřejného zdravotního pojištění","(25) STANOVISKO Fakultní nemocnice Plzeň - CT simulátor- obnova","https://ppo.mzcr.cz/upload/files/jednani-15-6-2023-obnovy-25-stanovisko-fakultni-nemocnice-plzen-ct-simulator-obnova-64cd16aab7064.pdf",238848
66,"Komise pro posuzování rozmístění přístrojových zdravotnických prostředků a kapacit hrazených z veřejného zdravotního pojištění","(26) STANOVISKO Fakultní nemocnice Plzeň - PET-MR- obnova","https://ppo.mzcr.cz/upload/files/jednani-15-6-2023-obnovy-26-stanovisko-fakultni-nemocnice-plzen-pet-mr-obnova-64cd16b618c53.pdf",237758
66,"Komise pro posuzování rozmístění přístrojových zdravotnických prostředků a kapacit hrazených z veřejného zdravotního pojištění","(27) STANOVISKO Fakultní nemocnice Plzeň - mamograf s 3D tomosyntézou- obnova","https://ppo.mzcr.cz/upload/files/jednani-15-6-2023-obnovy-27-stanovisko-fakultni-nemocnice-plzen-mamograf-s-3d-tomosyntezou-obnova-64cd16c395535.pdf",238302
66,"Komise pro posuzování rozmístění přístrojových zdravotnických prostředků a kapacit hrazených z veřejného zdravotního pojištění","(28) STANOVISKO Fakultní nemocnice Plzeň - ozařovač transfúzních přípravků- obnova","https://ppo.mzcr.cz/upload/files/jednani-15-6-2023-obnovy-28-stanovisko-fakultni-nemocnice-plzen-ozarovac-transfuznich-pripravku-obnova-64cd16cdf0632.pdf",238746
66,"Komise pro posuzování rozmístění přístrojových zdravotnických prostředků a kapacit hrazených z veřejného zdravotního pojištění","(29) STANOVISKO Fakultní nemocnice Plzeň - terapeutický RTG ozařovač- obnova","https://ppo.mzcr.cz/upload/files/jednani-15-6-2023-obnovy-29-stanovisko-fakultni-nemocnice-plzen-terapeuticky-rtg-ozarovac-obnova-64cd16dae987e.pdf",237274
66,"Komise pro posuzování rozmístění přístrojových zdravotnických prostředků a kapacit hrazených z veřejného zdravotního pojištění","(30) STANOVISKO Krajská nemocnice T. Bati a.s., Zlín - CT- obnova","https://ppo.mzcr.cz/upload/files/jednani-15-6-2023-obnovy-30-stanovisko-krajska-nemocnice-t-bati-a-s-zlin-ct-obnova-64cd16f13cf9b.pdf",235765
66,"Komise pro posuzování rozmístění přístrojových zdravotnických prostředků a kapacit hrazených z veřejného zdravotního pojištění","(31) STANOVISKO Krajská nemocnice T. Bati a.s., Zlín - CT spektrální - obnova","https://ppo.mzcr.cz/upload/files/jednani-15-6-2023-obnovy-31-stanovisko-krajska-nemocnice-t-bati-a-s-zlin-ct-spektralni-obnova-64cd16fee2a19.pdf",237287
66,"Komise pro posuzování rozmístění přístrojových zdravotnických prostředků a kapacit hrazených z veřejného zdravotního pojištění","(32) STANOVISKO Krajská nemocnice T. Bati a.s., Zlín - MR 1,5T - upgrade","https://ppo.mzcr.cz/upload/files/jednani-15-6-2023-obnovy-32-stanovisko-krajska-nemocnice-t-bati-a-s-zlin-mr-1-5t-upgrade-64cd1707461cc.pdf",236620
66,"Komise pro posuzování rozmístění přístrojových zdravotnických prostředků a kapacit hrazených z veřejného zdravotního pojištění","(33) STANOVISKO Krajská nemocnice T. Bati a.s., Zlín - MR 3T - obnova","https://ppo.mzcr.cz/upload/files/jednani-15-6-2023-obnovy-33-stanovisko-krajska-nemocnice-t-bati-a-s-zlin-mr-3t-obnova-64cd1718e8b98.pdf",236791
66,"Komise pro posuzování rozmístění přístrojových zdravotnických prostředků a kapacit hrazených z veřejného zdravotního pojištění","(34) STANOVISKO Krajská nemocnice T. Bati a.s., Zlín - automatická hematologická linka - obnova","https://ppo.mzcr.cz/upload/files/jednani-15-6-2023-obnovy-34-stanovisko-krajska-nemocnice-t-bati-a-s-zlin-automaticka-hematologicka-linka-obnova-64cd172515c0e.pdf",236173
66,"Komise pro posuzování rozmístění přístrojových zdravotnických prostředků a kapacit hrazených z veřejného zdravotního pojištění","(35) STANOVISKO Fakultní nemocnice Královské Vinohrady - lineární urychlovač - obnova","https://ppo.mzcr.cz/upload/files/jednani-15-6-2023-obnovy-35-stanovisko-fakultni-nemocnice-kralovske-vinohrady-linearni-urychlovac-obnova-64cd173672941.pdf",243785
66,"Komise pro posuzování rozmístění přístrojových zdravotnických prostředků a kapacit hrazených z veřejného zdravotního pojištění","(1) STANOVISKO Fakultní nemocnice Královské Vinohrady - PET-CT - nová kapacita","https://ppo.mzcr.cz/upload/files/jednani-15-6-2023-nove-kapacity-1-stanovisko-fakultni-nemocnice-kralovske-vinohrady-pet-ct-nova-kapacita-64ca0da313cd1.pdf",242264
66,"Komise pro posuzování rozmístění přístrojových zdravotnických prostředků a kapacit hrazených z veřejného zdravotního pojištění","(2) STANOVISKO Ústřední vojenská nemocnice Praha - navigovaná bronchoskopie s tomosyntézou - nová kapacita","https://ppo.mzcr.cz/upload/files/jednani-15-6-2023-nove-kapacity-2-stanovisko-ustredni-vojenska-nemocnice-praha-navigovana-bronchoskopie-s-tomosyntezou-nova-kapacita-64ca0dbc7d87b.pdf",244113
66,"Komise pro posuzování rozmístění přístrojových zdravotnických prostředků a kapacit hrazených z veřejného zdravotního pojištění","(3) STANOVISKO Institut klinické a experimentální medicíny - CT - nová kapacita","https://ppo.mzcr.cz/upload/files/jednani-15-6-2023-nove-kapacity-3-stanovisko-institut-klinicke-a-experimentalni-mediciny-ct-nova-kapacita-64ca0dc73ab6e.pdf",240835
66,"Komise pro posuzování rozmístění přístrojových zdravotnických prostředků a kapacit hrazených z veřejného zdravotního pojištění","(4) STANOVISKO Státní zdravotní ústav Praha - kapalinový chromatograf s hmotnostní detekcí - nová kapacita","https://ppo.mzcr.cz/upload/files/jednani-15-6-2023-nove-kapacity-4-stanovisko-statni-zdravotni-ustav-praha-kapalinovy-chromatograf-s-hmotnostni-detekci-nova-kapacita-64ca0dd0bbd95.pdf",237213
66,"Komise pro posuzování rozmístění přístrojových zdravotnických prostředků a kapacit hrazených z veřejného zdravotního pojištění","(5) STANOVISKO - Nemocnice Kadaň, s.r.o. - MR 1,5T - nová kapacita","https://ppo.mzcr.cz/upload/files/jednani-15-6-2023-nove-kapacity-5-stanovisko-nemocnice-kadan-s-r-o-mr-1-5t-nova-kapacita-64ca0dd95b3b9.pdf",239299
66,"Komise pro posuzování rozmístění přístrojových zdravotnických prostředků a kapacit hrazených z veřejného zdravotního pojištění","(6) STANOVISKO - AGEL Hornická poliklinika s.r.o., Ostrava - MR 1,5T - nová kapacita","https://ppo.mzcr.cz/upload/files/jednani-15-6-2023-nove-kapacity-6-stanovisko-agel-hornicka-poliklinika-s-r-o-ostrava-mr-1-5t-nova-kapacita-64ca0de3564e2.pdf",240051
66,"Komise pro posuzování rozmístění přístrojových zdravotnických prostředků a kapacit hrazených z veřejného zdravotního pojištění","(7) STANOVISKO - Rehabilitační ústav Brandýs nad Orlicí - robotický bimanuální exoskeleton ALEX - nová kapacita","https://ppo.mzcr.cz/upload/files/jednani-15-6-2023-nove-kapacity-7-stanovisko-rehabilitacni-ustav-brandys-nad-orlici-roboticky-bimanualni-exoskeleton-alex-nova-kapacita-64ca0dfd92bed.pdf",244837
66,"Komise pro posuzování rozmístění přístrojových zdravotnických prostředků a kapacit hrazených z veřejného zdravotního pojištění","(8) STANOVISKO - Rehabilitační ústav Brandýs nad Orlicí - end-efektorový trenažér chůze - nová kapacita","https://ppo.mzcr.cz/upload/files/jednani-15-6-2023-nove-kapacity-8-stanovisko-rehabilitacni-ustav-brandys-nad-orlici-end-efektorovy-trenazer-chuze-nova-kapacita-64ca0e08372aa.pdf",243964
66,"Komise pro posuzování rozmístění přístrojových zdravotnických prostředků a kapacit hrazených z veřejného zdravotního pojištění","(9) STANOVISKO - Krajská zdravotní a.s. - robotický chirurgický systém da Vinci Xi - nová kapacita","https://ppo.mzcr.cz/upload/files/jednani-15-6-2023-nove-kapacity-9-stanovisko-krajska-zdravotni-a-s-roboticky-chirurgicky-system-da-vinci-xi-nova-kapacita-64ca0e107c572.pdf",238563
66,"Komise pro posuzování rozmístění přístrojových zdravotnických prostředků a kapacit hrazených z veřejného zdravotního pojištění","(10) STANOVISKO - Nemocnice Šumperk, a.s. - mamograf - nová kapacita","https://ppo.mzcr.cz/upload/files/jednani-15-6-2023-nove-kapacity-10-stanovisko-nemocnice-sumperk-a-s-mamograf-nova-kapacita-64ca0e27cdacd.pdf",238046
66,"Komise pro posuzování rozmístění přístrojových zdravotnických prostředků a kapacit hrazených z veřejného zdravotního pojištění","(11) STANOVISKO - Nemocnice Pardubického kraje a.s. - MR 1,5T - nová kapacita","https://ppo.mzcr.cz/upload/files/jednani-15-6-2023-nove-kapacity-11-stanovisko-nemocnice-pardubickeho-kraje-a-s-mr-1-5t-nova-kapacita-64ca0e58a75f3.pdf",239945
66,"Komise pro posuzování rozmístění přístrojových zdravotnických prostředků a kapacit hrazených z veřejného zdravotního pojištění","(12) STANOVISKO - Jessenia a.s., Rehabilitační nemocnice Beroun - MR 1,5T - nová kapacita","https://ppo.mzcr.cz/upload/files/jednani-15-6-2023-nove-kapacity-12-stanovisko-jessenia-a-s-rehabilitacni-nemocnice-beroun-mr-1-5t-nova-kapacita-64ca0e680ce17.pdf",242972
66,"Komise pro posuzování rozmístění přístrojových zdravotnických prostředků a kapacit hrazených z veřejného zdravotního pojištění","(13) STANOVISKO - Oblastní nemocnice Kladno, a.s. - robotický chirurgický systém - nová kapacita","https://ppo.mzcr.cz/upload/files/jednani-15-6-2023-nove-kapacity-13-stanovisko-oblastni-nemocnice-kladno-a-s-roboticky-chirurgicky-system-nova-kapacita-64ca0e71f2526.pdf",240747
66,"Komise pro posuzování rozmístění přístrojových zdravotnických prostředků a kapacit hrazených z veřejného zdravotního pojištění","(14) STANOVISKO - Fakultní nemocnice Olomouc - robotický chirurgický systém - nová kapacita","https://ppo.mzcr.cz/upload/files/jednani-15-6-2023-nove-kapacity-14-stanovisko-fakultni-nemocnice-olomouc-roboticky-chirurgicky-system-nova-kapacita-64ca0e95b1109.pdf",238365
66,"Komise pro posuzování rozmístění přístrojových zdravotnických prostředků a kapacit hrazených z veřejného zdravotního pojištění","(15) STANOVISKO - Fakultní nemocnice Plzeň - robotický systém pro rehabilitaci chůze - nová kapacita","https://ppo.mzcr.cz/upload/files/jednani-15-6-2023-nove-kapacity-15-stanovisko-fakultni-nemocnice-plzen-roboticky-system-pro-rehabilitaci-chuze-nova-kapacita-64ca0e9eb3b10.pdf",240162
66,"Komise pro posuzování rozmístění přístrojových zdravotnických prostředků a kapacit hrazených z veřejného zdravotního pojištění","(16) STANOVISKO - Fakultní nemocnice Plzeň - automat pro izolaci a kultivaci buněk - nová kapacita","https://ppo.mzcr.cz/upload/files/jednani-15-6-2023-nove-kapacity-16-stanovisko-fakultni-nemocnice-plzen-automat-pro-izolaci-a-kultivaci-bunek-nova-kapacita-64ca0eafb03be.pdf",239607
66,"Komise pro posuzování rozmístění přístrojových zdravotnických prostředků a kapacit hrazených z veřejného zdravotního pojištění","(17) STANOVISKO - Fakultní nemocnice Plzeň - robotizovaný systém pro biobanking - nová kapacita","https://ppo.mzcr.cz/upload/files/jednani-15-6-2023-nove-kapacity-17-stanovisko-fakultni-nemocnice-plzen-robotizovany-system-pro-biobanking-nova-kapacita-64ca0eba97bf4.pdf",237838
66,"Komise pro posuzování rozmístění přístrojových zdravotnických prostředků a kapacit hrazených z veřejného zdravotního pojištění","(18) STANOVISKO - Fakultní nemocnice Plzeň - robotický operační systém da Vinci Xi - nová kapacita","https://ppo.mzcr.cz/upload/files/jednani-15-6-2023-nove-kapacity-18-stanovisko-fakultni-nemocnice-plzen-roboticky-operacni-system-da-vinci-xi-nova-kapacita-64ca0ecb65167.pdf",240887
66,"Komise pro posuzování rozmístění přístrojových zdravotnických prostředků a kapacit hrazených z veřejného zdravotního pojištění","(19) STANOVISKO - Krajská nemocnice T. Bati, a.s. - mamograf - nová kapacita","https://ppo.mzcr.cz/upload/files/jednani-15-6-2023-nove-kapacity-19-stanovisko-krajska-nemocnice-t-bati-a-s-mamograf-nova-kapacita-64ca0ed51852e.pdf",238503
66,"Komise pro posuzování rozmístění přístrojových zdravotnických prostředků a kapacit hrazených z veřejného zdravotního pojištění","STANOVISKO Fakultní nemocnice Bulovka - C-rameno pro brachyterapii - obnova","https://ppo.mzcr.cz/upload/files/jednani-22-2-2023-nove-kapacity-obnovy-stanovisko-fakultni-nemocnice-bulovka-c-rameno-pro-brachyterapii-obnova-641ab9e058f27.pdf",236741
66,"Komise pro posuzování rozmístění přístrojových zdravotnických prostředků a kapacit hrazených z veřejného zdravotního pojištění","STANOVISKO Fakultní nemocnice Bulovka - hypertermie lokální - obnova","https://ppo.mzcr.cz/upload/files/jednani-22-2-2023-nove-kapacity-obnovy-stanovisko-fakultni-nemocnice-bulovka-hypertermie-lokalni-obnova-641ab9f1dca6e.pdf",240141
66,"Komise pro posuzování rozmístění přístrojových zdravotnických prostředků a kapacit hrazených z veřejného zdravotního pojištění","STANOVISKO Fakultní nemocnice Bulovka - lineární urychlovač (LU) - obnova","https://ppo.mzcr.cz/upload/files/jednani-22-2-2023-nove-kapacity-obnovy-stanovisko-fakultni-nemocnice-bulovka-linearni-urychlovac-lu-obnova-641ab9fbb6bbd.pdf",238137
66,"Komise pro posuzování rozmístění přístrojových zdravotnických prostředků a kapacit hrazených z veřejného zdravotního pojištění","STANOVISKO Fakultní nemocnice Bulovka - skiagraficko-skiaskopický RTG (Centrální RDG odd.) - obnova","https://ppo.mzcr.cz/upload/files/jednani-22-2-2023-nove-kapacity-obnovy-stanovisko-fakultni-nemocnice-bulovka-skiagraficko-skiaskopicky-rtg-centralni-rdg-odd-obnova-641aba0730988.pdf",236611
66,"Komise pro posuzování rozmístění přístrojových zdravotnických prostředků a kapacit hrazených z veřejného zdravotního pojištění","STANOVISKO Fakultní nemocnice Bulovka - skiagraficko-skiaskopický RTG (Interní odd.) - obnova","https://ppo.mzcr.cz/upload/files/jednani-22-2-2023-nove-kapacity-obnovy-stanovisko-fakultni-nemocnice-bulovka-skiagraficko-skiaskopicky-rtg-interni-odd-obnova-641aba11c5a53.pdf",235977
66,"Komise pro posuzování rozmístění přístrojových zdravotnických prostředků a kapacit hrazených z veřejného zdravotního pojištění","STANOVISKO Fakultní nemocnice Bulovka - skiagraficko-skiaskopický RTG (Ortopedická klinika) - obnova","https://ppo.mzcr.cz/upload/files/jednani-22-2-2023-nove-kapacity-obnovy-stanovisko-fakultni-nemocnice-bulovka-skiagraficko-skiaskopicky-rtg-ortopedicka-klinika-obnova-641aba20b63d9.pdf",236550
66,"Komise pro posuzování rozmístění přístrojových zdravotnických prostředků a kapacit hrazených z veřejného zdravotního pojištění","STANOVISKO Fakultní nemocnice Bulovka - skiagraficko-skiaskopický RTG (Urologické oddělení) - obnova","https://ppo.mzcr.cz/upload/files/jednani-22-2-2023-nove-kapacity-obnovy-stanovisko-fakultni-nemocnice-bulovka-skiagraficko-skiaskopicky-rtg-urologicke-oddeleni-obnova-641aba2c5a32f.pdf",236935
66,"Komise pro posuzování rozmístění přístrojových zdravotnických prostředků a kapacit hrazených z veřejného zdravotního pojištění","STANOVISKO Fakultní nemocnice Bulovka - skiagrafický RTG (Centrální RDG odd.) - obnova","https://ppo.mzcr.cz/upload/files/jednani-22-2-2023-nove-kapacity-obnovy-stanovisko-fakultni-nemocnice-bulovka-skiagraficky-rtg-centralni-rdg-odd-obnova-641aba3879cfb.pdf",237006
66,"Komise pro posuzování rozmístění přístrojových zdravotnických prostředků a kapacit hrazených z veřejného zdravotního pojištění","STANOVISKO Fakultní nemocnice Bulovka - skiagrafický RTG (Pneumologická klinika) - obnova","https://ppo.mzcr.cz/upload/files/jednani-22-2-2023-nove-kapacity-obnovy-stanovisko-fakultni-nemocnice-bulovka-skiagraficky-rtg-pneumologicka-klinika-obnova-641aba4463dbd.pdf",236191
66,"Komise pro posuzování rozmístění přístrojových zdravotnických prostředků a kapacit hrazených z veřejného zdravotního pojištění","STANOVISKO Fakultní nemocnice Bulovka - terapeutický RTG přístroj - obnova","https://ppo.mzcr.cz/upload/files/jednani-22-2-2023-nove-kapacity-obnovy-stanovisko-fakultni-nemocnice-bulovka-terapeuticky-rtg-pristroj-obnova-641aba51592e5.pdf",236866
66,"Komise pro posuzování rozmístění přístrojových zdravotnických prostředků a kapacit hrazených z veřejného zdravotního pojištění","STANOVISKO Fakultní nemocnice Hradec Králové - robotický operační systém - nová kapacita","https://ppo.mzcr.cz/upload/files/jednani-22-2-2023-nove-kapacity-obnovy-stanovisko-fakultni-nemocnice-hradec-kralove-roboticky-operacni-system-nova-kapacita-641aba6daa8e8.pdf",237479
66,"Komise pro posuzování rozmístění přístrojových zdravotnických prostředků a kapacit hrazených z veřejného zdravotního pojištění","STANOVISKO Fakultní nemocnice Olomouc - kapilární elektroforéza - obnova","https://ppo.mzcr.cz/upload/files/jednani-22-2-2023-nove-kapacity-obnovy-stanovisko-fakultni-nemocnice-olomouc-kapilarni-elektroforeza-obnova-641aba7e3cb8d.pdf",245335
66,"Komise pro posuzování rozmístění přístrojových zdravotnických prostředků a kapacit hrazených z veřejného zdravotního pojištění","STANOVISKO Fakultní nemocnice Olomouc - MR 1,5T - obnova","https://ppo.mzcr.cz/upload/files/jednani-22-2-2023-nove-kapacity-obnovy-stanovisko-fakultni-nemocnice-olomouc-mr-1-5t-obnova-641aba8ce2af9.pdf",246693
66,"Komise pro posuzování rozmístění přístrojových zdravotnických prostředků a kapacit hrazených z veřejného zdravotního pojištění","STANOVISKO Fakultní nemocnice Olomouc - SPECT-CT - obnova","https://ppo.mzcr.cz/upload/files/jednani-22-2-2023-nove-kapacity-obnovy-stanovisko-fakultni-nemocnice-olomouc-spect-ct-obnova-641aba963eebd.pdf",239593
66,"Komise pro posuzování rozmístění přístrojových zdravotnických prostředků a kapacit hrazených z veřejného zdravotního pojištění","STANOVISKO Fakultní nemocnice Olomouc - přístroj pro analýzu genové exprese - nová kapacita","https://ppo.mzcr.cz/upload/files/jednani-22-2-2023-nove-kapacity-obnovy-stanovisko-fakultni-nemocnice-olomouc-pristroj-pro-analyzu-genove-exprese-nova-kapacita-641abaa5cc043.pdf",238869
66,"Komise pro posuzování rozmístění přístrojových zdravotnických prostředků a kapacit hrazených z veřejného zdravotního pojištění","STANOVISKO Fakultní nemocnice Ostrava - angiografický systém - obnova","https://ppo.mzcr.cz/upload/files/jednani-22-2-2023-nove-kapacity-obnovy-stanovisko-fakultni-nemocnice-ostrava-angiograficky-system-obnova-641abab781fc6.pdf",247343
66,"Komise pro posuzování rozmístění přístrojových zdravotnických prostředků a kapacit hrazených z veřejného zdravotního pojištění","STANOVISKO Fakultní nemocnice Ostrava - skiagrafický RTG přístroj - obnova","https://ppo.mzcr.cz/upload/files/jednani-22-2-2023-nove-kapacity-obnovy-stanovisko-fakultni-nemocnice-ostrava-skiagraficky-rtg-pristroj-obnova-641abae534b94.pdf",246530
66,"Komise pro posuzování rozmístění přístrojových zdravotnických prostředků a kapacit hrazených z veřejného zdravotního pojištění","STANOVISKO Fakultní nemocnice u sv. Anny v Brně - CT - obnova","https://ppo.mzcr.cz/upload/files/jednani-22-2-2023-nove-kapacity-obnovy-stanovisko-fakultni-nemocnice-u-sv-anny-v-brne-ct-obnova-641abaf719465.pdf",240794
66,"Komise pro posuzování rozmístění přístrojových zdravotnických prostředků a kapacit hrazených z veřejného zdravotního pojištění","STANOVISKO Fakultní nemocnice u sv. Anny v Brně - MR (1,5T) - nová kapacita","https://ppo.mzcr.cz/upload/files/jednani-22-2-2023-nove-kapacity-obnovy-stanovisko-fakultni-nemocnice-u-sv-anny-v-brne-mr-1-5t-nova-kapacita-641abeb0a2651.pdf",242583
66,"Komise pro posuzování rozmístění přístrojových zdravotnických prostředků a kapacit hrazených z veřejného zdravotního pojištění","STANOVISKO Fakultní nemocnice u sv. Anny v Brně - MR 1,5T - obnova","https://ppo.mzcr.cz/upload/files/jednani-22-2-2023-nove-kapacity-obnovy-stanovisko-fakultni-nemocnice-u-sv-anny-v-brne-mr-1-5t-obnova-641abebd676d8.pdf",241855
66,"Komise pro posuzování rozmístění přístrojových zdravotnických prostředků a kapacit hrazených z veřejného zdravotního pojištění","STANOVISKO Karlovarská krajská nemocnice a.s. - mobilní 3D RTG s C-ramenem - obnova","https://ppo.mzcr.cz/upload/files/jednani-22-2-2023-nove-kapacity-obnovy-stanovisko-karlovarska-krajska-nemocnice-a-s-mobilni-3d-rtg-s-c-ramenem-obnova-641abecdc96e5.pdf",235877
66,"Komise pro posuzování rozmístění přístrojových zdravotnických prostředků a kapacit hrazených z veřejného zdravotního pojištění","STANOVISKO Krajská nemocnice T. Bati, a.s. - automatická zalévací linka + tkáňový procesor - obnova","https://ppo.mzcr.cz/upload/files/jednani-22-2-2023-nove-kapacity-obnovy-stanovisko-krajska-nemocnice-t-bati-a-s-automaticka-zalevaci-linka-tkanovy-procesor-obnova-641abeda695db.pdf",237165
66,"Komise pro posuzování rozmístění přístrojových zdravotnických prostředků a kapacit hrazených z veřejného zdravotního pojištění","STANOVISKO Krajská zdravotní a.s., Ústí nad Labem - robotický sytém Excelsius GPS - upgrade","https://ppo.mzcr.cz/upload/files/jednani-22-2-2023-nove-kapacity-obnovy-stanovisko-krajska-zdravotni-a-s-usti-nad-labem-roboticky-sytem-excelsius-gps-upgrade-641abee8343cc.pdf",243485
66,"Komise pro posuzování rozmístění přístrojových zdravotnických prostředků a kapacit hrazených z veřejného zdravotního pojištění","STANOVISKO Masarykův onkologický ústav - lineární urychlovač (LU) - nová kapacita","https://ppo.mzcr.cz/upload/files/jednani-22-2-2023-nove-kapacity-obnovy-stanovisko-masarykuv-onkologicky-ustav-linearni-urychlovac-lu-nova-kapacita-641abef610d23.pdf",242094
66,"Komise pro posuzování rozmístění přístrojových zdravotnických prostředků a kapacit hrazených z veřejného zdravotního pojištění","STANOVISKO Masarykův onkologický ústav - MR (1,5T) plánovací - nová kapacita","https://ppo.mzcr.cz/upload/files/jednani-22-2-2023-nove-kapacity-obnovy-stanovisko-masarykuv-onkologicky-ustav-mr-1-5t-planovaci-nova-kapacita-641abf074d924.pdf",242690
66,"Komise pro posuzování rozmístění přístrojových zdravotnických prostředků a kapacit hrazených z veřejného zdravotního pojištění","STANOVISKO Nemocnice Kyjov, p.o. - SPECT-CT - obnova","https://ppo.mzcr.cz/upload/files/jednani-22-2-2023-nove-kapacity-obnovy-stanovisko-nemocnice-kyjov-p-o-spect-ct-obnova-641ac00714f7e.pdf",245096
66,"Komise pro posuzování rozmístění přístrojových zdravotnických prostředků a kapacit hrazených z veřejného zdravotního pojištění","STANOVISKO Nemocnice Rudolfa a Stefanie Benešov, a.s. - MR 3T - obnova","https://ppo.mzcr.cz/upload/files/jednani-22-2-2023-nove-kapacity-obnovy-stanovisko-nemocnice-rudolfa-a-stefanie-benesov-a-s-mr-3t-obnova-641ac03d46001.pdf",243423
66,"Komise pro posuzování rozmístění přístrojových zdravotnických prostředků a kapacit hrazených z veřejného zdravotního pojištění","STANOVISKO Nemocnice ve Frýdku-Místku, p.o. - CT - nová kapacita","https://ppo.mzcr.cz/upload/files/jednani-22-2-2023-nove-kapacity-obnovy-stanovisko-nemocnice-ve-frydku-mistku-p-o-ct-nova-kapacita-641ac0497b3f8.pdf",241456
66,"Komise pro posuzování rozmístění přístrojových zdravotnických prostředků a kapacit hrazených z veřejného zdravotního pojištění","STANOVISKO Nemocnice Znojmo, p.o. - mamograf - obnova","https://ppo.mzcr.cz/upload/files/jednani-22-2-2023-nove-kapacity-obnovy-stanovisko-nemocnice-znojmo-p-o-mamograf-obnova-641ac0538152d.pdf",239012
66,"Komise pro posuzování rozmístění přístrojových zdravotnických prostředků a kapacit hrazených z veřejného zdravotního pojištění","STANOVISKO Neurofyzionet spol. s r.o. - MR 0,55T - nová kapacita","https://ppo.mzcr.cz/upload/files/jednani-22-2-2023-nove-kapacity-obnovy-stanovisko-neurofyzionet-spol-s-r-o-mr-0-55t-nova-kapacita-641ac06352380.pdf",216391
66,"Komise pro posuzování rozmístění přístrojových zdravotnických prostředků a kapacit hrazených z veřejného zdravotního pojištění","STANOVISKO Neurofyzionet spol. s r.o. - MR 1,5T - nová kapacita","https://ppo.mzcr.cz/upload/files/jednani-22-2-2023-nove-kapacity-obnovy-stanovisko-neurofyzionet-spol-s-r-o-mr-1-5t-nova-kapacita-641ac07073968.pdf",216444
66,"Komise pro posuzování rozmístění přístrojových zdravotnických prostředků a kapacit hrazených z veřejného zdravotního pojištění","STANOVISKO Oblastní nemocnice Kolín, a.s. - litotryptor - obnova","https://ppo.mzcr.cz/upload/files/jednani-22-2-2023-nove-kapacity-obnovy-stanovisko-oblastni-nemocnice-kolin-a-s-litotryptor-obnova-641ac180b7fc0.pdf",235304
66,"Komise pro posuzování rozmístění přístrojových zdravotnických prostředků a kapacit hrazených z veřejného zdravotního pojištění","STANOVISKO THERÁPON 98 a.s. - MR (1,5T) - nová kapacita","https://ppo.mzcr.cz/upload/files/jednani-22-2-2023-nove-kapacity-obnovy-stanovisko-therapon-98-a-s-mr-1-5t-nova-kapacita-641ac18a6ccfa.pdf",235342
66,"Komise pro posuzování rozmístění přístrojových zdravotnických prostředků a kapacit hrazených z veřejného zdravotního pojištění","STANOVISKO Všeobecná fakultní nemocnice v Praze - angiografický systém(elektrofyziologický sál) - obnova","https://ppo.mzcr.cz/upload/files/jednani-22-2-2023-nove-kapacity-obnovy-stanovisko-vseobecna-fakultni-nemocnice-v-praze-angiograficky-system-elektrofyziologicky-sal-obnova-641ac19410d99.pdf",242950
66,"Komise pro posuzování rozmístění přístrojových zdravotnických prostředků a kapacit hrazených z veřejného zdravotního pojištění","STANOVISKO Všeobecná fakultní nemocnice v Praze - CT - obnova","https://ppo.mzcr.cz/upload/files/jednani-22-2-2023-nove-kapacity-obnovy-stanovisko-vseobecna-fakultni-nemocnice-v-praze-ct-obnova-641ac1a8d3f2e.pdf",240746
66,"Komise pro posuzování rozmístění přístrojových zdravotnických prostředků a kapacit hrazených z veřejného zdravotního pojištění","STANOVISKO Všeobecná fakultní nemocnice v Praze - CT - plánovací- obnova","https://ppo.mzcr.cz/upload/files/jednani-22-2-2023-nove-kapacity-obnovy-stanovisko-vseobecna-fakultni-nemocnice-v-praze-ct-planovaci-obnova-641ac1b3809b3.pdf",239398
66,"Komise pro posuzování rozmístění přístrojových zdravotnických prostředků a kapacit hrazených z veřejného zdravotního pojištění","STANOVISKO Všeobecná fakultní nemocnice v Praze - MR 3T - obnova","https://ppo.mzcr.cz/upload/files/jednani-22-2-2023-nove-kapacity-obnovy-stanovisko-vseobecna-fakultni-nemocnice-v-praze-mr-3t-obnova-641ac1c23a2f4.pdf",243108
66,"Komise pro posuzování rozmístění přístrojových zdravotnických prostředků a kapacit hrazených z veřejného zdravotního pojištění","STANOVISKO Všeobecná fakultní nemocnice v Praze - průtokový cytometr FACS - obnova","https://ppo.mzcr.cz/upload/files/jednani-22-2-2023-nove-kapacity-obnovy-stanovisko-vseobecna-fakultni-nemocnice-v-praze-prutokovy-cytometr-facs-obnova-641ac1cdaea59.pdf",240105
66,"Komise pro posuzování rozmístění přístrojových zdravotnických prostředků a kapacit hrazených z veřejného zdravotního pojištění","STANOVISKO Všeobecná fakultní nemocnice v Praze - skiaskopický přístroj s C-ramenem - obnova","https://ppo.mzcr.cz/upload/files/jednani-22-2-2023-nove-kapacity-obnovy-stanovisko-vseobecna-fakultni-nemocnice-v-praze-skiaskopicky-pristroj-s-c-ramenem-obnova-641ac1d6c4ccb.pdf",240306
66,"Komise pro posuzování rozmístění přístrojových zdravotnických prostředků a kapacit hrazených z veřejného zdravotního pojištění","STANOVISKO Všeobecná fakultní nemocnice v Praze - robotický systém pro chirurgii - nová kapacita","https://ppo.mzcr.cz/upload/files/jednani-22-2-2023-nove-kapacity-obnovy-stanovisko-vseobecna-fakultni-nemocnice-v-praze-roboticky-system-pro-chirurgii-nova-kapacita-641ac1e03bb39.pdf",242759
66,"Komise pro posuzování rozmístění přístrojových zdravotnických prostředků a kapacit hrazených z veřejného zdravotního pojištění","STANOVISKO Všeobecná fakultní nemocnice v Praze - sekvenátor - nová kapacita","https://ppo.mzcr.cz/upload/files/jednani-22-2-2023-nove-kapacity-obnovy-stanovisko-vseobecna-fakultni-nemocnice-v-praze-sekvenator-nova-kapacita-641ac1ebec341.pdf",243784
66,"Komise pro posuzování rozmístění přístrojových zdravotnických prostředků a kapacit hrazených z veřejného zdravotního pojištění","STANOVISKO Všeobecná fakultní nemocnice v Praze - spektrální průtokový cytometr - obnova","https://ppo.mzcr.cz/upload/files/jednani-22-2-2023-nove-kapacity-obnovy-stanovisko-vseobecna-fakultni-nemocnice-v-praze-spektralni-prutokovy-cytometr-obnova-641ac2342cc6d.pdf",240067
66,"Komise pro posuzování rozmístění přístrojových zdravotnických prostředků a kapacit hrazených z veřejného zdravotního pojištění","STANOVISKO AGEL Diagnosticé centrum s.r.o., Nový Jičín - mamograf - obnova","https://ppo.mzcr.cz/upload/files/jednani-26-10-2022-nove-kapacity-obnovy-stanovisko-agel-diagnostice-centrum-s-r-o-novy-jicin-mamograf-obnova-6384c9da4b8e8.pdf",240906
66,"Komise pro posuzování rozmístění přístrojových zdravotnických prostředků a kapacit hrazených z veřejného zdravotního pojištění","STANOVISKO Centrum pohybové medicíny Pavla Koláře, a.s. - MR 0,55T - obnova","https://ppo.mzcr.cz/upload/files/jednani-26-10-2022-nove-kapacity-obnovy-stanovisko-centrum-pohybove-mediciny-pavla-kolare-a-s-mr-0-55t-obnova-6384c9e50ce0f.pdf",242293
66,"Komise pro posuzování rozmístění přístrojových zdravotnických prostředků a kapacit hrazených z veřejného zdravotního pojištění","STANOVISKO EUC Klinika České Budějovice a.s. - CT - obnova","https://ppo.mzcr.cz/upload/files/jednani-26-10-2022-nove-kapacity-obnovy-stanovisko-euc-klinika-ceske-budejovice-a-s-ct-obnova-6384c9ee5214a.pdf",241868
66,"Komise pro posuzování rozmístění přístrojových zdravotnických prostředků a kapacit hrazených z veřejného zdravotního pojištění","STANOVISKO EUC Klinika Zlín, a.s. - MR 1,5T - nová kapacita","https://ppo.mzcr.cz/upload/files/jednani-26-10-2022-nove-kapacity-obnovy-stanovisko-euc-klinika-zlin-a-s-mr-1-5t-nova-kapacita-6384c9f690023.pdf",237415
66,"Komise pro posuzování rozmístění přístrojových zdravotnických prostředků a kapacit hrazených z veřejného zdravotního pojištění","STANOVISKO Fakultní nemocnice Hradec Králové - přístroj pro navigovanou bronchoskopii - nová kapacita","https://ppo.mzcr.cz/upload/files/jednani-26-10-2022-nove-kapacity-obnovy-stanovisko-fakultni-nemocnice-hradec-kralove-pristroj-pro-navigovanou-bronchoskopii-nova-kapacita-6384ca86e56ca.pdf",237786
66,"Komise pro posuzování rozmístění přístrojových zdravotnických prostředků a kapacit hrazených z veřejného zdravotního pojištění","STANOVISKO Fakultní nemocnice Hradec Králové - roboticky asistovaný nácvik chůze - obnova","https://ppo.mzcr.cz/upload/files/jednani-26-10-2022-nove-kapacity-obnovy-stanovisko-fakultni-nemocnice-hradec-kralove-roboticky-asistovany-nacvik-chuze-obnova-6384ca9281824.pdf",235702
66,"Komise pro posuzování rozmístění přístrojových zdravotnických prostředků a kapacit hrazených z veřejného zdravotního pojištění","STANOVISKO Fakultní nemocnice Olomouc - laser excimerový - obnova","https://ppo.mzcr.cz/upload/files/jednani-26-10-2022-nove-kapacity-obnovy-stanovisko-fakultni-nemocnice-olomouc-laser-excimerovy-obnova-6384ca9c9a30c.pdf",235622
66,"Komise pro posuzování rozmístění přístrojových zdravotnických prostředků a kapacit hrazených z veřejného zdravotního pojištění","STANOVISKO Fakultní nemocnice Olomouc - pipetovací automat - nová kapacita","https://ppo.mzcr.cz/upload/files/jednani-26-10-2022-nove-kapacity-obnovy-stanovisko-fakultni-nemocnice-olomouc-pipetovaci-automat-nova-kapacita-6384caa787308.pdf",232633
66,"Komise pro posuzování rozmístění přístrojových zdravotnických prostředků a kapacit hrazených z veřejného zdravotního pojištění","STANOVISKO Fakultní nemocnice u sv. Anny v Brně - angiografický komplet - obnova","https://ppo.mzcr.cz/upload/files/jednani-26-10-2022-nove-kapacity-obnovy-stanovisko-fakultni-nemocnice-u-sv-anny-v-brne-angiograficky-komplet-obnova-6384cab14e403.pdf",240231
66,"Komise pro posuzování rozmístění přístrojových zdravotnických prostředků a kapacit hrazených z veřejného zdravotního pojištění","STANOVISKO Fakultní nemocnice u sv. Anny v Brně - CT + robotická angiolinka - nová kapacita","https://ppo.mzcr.cz/upload/files/jednani-26-10-2022-nove-kapacity-obnovy-stanovisko-fakultni-nemocnice-u-sv-anny-v-brne-ct-roboticka-angiolinka-nova-kapacita-6384cabcdf355.pdf",240850
66,"Komise pro posuzování rozmístění přístrojových zdravotnických prostředků a kapacit hrazených z veřejného zdravotního pojištění","STANOVISKO Fakultní nemocnice u sv. Anny v Brně - intraoperační MR 1,5T pro neurochirurgii - nová kapacita","https://ppo.mzcr.cz/upload/files/jednani-26-10-2022-nove-kapacity-obnovy-stanovisko-fakultni-nemocnice-u-sv-anny-v-brne-intraoperacni-mr-1-5t-pro-neurochirurgii-nova-kapacita-6384cadae446e.pdf",242254
66,"Komise pro posuzování rozmístění přístrojových zdravotnických prostředků a kapacit hrazených z veřejného zdravotního pojištění","STANOVISKO Fakultní nemocnice u sv. Anny v Brně - mobilní intraoperační 3D RTG zobrazovací systém - nová kapacita","https://ppo.mzcr.cz/upload/files/jednani-26-10-2022-nove-kapacity-obnovy-stanovisko-fakultni-nemocnice-u-sv-anny-v-brne-mobilni-intraoperacni-3d-rtg-zobrazovaci-system-nova-kapacita-6384cae50c336.pdf",246152
66,"Komise pro posuzování rozmístění přístrojových zdravotnických prostředků a kapacit hrazených z veřejného zdravotního pojištění","STANOVISKO Fakultní nemocnice u sv. Anny v Brně - operační mikroskop pro supermikrochirurgii - obnova","https://ppo.mzcr.cz/upload/files/jednani-26-10-2022-nove-kapacity-obnovy-stanovisko-fakultni-nemocnice-u-sv-anny-v-brne-operacni-mikroskop-pro-supermikrochirurgii-obnova-6384caed98e2f.pdf",241496
66,"Komise pro posuzování rozmístění přístrojových zdravotnických prostředků a kapacit hrazených z veřejného zdravotního pojištění","STANOVISKO Fakultní nemocnice v Motole - CT simulátor - obnova","https://ppo.mzcr.cz/upload/files/jednani-26-10-2022-nove-kapacity-obnovy-stanovisko-fakultni-nemocnice-v-motole-ct-simulator-obnova-6384cc6b7df10.pdf",234084
66,"Komise pro posuzování rozmístění přístrojových zdravotnických prostředků a kapacit hrazených z veřejného zdravotního pojištění","STANOVISKO Fakultní nemocnice v Motole - neuronavigační systém - obnova","https://ppo.mzcr.cz/upload/files/jednani-26-10-2022-nove-kapacity-obnovy-stanovisko-fakultni-nemocnice-v-motole-neuronavigacni-system-obnova-6384cc751b491.pdf",235085
66,"Komise pro posuzování rozmístění přístrojových zdravotnických prostředků a kapacit hrazených z veřejného zdravotního pojištění","STANOVISKO Fakultní nemocnice v Motole - operační mikroskop neurochirurgický 2 ks - obnova","https://ppo.mzcr.cz/upload/files/jednani-26-10-2022-nove-kapacity-obnovy-stanovisko-fakultni-nemocnice-v-motole-operacni-mikroskop-neurochirurgicky-2-ks-obnova-6384cc7d40608.pdf",234528
66,"Komise pro posuzování rozmístění přístrojových zdravotnických prostředků a kapacit hrazených z veřejného zdravotního pojištění","STANOVISKO Institut klinické a experimentální medicíny - kardiologická gama kamera - obnova","https://ppo.mzcr.cz/upload/files/jednani-26-10-2022-nove-kapacity-obnovy-stanovisko-institut-klinicke-a-experimentalni-mediciny-kardiologicka-gama-kamera-obnova-6384cc8844ecc.pdf",242144
66,"Komise pro posuzování rozmístění přístrojových zdravotnických prostředků a kapacit hrazených z veřejného zdravotního pojištění","STANOVISKO Institut klinické a experimentální medicíny - MR 7T - obnova","https://ppo.mzcr.cz/upload/files/jednani-26-10-2022-nove-kapacity-obnovy-stanovisko-institut-klinicke-a-experimentalni-mediciny-mr-7t-obnova-6384cc8f86164.pdf",240795
66,"Komise pro posuzování rozmístění přístrojových zdravotnických prostředků a kapacit hrazených z veřejného zdravotního pojištění","STANOVISKO Institut klinické a experimentální medicíny - systém pro robotickou laparoskopii - nová kapacita","https://ppo.mzcr.cz/upload/files/jednani-26-10-2022-nove-kapacity-obnovy-stanovisko-institut-klinicke-a-experimentalni-mediciny-system-pro-robotickou-laparoskopii-nova-kapacita-6384cca94f694.pdf",238384
66,"Komise pro posuzování rozmístění přístrojových zdravotnických prostředků a kapacit hrazených z veřejného zdravotního pojištění","STANOVISKO Kardiocentrum Vysočina CZ, a.s. - kardioangiografický přístroj - obnova","https://ppo.mzcr.cz/upload/files/jednani-26-10-2022-nove-kapacity-obnovy-stanovisko-kardiocentrum-vysocina-cz-a-s-kardioangiograficky-pristroj-obnova-6384ccb3788e1.pdf",236500
66,"Komise pro posuzování rozmístění přístrojových zdravotnických prostředků a kapacit hrazených z veřejného zdravotního pojištění","STANOVISKO Karvinská hornická nemocnice a.s. - skiaskopicko-skiagrafický RTG přístroj - obnova","https://ppo.mzcr.cz/upload/files/jednani-26-10-2022-nove-kapacity-obnovy-stanovisko-karvinska-hornicka-nemocnice-a-s-skiaskopicko-skiagraficky-rtg-pristroj-obnova-6384ccbde96e2.pdf",234890
66,"Komise pro posuzování rozmístění přístrojových zdravotnických prostředků a kapacit hrazených z veřejného zdravotního pojištění","STANOVISKO Krajská nemocnice Liberec, a.s. - lineární urychlovač (LU) - nová kapacita","https://ppo.mzcr.cz/upload/files/jednani-26-10-2022-nove-kapacity-obnovy-stanovisko-krajska-nemocnice-liberec-a-s-linearni-urychlovac-lu-nova-kapacita-6384ccc7428eb.pdf",237067
66,"Komise pro posuzování rozmístění přístrojových zdravotnických prostředků a kapacit hrazených z veřejného zdravotního pojištění","STANOVISKO Krajská nemocnice Liberec, a.s. - lineární urychlovač 2 ks - obnova","https://ppo.mzcr.cz/upload/files/jednani-26-10-2022-nove-kapacity-obnovy-stanovisko-krajska-nemocnice-liberec-a-s-linearni-urychlovac-2-ks-obnova-6384ccd2d31c9.pdf",236558
66,"Komise pro posuzování rozmístění přístrojových zdravotnických prostředků a kapacit hrazených z veřejného zdravotního pojištění","STANOVISKO Krajská zdravotní a.s., Masarykova nemocnice Ústí nad Labem - upgrade robotického systému Excelsius GPS - obnova","https://ppo.mzcr.cz/upload/files/jednani-26-10-2022-nove-kapacity-obnovy-stanovisko-krajska-zdravotni-a-s-masarykova-nemocnice-usti-nad-labem-upgrade-robotickeho-systemu-excelsius-gps-obnova-6384cce649596.pdf",241727
66,"Komise pro posuzování rozmístění přístrojových zdravotnických prostředků a kapacit hrazených z veřejného zdravotního pojištění","STANOVISKO Nemocnice Nymburk, s.r.o. - MR 1,5T - nová kapacita","https://ppo.mzcr.cz/upload/files/jednani-26-10-2022-nove-kapacity-obnovy-stanovisko-nemocnice-nymburk-s-r-o-mr-1-5t-nova-kapacita-6384ccef035f4.pdf",211851
66,"Komise pro posuzování rozmístění přístrojových zdravotnických prostředků a kapacit hrazených z veřejného zdravotního pojištění","STANOVISKO Nemocnice Prachatice a.s. - MR 1,5T - nová kapacita","https://ppo.mzcr.cz/upload/files/jednani-26-10-2022-nove-kapacity-obnovy-stanovisko-nemocnice-prachatice-a-s-mr-1-5t-nova-kapacita-6384cd01c1055.pdf",210545
66,"Komise pro posuzování rozmístění přístrojových zdravotnických prostředků a kapacit hrazených z veřejného zdravotního pojištění","STANOVISKO Neurofyzionet spol. s r.o. - MR 0,55T - nová kapacita","https://ppo.mzcr.cz/upload/files/jednani-26-10-2022-nove-kapacity-obnovy-stanovisko-neurofyzionet-spol-s-r-o-mr-0-55t-nova-kapacita-6384cd0e0412d.pdf",216144
66,"Komise pro posuzování rozmístění přístrojových zdravotnických prostředků a kapacit hrazených z veřejného zdravotního pojištění","STANOVISKO NH Hospital a.s., Nemocnice Hořovice - MR 1,5T - nová kapacita","https://ppo.mzcr.cz/upload/files/jednani-26-10-2022-nove-kapacity-obnovy-stanovisko-nh-hospital-a-s-nemocnice-horovice-mr-1-5t-nova-kapacita-6384cd16b84ed.pdf",238494
66,"Komise pro posuzování rozmístění přístrojových zdravotnických prostředků a kapacit hrazených z veřejného zdravotního pojištění","STANOVISKO NH Hospital a.s., Nemocnice Hořovice - systém pro robotickou chirurgii - nová kapacita","https://ppo.mzcr.cz/upload/files/jednani-26-10-2022-nove-kapacity-obnovy-stanovisko-nh-hospital-a-s-nemocnice-horovice-system-pro-robotickou-chirurgii-nova-kapacita-6384cd1f7d2e5.pdf",239990
66,"Komise pro posuzování rozmístění přístrojových zdravotnických prostředků a kapacit hrazených z veřejného zdravotního pojištění","STANOVISKO Oblastní nemocnice Jičín a.s. - chromatograf s hmotnostní detekcí - nová kapacita","https://ppo.mzcr.cz/upload/files/jednani-26-10-2022-nove-kapacity-obnovy-stanovisko-oblastni-nemocnice-jicin-a-s-chromatograf-s-hmotnostni-detekci-nova-kapacita-6384cd28d3367.pdf",233099
66,"Komise pro posuzování rozmístění přístrojových zdravotnických prostředků a kapacit hrazených z veřejného zdravotního pojištění","STANOVISKO Ostravská univerzita - MR 1,5T - nová kapacita","https://ppo.mzcr.cz/upload/files/jednani-26-10-2022-nove-kapacity-obnovy-stanovisko-ostravska-univerzita-mr-1-5t-nova-kapacita-6384cd32dd1ae.pdf",237035
66,"Komise pro posuzování rozmístění přístrojových zdravotnických prostředků a kapacit hrazených z veřejného zdravotního pojištění","STANOVISKO SAGENA s.r.o. - MR 1,5T - nová kapacita","https://ppo.mzcr.cz/upload/files/jednani-26-10-2022-nove-kapacity-obnovy-stanovisko-sagena-s-r-o-mr-1-5t-nova-kapacita-6384cd3abbb94.pdf",208003
66,"Komise pro posuzování rozmístění přístrojových zdravotnických prostředků a kapacit hrazených z veřejného zdravotního pojištění","STANOVISKO AGEL Středomoravská nemocniční, a.s. - mamograf - nová kapacita","https://ppo.mzcr.cz/upload/files/jednani-22-6-2022-nove-kapacity-obnovy-stanovisko-agel-stredomoravska-nemocnicni-a-s-mamograf-nova-kapacita-62e4f7bba6e42.pdf",239432
66,"Komise pro posuzování rozmístění přístrojových zdravotnických prostředků a kapacit hrazených z veřejného zdravotního pojištění","STANOVISKO Fakultní nemocnice Bulovka - CT - obnova","https://ppo.mzcr.cz/upload/files/jednani-22-6-2022-nove-kapacity-obnovy-stanovisko-fakultni-nemocnice-bulovka-ct-obnova-62e4f7c6437eb.pdf",237388
66,"Komise pro posuzování rozmístění přístrojových zdravotnických prostředků a kapacit hrazených z veřejného zdravotního pojištění","STANOVISKO Fakultní nemocnice Bulovka - mamograf - obnova","https://ppo.mzcr.cz/upload/files/jednani-22-6-2022-nove-kapacity-obnovy-stanovisko-fakultni-nemocnice-bulovka-mamograf-obnova-62e4f7cf601af.pdf",238195
66,"Komise pro posuzování rozmístění přístrojových zdravotnických prostředků a kapacit hrazených z veřejného zdravotního pojištění","STANOVISKO Fakultní nemocnice Bulovka - MR 1,5T - obnova","https://ppo.mzcr.cz/upload/files/jednani-22-6-2022-nove-kapacity-obnovy-stanovisko-fakultni-nemocnice-bulovka-mr-1-5t-obnova-62e4f7e519191.pdf",238486
66,"Komise pro posuzování rozmístění přístrojových zdravotnických prostředků a kapacit hrazených z veřejného zdravotního pojištění","STANOVISKO Fakultní nemocnice Bulovka - MR 3T - obnova","https://ppo.mzcr.cz/upload/files/jednani-22-6-2022-nove-kapacity-obnovy-stanovisko-fakultni-nemocnice-bulovka-mr-3t-obnova-62e4f7f0e8615.pdf",239799
66,"Komise pro posuzování rozmístění přístrojových zdravotnických prostředků a kapacit hrazených z veřejného zdravotního pojištění","STANOVISKO Fakultní nemocnice Hradec Králové - litotryptor - obnova","https://ppo.mzcr.cz/upload/files/jednani-22-6-2022-nove-kapacity-obnovy-stanovisko-fakultni-nemocnice-hradec-kralove-litotryptor-obnova-62e4f7fc4caf1.pdf",235406
66,"Komise pro posuzování rozmístění přístrojových zdravotnických prostředků a kapacit hrazených z veřejného zdravotního pojištění","STANOVISKO Fakultní nemocnice Hradec Králové - sekvenátor NGS - obnova","https://ppo.mzcr.cz/upload/files/jednani-22-6-2022-nove-kapacity-obnovy-stanovisko-fakultni-nemocnice-hradec-kralove-sekvenator-ngs-obnova-62e4f8095d505.pdf",239061
66,"Komise pro posuzování rozmístění přístrojových zdravotnických prostředků a kapacit hrazených z veřejného zdravotního pojištění","STANOVISKO Fakultní nemocnice Královské Vinohrady - CT - nová kapacita","https://ppo.mzcr.cz/upload/files/jednani-22-6-2022-nove-kapacity-obnovy-stanovisko-fakultni-nemocnice-kralovske-vinohrady-ct-nova-kapacita-62e4f813c610a.pdf",242454
66,"Komise pro posuzování rozmístění přístrojových zdravotnických prostředků a kapacit hrazených z veřejného zdravotního pojištění","STANOVISKO Fakultní nemocnice Královské Vinohrady - MR 3T - nová kapacita","https://ppo.mzcr.cz/upload/files/jednani-22-6-2022-nove-kapacity-obnovy-stanovisko-fakultni-nemocnice-kralovske-vinohrady-mr-3t-nova-kapacita-62e4f83f9e40b.pdf",248347
66,"Komise pro posuzování rozmístění přístrojových zdravotnických prostředků a kapacit hrazených z veřejného zdravotního pojištění","STANOVISKO Fakultní nemocnice Královské Vinohrady - operační mikroskop - obnova","https://ppo.mzcr.cz/upload/files/jednani-22-6-2022-nove-kapacity-obnovy-stanovisko-fakultni-nemocnice-kralovske-vinohrady-operacni-mikroskop-obnova-62e4f85d6cb1e.pdf",236828
66,"Komise pro posuzování rozmístění přístrojových zdravotnických prostředků a kapacit hrazených z veřejného zdravotního pojištění","STANOVISKO Fakultní nemocnice Královské Vinohrady - terapeutický ozařovač (Tomo Therapy) - obnova","https://ppo.mzcr.cz/upload/files/jednani-22-6-2022-nove-kapacity-obnovy-stanovisko-fakultni-nemocnice-kralovske-vinohrady-terapeuticky-ozarovac-tomo-therapy-obnova-62e4f867c87f5.pdf",239754
66,"Komise pro posuzování rozmístění přístrojových zdravotnických prostředků a kapacit hrazených z veřejného zdravotního pojištění","STANOVISKO Fakultní nemocnice Ostrava - NGS sekvenátor - nová kapacita","https://ppo.mzcr.cz/upload/files/jednani-22-6-2022-nove-kapacity-obnovy-stanovisko-fakultni-nemocnice-ostrava-ngs-sekvenator-nova-kapacita-62e4f87474bb5.pdf",237878
66,"Komise pro posuzování rozmístění přístrojových zdravotnických prostředků a kapacit hrazených z veřejného zdravotního pojištění","STANOVISKO Fakultní nemocnice Plzeň - CT - obnova","https://ppo.mzcr.cz/upload/files/jednani-22-6-2022-nove-kapacity-obnovy-stanovisko-fakultni-nemocnice-plzen-ct-obnova-62e4f8806c760.pdf",237247
66,"Komise pro posuzování rozmístění přístrojových zdravotnických prostředků a kapacit hrazených z veřejného zdravotního pojištění","STANOVISKO Fakultní nemocnice Plzeň - MR 3T - obnova","https://ppo.mzcr.cz/upload/files/jednani-22-6-2022-nove-kapacity-obnovy-stanovisko-fakultni-nemocnice-plzen-mr-3t-obnova-62e4f88b617de.pdf",239192
66,"Komise pro posuzování rozmístění přístrojových zdravotnických prostředků a kapacit hrazených z veřejného zdravotního pojištění","STANOVISKO Fakultní nemocnice u sv. Anny v Brně - MR 3T - obnova","https://ppo.mzcr.cz/upload/files/jednani-22-6-2022-nove-kapacity-obnovy-stanovisko-fakultni-nemocnice-u-sv-anny-v-brne-mr-3t-obnova-62e4f8a5ba4c0.pdf",240530
66,"Komise pro posuzování rozmístění přístrojových zdravotnických prostředků a kapacit hrazených z veřejného zdravotního pojištění","STANOVISKO Fakultní nemocnice u sv. Anny v Brně - spinální endoskopický systém pro neurochirurgii - nová kapacita","https://ppo.mzcr.cz/upload/files/jednani-22-6-2022-nove-kapacity-obnovy-stanovisko-fakultni-nemocnice-u-sv-anny-v-brne-spinalni-endoskopicky-system-pro-neurochirurgii-nova-kapacita-62e4f8b1cf6b8.pdf",240722
66,"Komise pro posuzování rozmístění přístrojových zdravotnických prostředků a kapacit hrazených z veřejného zdravotního pojištění","STANOVISKO Fakultní nemocnice v Motole - robotický chirurgický systém - nová kapacita","https://ppo.mzcr.cz/upload/files/jednani-22-6-2022-nove-kapacity-obnovy-stanovisko-fakultni-nemocnice-v-motole-roboticky-chirurgicky-system-nova-kapacita-62e4f8bc72bf9.pdf",235779
66,"Komise pro posuzování rozmístění přístrojových zdravotnických prostředků a kapacit hrazených z veřejného zdravotního pojištění","STANOVISKO IKEM - angiografický systém pro intervenční kardiologii (2 ks) - nová kapacita","https://ppo.mzcr.cz/upload/files/jednani-22-6-2022-nove-kapacity-obnovy-stanovisko-ikem-angiograficky-system-pro-intervencni-kardiologii-2-ks-nova-kapacita-62e4f8e0bfcf7.pdf",240606
66,"Komise pro posuzování rozmístění přístrojových zdravotnických prostředků a kapacit hrazených z veřejného zdravotního pojištění","STANOVISKO IKEM - buněčný sorter - nová kapacita","https://ppo.mzcr.cz/upload/files/jednani-22-6-2022-nove-kapacity-obnovy-stanovisko-ikem-bunecny-sorter-nova-kapacita-62e4f8fa7136a.pdf",242097
66,"Komise pro posuzování rozmístění přístrojových zdravotnických prostředků a kapacit hrazených z veřejného zdravotního pojištění","STANOVISKO IKEM - záznamové zařízení pro 3 arytmologické sály - obnova","https://ppo.mzcr.cz/upload/files/jednani-22-6-2022-nove-kapacity-obnovy-stanovisko-ikem-zaznamove-zarizeni-pro-3-arytmologicke-saly-obnova-62e4f93125c7a.pdf",240293
66,"Komise pro posuzování rozmístění přístrojových zdravotnických prostředků a kapacit hrazených z veřejného zdravotního pojištění","STANOVISKO Kardiologické centrum AGEL, a.s., Pardubice - mobilní RTG přístroj s C-ramenem - obnova","https://ppo.mzcr.cz/upload/files/jednani-22-6-2022-nove-kapacity-obnovy-stanovisko-kardiologicke-centrum-agel-a-s-pardubice-mobilni-rtg-pristroj-s-c-ramenem-obnova-62e4f94801edc.pdf",238146
66,"Komise pro posuzování rozmístění přístrojových zdravotnických prostředků a kapacit hrazených z veřejného zdravotního pojištění","STANOVISKO Krajská zdravotní, a.s., Ústí nad Labem - angiografický RTG komplet pro kardiologii - nová kapacita","https://ppo.mzcr.cz/upload/files/jednani-22-6-2022-nove-kapacity-obnovy-stanovisko-krajska-zdravotni-a-s-usti-nad-labem-angiograficky-rtg-komplet-pro-kardiologii-nova-kapacita-62e4f952a6ec4.pdf",242492
66,"Komise pro posuzování rozmístění přístrojových zdravotnických prostředků a kapacit hrazených z veřejného zdravotního pojištění","STANOVISKO Krajská zdravotní, a.s., Ústí nad Labem - angiografický RTG komplet pro kardiologii - obnova","https://ppo.mzcr.cz/upload/files/jednani-22-6-2022-nove-kapacity-obnovy-stanovisko-krajska-zdravotni-a-s-usti-nad-labem-angiograficky-rtg-komplet-pro-kardiologii-obnova-62e4f9604ddad.pdf",238255
66,"Komise pro posuzování rozmístění přístrojových zdravotnických prostředků a kapacit hrazených z veřejného zdravotního pojištění","STANOVISKO Krajská zdravotní, a.s., Ústí nad Labem - angiografický RTG systém operační sál - nová kapacita","https://ppo.mzcr.cz/upload/files/jednani-22-6-2022-nove-kapacity-obnovy-stanovisko-krajska-zdravotni-a-s-usti-nad-labem-angiograficky-rtg-system-operacni-sal-nova-kapacita-62e4f98548a16.pdf",239730
66,"Komise pro posuzování rozmístění přístrojových zdravotnických prostředků a kapacit hrazených z veřejného zdravotního pojištění","STANOVISKO Krajská zdravotní, a.s., Ústí nad Labem - CT operační sál - nová kapacita","https://ppo.mzcr.cz/upload/files/jednani-22-6-2022-nove-kapacity-obnovy-stanovisko-krajska-zdravotni-a-s-usti-nad-labem-ct-operacni-sal-nova-kapacita-62e4f9918dac6.pdf",243640
66,"Komise pro posuzování rozmístění přístrojových zdravotnických prostředků a kapacit hrazených z veřejného zdravotního pojištění","STANOVISKO Krajská zdravotní, a.s., Ústí nad Labem - MR operační sál - nová kapacita","https://ppo.mzcr.cz/upload/files/jednani-22-6-2022-nove-kapacity-obnovy-stanovisko-krajska-zdravotni-a-s-usti-nad-labem-mr-operacni-sal-nova-kapacita-62e4f9aaa3bb4.pdf",240561
66,"Komise pro posuzování rozmístění přístrojových zdravotnických prostředků a kapacit hrazených z veřejného zdravotního pojištění","STANOVISKO Masarykův onkologický ústav - ozařovač pro radioterapii řízenou obrazem MR - obnova","https://ppo.mzcr.cz/upload/files/jednani-22-6-2022-nove-kapacity-obnovy-stanovisko-masarykuv-onkologicky-ustav-ozarovac-pro-radioterapii-rizenou-obrazem-mr-obnova-62e4f9b32e0e0.pdf",245480
66,"Komise pro posuzování rozmístění přístrojových zdravotnických prostředků a kapacit hrazených z veřejného zdravotního pojištění","STANOVISKO Nemocnice AGEL Nový Jičín, a.s. - robotický operační systém - nová kapacita","https://ppo.mzcr.cz/upload/files/jednani-22-6-2022-nove-kapacity-obnovy-stanovisko-nemocnice-agel-novy-jicin-a-s-roboticky-operacni-system-nova-kapacita-62e4f9ccefb89.pdf",241585
66,"Komise pro posuzování rozmístění přístrojových zdravotnických prostředků a kapacit hrazených z veřejného zdravotního pojištění","STANOVISKO Nemocnice České Budějovice, a.s. - analyzátor - obnova","https://ppo.mzcr.cz/upload/files/jednani-22-6-2022-nove-kapacity-obnovy-stanovisko-nemocnice-ceske-budejovice-a-s-analyzator-obnova-62e4f9e063050.pdf",238494
66,"Komise pro posuzování rozmístění přístrojových zdravotnických prostředků a kapacit hrazených z veřejného zdravotního pojištění","STANOVISKO Nemocnice Havířov, p.o. - robotický chirurgický systém - nová kapacita","https://ppo.mzcr.cz/upload/files/jednani-22-6-2022-nove-kapacity-obnovy-stanovisko-nemocnice-havirov-p-o-roboticky-chirurgicky-system-nova-kapacita-62e4f9ed7c13a.pdf",241977
66,"Komise pro posuzování rozmístění přístrojových zdravotnických prostředků a kapacit hrazených z veřejného zdravotního pojištění","STANOVISKO Nemocnice Jablonec nad Nisou, p.o. - MR 1,5T - nová kapacita","https://ppo.mzcr.cz/upload/files/jednani-22-6-2022-nove-kapacity-obnovy-stanovisko-nemocnice-jablonec-nad-nisou-p-o-mr-1-5t-nova-kapacita-62e4f9f975218.pdf",244624
66,"Komise pro posuzování rozmístění přístrojových zdravotnických prostředků a kapacit hrazených z veřejného zdravotního pojištění","STANOVISKO Nemocnice Na Homolce - mobilní intraoperační zobrazovací systém - obnova","https://ppo.mzcr.cz/upload/files/jednani-22-6-2022-nove-kapacity-obnovy-stanovisko-nemocnice-na-homolce-mobilni-intraoperacni-zobrazovaci-system-obnova-62e4fa060e797.pdf",210274
66,"Komise pro posuzování rozmístění přístrojových zdravotnických prostředků a kapacit hrazených z veřejného zdravotního pojištění","STANOVISKO Nemocnice Na Homolce - MR 1,5T upgrade-obnova","https://ppo.mzcr.cz/upload/files/jednani-22-6-2022-nove-kapacity-obnovy-stanovisko-nemocnice-na-homolce-mr-1-5t-upgrade-obnova-62e4fa1329ddc.pdf",208454
66,"Komise pro posuzování rozmístění přístrojových zdravotnických prostředků a kapacit hrazených z veřejného zdravotního pojištění","STANOVISKO Nemocnice Na Homolce - ozařovací systém ZAP X - nová kapacita","https://ppo.mzcr.cz/upload/files/jednani-22-6-2022-nove-kapacity-obnovy-stanovisko-nemocnice-na-homolce-ozarovaci-system-zap-x-nova-kapacita-62e4fa2390c8c.pdf",214973
66,"Komise pro posuzování rozmístění přístrojových zdravotnických prostředků a kapacit hrazených z veřejného zdravotního pojištění","STANOVISKO Nemocnice Na Homolce - skiagraficko-skiaskopická sklopná stěna - obnova","https://ppo.mzcr.cz/upload/files/jednani-22-6-2022-nove-kapacity-obnovy-stanovisko-nemocnice-na-homolce-skiagraficko-skiaskopicka-sklopna-stena-obnova-62e4fa2d235b3.pdf",208293
66,"Komise pro posuzování rozmístění přístrojových zdravotnických prostředků a kapacit hrazených z veřejného zdravotního pojištění","STANOVISKO Nemocnice Pardubického kraje, a.s. - CT Ústí nad Orlicí - nová kapacita","https://ppo.mzcr.cz/upload/files/jednani-22-6-2022-nove-kapacity-obnovy-stanovisko-nemocnice-pardubickeho-kraje-a-s-ct-usti-nad-orlici-nova-kapacita-62e4fa3f08950.pdf",237689
66,"Komise pro posuzování rozmístění přístrojových zdravotnických prostředků a kapacit hrazených z veřejného zdravotního pojištění","STANOVISKO Nemocnice TGM Hodonín, p.o. - CT - obnova","https://ppo.mzcr.cz/upload/files/jednani-22-6-2022-nove-kapacity-obnovy-stanovisko-nemocnice-tgm-hodonin-p-o-ct-obnova-62e4fa495592f.pdf",238473
66,"Komise pro posuzování rozmístění přístrojových zdravotnických prostředků a kapacit hrazených z veřejného zdravotního pojištění","STANOVISKO Oblastní nemocnice Jičín, a.s. - MR 1,5T - nová kapacita","https://ppo.mzcr.cz/upload/files/jednani-22-6-2022-nove-kapacity-obnovy-stanovisko-oblastni-nemocnice-jicin-a-s-mr-1-5t-nova-kapacita-62e4fa5d38f8a.pdf",239030
66,"Komise pro posuzování rozmístění přístrojových zdravotnických prostředků a kapacit hrazených z veřejného zdravotního pojištění","STANOVISKO Oblastní nemocnice Náchod, a.s. - CT Rychnov nad Kněžnou - nová kapacita","https://ppo.mzcr.cz/upload/files/jednani-22-6-2022-nove-kapacity-obnovy-stanovisko-oblastni-nemocnice-nachod-a-s-ct-rychnov-nad-kneznou-nova-kapacita-62e4fa66d463f.pdf",243883
66,"Komise pro posuzování rozmístění přístrojových zdravotnických prostředků a kapacit hrazených z veřejného zdravotního pojištění","STANOVISKO Ústřední vojenská nemocnice - robotický operační systém - nová kapacita","https://ppo.mzcr.cz/upload/files/jednani-22-6-2022-nove-kapacity-obnovy-stanovisko-ustredni-vojenska-nemocnice-roboticky-operacni-system-nova-kapacita-62e4fa6f988ba.pdf",243405
66,"Komise pro posuzování rozmístění přístrojových zdravotnických prostředků a kapacit hrazených z veřejného zdravotního pojištění","STANOVISKO Affidea Praha s.r.o. - MR 1,5T - obnova-upgrade","https://ppo.mzcr.cz/upload/files/jednani-23-3-2022-nove-kapacity-obnovy-stanovisko-affidea-praha-s-r-o-mr-1-5t-obnova-upgrade-6266b691f29d0.pdf",396390
66,"Komise pro posuzování rozmístění přístrojových zdravotnických prostředků a kapacit hrazených z veřejného zdravotního pojištění","STANOVISKO Dopravní zdravotnictví a.s. - MR 1,5T - nová kapacita","https://ppo.mzcr.cz/upload/files/jednani-23-3-2022-nove-kapacity-obnovy-stanovisko-dopravni-zdravotnictvi-a-s-mr-1-5t-nova-kapacita-6266b69ee06f8.pdf",658460
66,"Komise pro posuzování rozmístění přístrojových zdravotnických prostředků a kapacit hrazených z veřejného zdravotního pojištění","STANOVISKO Endokrinologický ústav - chromatograf s hmotnostní detekcí - nová kapacita","https://ppo.mzcr.cz/upload/files/jednani-23-3-2022-nove-kapacity-obnovy-stanovisko-endokrinologicky-ustav-chromatograf-s-hmotnostni-detekci-nova-kapacita-6266b6ad0a3a1.pdf",694116
66,"Komise pro posuzování rozmístění přístrojových zdravotnických prostředků a kapacit hrazených z veřejného zdravotního pojištění","STANOVISKO EUC Klinika České Budějovice, s.r.o. - CT - obnova","https://ppo.mzcr.cz/upload/files/jednani-23-3-2022-nove-kapacity-obnovy-stanovisko-euc-klinika-ceske-budejovice-s-r-o-ct-obnova-6266b6b78a7ad.pdf",518256
66,"Komise pro posuzování rozmístění přístrojových zdravotnických prostředků a kapacit hrazených z veřejného zdravotního pojištění","STANOVISKO EUC Klinika Liberec, s.r.o. - MR 1,5T - nová kapacita","https://ppo.mzcr.cz/upload/files/jednani-23-3-2022-nove-kapacity-obnovy-stanovisko-euc-klinika-liberec-s-r-o-mr-1-5t-nova-kapacita-6266b6c6ded06.pdf",705314
66,"Komise pro posuzování rozmístění přístrojových zdravotnických prostředků a kapacit hrazených z veřejného zdravotního pojištění","STANOVISKO Fakultní nemocnice Bulovka - robotický operační systém - nová kapacita","https://ppo.mzcr.cz/upload/files/jednani-23-3-2022-nove-kapacity-obnovy-stanovisko-fakultni-nemocnice-bulovka-roboticky-operacni-system-nova-kapacita-6266b6fc6612c.pdf",716850
66,"Komise pro posuzování rozmístění přístrojových zdravotnických prostředků a kapacit hrazených z veřejného zdravotního pojištění","STANOVISKO Fakultní nemocnice Olomouc - operační mikroskop - obnova","https://ppo.mzcr.cz/upload/files/jednani-23-3-2022-nove-kapacity-obnovy-stanovisko-fakultni-nemocnice-olomouc-operacni-mikroskop-obnova-6266b7063c69d.pdf",624103
66,"Komise pro posuzování rozmístění přístrojových zdravotnických prostředků a kapacit hrazených z veřejného zdravotního pojištění","STANOVISKO Fakultní nemocnice u sv. Anny v Brně - endoskopický ultrasonograf - obnova","https://ppo.mzcr.cz/upload/files/jednani-23-3-2022-nove-kapacity-obnovy-stanovisko-fakultni-nemocnice-u-sv-anny-v-brne-endoskopicky-ultrasonograf-obnova-6266b7103b74e.pdf",578610
66,"Komise pro posuzování rozmístění přístrojových zdravotnických prostředků a kapacit hrazených z veřejného zdravotního pojištění","STANOVISKO Fakultní nemocnice u sv. Anny v Brně - robotický operační systém - nová kapacita","https://ppo.mzcr.cz/upload/files/jednani-23-3-2022-nove-kapacity-obnovy-stanovisko-fakultni-nemocnice-u-sv-anny-v-brne-roboticky-operacni-system-nova-kapacita-6266b71b3e389.pdf",527006
66,"Komise pro posuzování rozmístění přístrojových zdravotnických prostředků a kapacit hrazených z veřejného zdravotního pojištění","STANOVISKO Fakultní Thomayerova nemocnice - lineární urychlovač - obnova","https://ppo.mzcr.cz/upload/files/jednani-23-3-2022-nove-kapacity-obnovy-stanovisko-fakultni-thomayerova-nemocnice-linearni-urychlovac-obnova-6266b7260da09.pdf",443416
66,"Komise pro posuzování rozmístění přístrojových zdravotnických prostředků a kapacit hrazených z veřejného zdravotního pojištění","STANOVISKO Fakultní Thomayerova nemocnice - plánovací a verifikační systém - obnova","https://ppo.mzcr.cz/upload/files/jednani-23-3-2022-nove-kapacity-obnovy-stanovisko-fakultni-thomayerova-nemocnice-planovaci-a-verifikacni-system-obnova-6266b7323ac6a.pdf",424693
66,"Komise pro posuzování rozmístění přístrojových zdravotnických prostředků a kapacit hrazených z veřejného zdravotního pojištění","STANOVISKO FN Brno - chirurgický robotický systém - nová kapacita","https://ppo.mzcr.cz/upload/files/jednani-23-3-2022-nove-kapacity-obnovy-stanovisko-fn-brno-chirurgicky-roboticky-system-nova-kapacita-6266b73eb51af.pdf",695811
66,"Komise pro posuzování rozmístění přístrojových zdravotnických prostředků a kapacit hrazených z veřejného zdravotního pojištění","STANOVISKO Institut klinické a experimentální medicíny - angiografický přístroj - obnova","https://ppo.mzcr.cz/upload/files/jednani-23-3-2022-nove-kapacity-obnovy-stanovisko-institut-klinicke-a-experimentalni-mediciny-angiograficky-pristroj-obnova-6266b74c950eb.pdf",623411
66,"Komise pro posuzování rozmístění přístrojových zdravotnických prostředků a kapacit hrazených z veřejného zdravotního pojištění","STANOVISKO Institut klinické a experimentální medicíny - systém pro robotickou laparoskopii - nová kapacita","https://ppo.mzcr.cz/upload/files/jednani-23-3-2022-nove-kapacity-obnovy-stanovisko-institut-klinicke-a-experimentalni-mediciny-system-pro-robotickou-laparoskopii-nova-kapacita-6266b761ede88.pdf",511402
66,"Komise pro posuzování rozmístění přístrojových zdravotnických prostředků a kapacit hrazených z veřejného zdravotního pojištění","STANOVISKO Kardiologie na Bulovce, s.r.o. - kardioangiografický přístroj (2 ks) - obnova","https://ppo.mzcr.cz/upload/files/jednani-23-3-2022-nove-kapacity-obnovy-stanovisko-kardiologie-na-bulovce-s-r-o-kardioangiograficky-pristroj-2-ks-obnova-6266b78a974bb.pdf",434072
66,"Komise pro posuzování rozmístění přístrojových zdravotnických prostředků a kapacit hrazených z veřejného zdravotního pojištění","STANOVISKO MEDIAG PB, s.r.o. - mamograf - obnova","https://ppo.mzcr.cz/upload/files/jednani-23-3-2022-nove-kapacity-obnovy-stanovisko-mediag-pb-s-r-o-mamograf-obnova-6266b793bad4b.pdf",390539
66,"Komise pro posuzování rozmístění přístrojových zdravotnických prostředků a kapacit hrazených z veřejného zdravotního pojištění","STANOVISKO MEDICON Services s.r.o. - CT - obnova","https://ppo.mzcr.cz/upload/files/jednani-23-3-2022-nove-kapacity-obnovy-stanovisko-medicon-services-s-r-o-ct-obnova-6266b7a17cbb3.pdf",353231
66,"Komise pro posuzování rozmístění přístrojových zdravotnických prostředků a kapacit hrazených z veřejného zdravotního pojištění","STANOVISKO Městská nemocnice Ostrava, příspěvková oranizace - kardioangiografický komplet pro arytmologii - obnova","https://ppo.mzcr.cz/upload/files/jednani-23-3-2022-nove-kapacity-obnovy-stanovisko-mestska-nemocnice-ostrava-prispevkova-oranizace-kardioangiograficky-komplet-pro-arytmologii-obnova-6266b7ab3f686.pdf",434186
66,"Komise pro posuzování rozmístění přístrojových zdravotnických prostředků a kapacit hrazených z veřejného zdravotního pojištění","STANOVISKO Nemocnice Jindřichův Hradec, a.s. - automatický systém pro centrální podávání léků - nová kapacita","https://ppo.mzcr.cz/upload/files/jednani-23-3-2022-nove-kapacity-obnovy-stanovisko-nemocnice-jindrichuv-hradec-a-s-automaticky-system-pro-centralni-podavani-leku-nova-kapacita-6266b7bf04184.pdf",569402
66,"Komise pro posuzování rozmístění přístrojových zdravotnických prostředků a kapacit hrazených z veřejného zdravotního pojištění","STANOVISKO Nemocnice Kadaň, s.r.o. - skiagraf (2ks) - obnova","https://ppo.mzcr.cz/upload/files/jednani-23-3-2022-nove-kapacity-obnovy-stanovisko-nemocnice-kadan-s-r-o-skiagraf-2ks-obnova-6266b7cda4c4b.pdf",568845
66,"Komise pro posuzování rozmístění přístrojových zdravotnických prostředků a kapacit hrazených z veřejného zdravotního pojištění","STANOVISKO Nemocnice Na Homolce - přístroj pro mimotělní oběh - obnova","https://ppo.mzcr.cz/upload/files/jednani-23-3-2022-nove-kapacity-obnovy-stanovisko-nemocnice-na-homolce-pristroj-pro-mimotelni-obeh-obnova-6266b7ef12244.pdf",412098
66,"Komise pro posuzování rozmístění přístrojových zdravotnických prostředků a kapacit hrazených z veřejného zdravotního pojištění","STANOVISKO Nemocnice Slaný - videoendoskopická sestava - obnova","https://ppo.mzcr.cz/upload/files/jednani-23-3-2022-nove-kapacity-obnovy-stanovisko-nemocnice-slany-videoendoskopicka-sestava-obnova-6266b8538ebf5.pdf",579122
66,"Komise pro posuzování rozmístění přístrojových zdravotnických prostředků a kapacit hrazených z veřejného zdravotního pojištění","STANOVISKO Nemocnice Tábor a.s. - skiaskopicko-skiagrafický komplet s C-ramenem - obnova","https://ppo.mzcr.cz/upload/files/jednani-23-3-2022-nove-kapacity-obnovy-stanovisko-nemocnice-tabor-a-s-skiaskopicko-skiagraficky-komplet-s-c-ramenem-obnova-6266b867dd20d.pdf",688168
66,"Komise pro posuzování rozmístění přístrojových zdravotnických prostředků a kapacit hrazených z veřejného zdravotního pojištění","STANOVISKO Radioterapie Holešov, s.r.o. - lineární urychlovač - nová kapacita","https://ppo.mzcr.cz/upload/files/jednani-23-3-2022-nove-kapacity-obnovy-stanovisko-radioterapie-holesov-s-r-o-linearni-urychlovac-nova-kapacita-6266b87100157.pdf",647471
66,"Komise pro posuzování rozmístění přístrojových zdravotnických prostředků a kapacit hrazených z veřejného zdravotního pojištění","STANOVISKO Všeobecná fakultní nemocnice v Praze - terapeutický ozařovač - nová kapacita","https://ppo.mzcr.cz/upload/files/jednani-23-3-2022-nove-kapacity-obnovy-stanovisko-vseobecna-fakultni-nemocnice-v-praze-terapeuticky-ozarovac-nova-kapacita-6266b88bbb139.pdf",470198
66,"Komise pro posuzování rozmístění přístrojových zdravotnických prostředků a kapacit hrazených z veřejného zdravotního pojištění","STANOVISKO AGEL Hornická poliklinika s.r.o. - MR 1,5T - nová kapacita","https://ppo.mzcr.cz/upload/files/jednani-videokonference-27-10-2021-nove-kapacity-obnovy-stanovisko-agel-hornicka-poliklinika-s-r-o-mr-1-5t-nova-kapacita-61aa292c46c96.pdf",537742
66,"Komise pro posuzování rozmístění přístrojových zdravotnických prostředků a kapacit hrazených z veřejného zdravotního pojištění","STANOVISKO FN Ostrava - angiografický komplet pro kardiologii - obnova","https://ppo.mzcr.cz/upload/files/jednani-videokonference-27-10-2021-nove-kapacity-obnovy-stanovisko-fn-ostrava-angiograficky-komplet-pro-kardiologii-obnova-61aa2950324d7.pdf",388705
66,"Komise pro posuzování rozmístění přístrojových zdravotnických prostředků a kapacit hrazených z veřejného zdravotního pojištění","STANOVISKO FN Plzeň - SPECT-CT - obnova","https://ppo.mzcr.cz/upload/files/jednani-videokonference-27-10-2021-nove-kapacity-obnovy-stanovisko-fn-plzen-spect-ct-obnova-61aa295e100e2.pdf",629047
66,"Komise pro posuzování rozmístění přístrojových zdravotnických prostředků a kapacit hrazených z veřejného zdravotního pojištění","STANOVISKO FN u sv. Anny v Brně - robotický operační systém - nová kapacita","https://ppo.mzcr.cz/upload/files/jednani-videokonference-27-10-2021-nove-kapacity-obnovy-stanovisko-fn-u-sv-anny-v-brne-roboticky-operacni-system-nova-kapacita-61aa2a8806137.pdf",494858
66,"Komise pro posuzování rozmístění přístrojových zdravotnických prostředků a kapacit hrazených z veřejného zdravotního pojištění","STANOVISKO Institut klinické a experimentální medicíny - přístroj pro mimotělní oběh - obnova","https://ppo.mzcr.cz/upload/files/jednani-videokonference-27-10-2021-nove-kapacity-obnovy-stanovisko-institut-klinicke-a-experimentalni-mediciny-pristroj-pro-mimotelni-obeh-obnova-61aa2a912bdc9.pdf",379768
66,"Komise pro posuzování rozmístění přístrojových zdravotnických prostředků a kapacit hrazených z veřejného zdravotního pojištění","STANOVISKO Institut klinické a experimentální medicíny - skiaskopicko-skiagrafický RTG přístroj s C-ramenem - obnova","https://ppo.mzcr.cz/upload/files/jednani-videokonference-27-10-2021-nove-kapacity-obnovy-stanovisko-institut-klinicke-a-experimentalni-mediciny-skiaskopicko-skiagraficky-rtg-pristroj-s-c-ramenem-obnova-61aa2a9da78b4.pdf",456048
66,"Komise pro posuzování rozmístění přístrojových zdravotnických prostředků a kapacit hrazených z veřejného zdravotního pojištění","STANOVISKO Klinika Dr. Pírka s.r.o. - MR 1,5T - nová kapacita","https://ppo.mzcr.cz/upload/files/jednani-videokonference-27-10-2021-nove-kapacity-obnovy-stanovisko-klinika-dr-pirka-s-r-o-mr-1-5t-nova-kapacita-61aa2aa80df5a.pdf",620799
66,"Komise pro posuzování rozmístění přístrojových zdravotnických prostředků a kapacit hrazených z veřejného zdravotního pojištění","STANOVISKO KZ a.s., Masarykova nemocnice Ústí nad Labem - hybridní sál - nová kapacita","https://ppo.mzcr.cz/upload/files/jednani-videokonference-27-10-2021-nove-kapacity-obnovy-stanovisko-kz-a-s-masarykova-nemocnice-usti-nad-labem-hybridni-sal-nova-kapacita-61aa2c5a8d9ed.pdf",1153755
66,"Komise pro posuzování rozmístění přístrojových zdravotnických prostředků a kapacit hrazených z veřejného zdravotního pojištění","STANOVISKO Nemocnice Český Krumlov a.s. - MR 1,5T - nová kapacita","https://ppo.mzcr.cz/upload/files/jednani-videokonference-27-10-2021-nove-kapacity-obnovy-stanovisko-nemocnice-cesky-krumlov-a-s-mr-1-5t-nova-kapacita-61aa2c68c4e66.pdf",573261
66,"Komise pro posuzování rozmístění přístrojových zdravotnických prostředků a kapacit hrazených z veřejného zdravotního pojištění","STANOVISKO Nemocnice Kyjov, p.o. - PET-CT - nová kapacita","https://ppo.mzcr.cz/upload/files/jednani-videokonference-27-10-2021-nove-kapacity-obnovy-stanovisko-nemocnice-kyjov-p-o-pet-ct-nova-kapacita-61aa2c76d71b4.pdf",613031
66,"Komise pro posuzování rozmístění přístrojových zdravotnických prostředků a kapacit hrazených z veřejného zdravotního pojištění","STANOVISKO Nemocnice Kyjov, p.o. - operační mikroskop - nová kapacita","https://ppo.mzcr.cz/upload/files/jednani-videokonference-27-10-2021-nove-kapacity-obnovy-stanovisko-nemocnice-kyjov-p-o-operacni-mikroskop-nova-kapacita-61aa2c84e6443.pdf",1182312
66,"Komise pro posuzování rozmístění přístrojových zdravotnických prostředků a kapacit hrazených z veřejného zdravotního pojištění","STANOVISKO Nemocnice Na Homolce - digitální operační mikroskop (neurochirurgie) - obnova","https://ppo.mzcr.cz/upload/files/jednani-videokonference-27-10-2021-nove-kapacity-obnovy-stanovisko-nemocnice-na-homolce-digitalni-operacni-mikroskop-neurochirurgie-obnova-61aa2d0a4e21b.pdf",545271
66,"Komise pro posuzování rozmístění přístrojových zdravotnických prostředků a kapacit hrazených z veřejného zdravotního pojištění","STANOVISKO NH Hospital a.s., Nemocnice Hořovice - systém pro robotickou chirurgii - nová kapacita","https://ppo.mzcr.cz/upload/files/jednani-videokonference-27-10-2021-nove-kapacity-obnovy-stanovisko-nh-hospital-a-s-nemocnice-horovice-system-pro-robotickou-chirurgii-nova-kapacita-61aa2d1d8680d.pdf",710715
66,"Komise pro posuzování rozmístění přístrojových zdravotnických prostředků a kapacit hrazených z veřejného zdravotního pojištění","STANOVISKO NsP Karviná-Ráj, p.o. - MR 1,5T - nová kapacita","https://ppo.mzcr.cz/upload/files/jednani-videokonference-27-10-2021-nove-kapacity-obnovy-stanovisko-nsp-karvina-raj-p-o-mr-1-5t-nova-kapacita-61aa2d65c22f5.pdf",677743
66,"Komise pro posuzování rozmístění přístrojových zdravotnických prostředků a kapacit hrazených z veřejného zdravotního pojištění","STANOVISKO PP Hospitals s.r.o., Nemocnice Brandýs nad Labem - CT - nová kapacita","https://ppo.mzcr.cz/upload/files/jednani-videokonference-27-10-2021-nove-kapacity-obnovy-stanovisko-pp-hospitals-s-r-o-nemocnice-brandys-nad-labem-ct-nova-kapacita-61aa2d7142d03.pdf",974405
66,"Komise pro posuzování rozmístění přístrojových zdravotnických prostředků a kapacit hrazených z veřejného zdravotního pojištění","STANOVISKO Ústřední vojenská nemocnice - skiagrafický RTG přístroj - obnova","https://ppo.mzcr.cz/upload/files/jednani-videokonference-27-10-2021-nove-kapacity-obnovy-stanovisko-ustredni-vojenska-nemocnice-skiagraficky-rtg-pristroj-obnova-61aa2d7f9c25a.pdf",555204
66,"Komise pro posuzování rozmístění přístrojových zdravotnických prostředků a kapacit hrazených z veřejného zdravotního pojištění","STANOVISKO Fakultní nemocnice Bulovka - preanalytická linka - nová kapacita","https://ppo.mzcr.cz/upload/files/jednani-videokonference-20-7-2021-nove-kapacity-obnovy-stanovisko-fakultni-nemocnice-bulovka-preanalyticka-linka-nova-kapacita-6137184f881b6.pdf",637994
66,"Komise pro posuzování rozmístění přístrojových zdravotnických prostředků a kapacit hrazených z veřejného zdravotního pojištění","STANOVISKO Fakultní nemocnice Královské Vinohrady - MR 1,5T - obnova","https://ppo.mzcr.cz/upload/files/jednani-videokonference-20-7-2021-nove-kapacity-obnovy-stanovisko-fakultni-nemocnice-kralovske-vinohrady-mr-1-5t-obnova-6137185a320c5.pdf",688573
66,"Komise pro posuzování rozmístění přístrojových zdravotnických prostředků a kapacit hrazených z veřejného zdravotního pojištění","STANOVISKO Masarykův onkologický ústav - RTG sklopná stěna s vertigrafem - obnova","https://ppo.mzcr.cz/upload/files/jednani-videokonference-20-7-2021-nove-kapacity-obnovy-stanovisko-masarykuv-onkologicky-ustav-rtg-sklopna-stena-s-vertigrafem-obnova-613718633dbbf.pdf",705745
66,"Komise pro posuzování rozmístění přístrojových zdravotnických prostředků a kapacit hrazených z veřejného zdravotního pojištění","STANOVISKO Proton Therapy Center Czech s.r.o. - PET-CT - obnova","https://ppo.mzcr.cz/upload/files/jednani-videokonference-20-7-2021-nove-kapacity-obnovy-stanovisko-proton-therapy-center-czech-s-r-o-pet-ct-obnova-6137186dee1f5.pdf",665501
66,"Komise pro posuzování rozmístění přístrojových zdravotnických prostředků a kapacit hrazených z veřejného zdravotního pojištění","STANOVISKO RDG centrum s.r.o., Rychnov nad Kněžnou - CT - obnova","https://ppo.mzcr.cz/upload/files/jednani-videokonference-20-7-2021-nove-kapacity-obnovy-stanovisko-rdg-centrum-s-r-o-rychnov-nad-kneznou-ct-obnova-61371880e4cce.pdf",405359
66,"Komise pro posuzování rozmístění přístrojových zdravotnických prostředků a kapacit hrazených z veřejného zdravotního pojištění","STANOVISKO SAGENA s.r.o. - MR 3T - nová kapacita","https://ppo.mzcr.cz/upload/files/jednani-videokonference-20-7-2021-nove-kapacity-obnovy-stanovisko-sagena-s-r-o-mr-3t-nova-kapacita-6137188f774b7.pdf",571040
66,"Komise pro posuzování rozmístění přístrojových zdravotnických prostředků a kapacit hrazených z veřejného zdravotního pojištění","STANOVISKO ÚVN - Vojenská fakultní nemocnice Praha - mobilní digitální chirurgický mikroskop - nová kapacita","https://ppo.mzcr.cz/upload/files/jednani-videokonference-20-7-2021-nove-kapacity-obnovy-stanovisko-uvn-vojenska-fakultni-nemocnice-praha-mobilni-digitalni-chirurgicky-mikroskop-nova-kapacita-6137189815805.pdf",559520
66,"Komise pro posuzování rozmístění přístrojových zdravotnických prostředků a kapacit hrazených z veřejného zdravotního pojištění","STANOVISKO Všeobecná fakultní nemocnice v Praze - CT - nová kapacita","https://ppo.mzcr.cz/upload/files/jednani-videokonference-20-7-2021-nove-kapacity-obnovy-stanovisko-vseobecna-fakultni-nemocnice-v-praze-ct-nova-kapacita-613718a1d980a.pdf",619607
66,"Komise pro posuzování rozmístění přístrojových zdravotnických prostředků a kapacit hrazených z veřejného zdravotního pojištění","STANOVISKO Všeobecná fakultní nemocnice v Praze - MR 3T - nová kapacita","https://ppo.mzcr.cz/upload/files/jednani-videokonference-20-7-2021-nove-kapacity-obnovy-stanovisko-vseobecna-fakultni-nemocnice-v-praze-mr-3t-nova-kapacita-613718ab40178.pdf",638261
66,"Komise pro posuzování rozmístění přístrojových zdravotnických prostředků a kapacit hrazených z veřejného zdravotního pojištění","STANOVISKO Fakultní nemocnice Plzeň - lineární urychlovač 4 ks - obnova","https://ppo.mzcr.cz/upload/files/jednani-per-rollam-24-26-5-2021-obnovy-stanovisko-fakultni-nemocnice-plzen-linearni-urychlovac-4-ks-obnova-60b3af5913207.pdf",620854
66,"Komise pro posuzování rozmístění přístrojových zdravotnických prostředků a kapacit hrazených z veřejného zdravotního pojištění","STANOVISKO Krajská zdravotní a.s. - terapeutický RTG přístroj - obnova","https://ppo.mzcr.cz/upload/files/jednani-per-rollam-24-26-5-2021-obnovy-stanovisko-krajska-zdravotni-a-s-terapeuticky-rtg-pristroj-obnova-60b3af6598f49.pdf",596397
66,"Komise pro posuzování rozmístění přístrojových zdravotnických prostředků a kapacit hrazených z veřejného zdravotního pojištění","STANOVISKO Všeobecná fakultní nemocnice v Praze - kardioSPECT - obnova","https://ppo.mzcr.cz/upload/files/jednani-per-rollam-24-26-5-2021-obnovy-stanovisko-vseobecna-fakultni-nemocnice-v-praze-kardiospect-obnova-60b3af7360392.pdf",407887
66,"Komise pro posuzování rozmístění přístrojových zdravotnických prostředků a kapacit hrazených z veřejného zdravotního pojištění","STANOVISKO AGEL Středomoravská nemocniční a.s. - nemocnice Šternberk - MR 1,5T","https://ppo.mzcr.cz/upload/files/jednani-videokonference-13-5-2021-nove-kapacity-obnovy-stanovisko-agel-stredomoravska-nemocnicni-a-s-nemocnice-sternberk-mr-1-5t-60a4c8046fb56.pdf",570634
66,"Komise pro posuzování rozmístění přístrojových zdravotnických prostředků a kapacit hrazených z veřejného zdravotního pojištění","STANOVISKO Fakultní nemocnice v Motole - sekvenátor","https://ppo.mzcr.cz/upload/files/jednani-videokonference-13-5-2021-nove-kapacity-obnovy-stanovisko-fakultni-nemocnice-v-motole-sekvenator-60a4c80d577a7.pdf",368247
66,"Komise pro posuzování rozmístění přístrojových zdravotnických prostředků a kapacit hrazených z veřejného zdravotního pojištění","STANOVISKO MEDITERRA s.r.o. - Rehabilitační klinika Malvazinky - ArmeoPower","https://ppo.mzcr.cz/upload/files/jednani-videokonference-13-5-2021-nove-kapacity-obnovy-stanovisko-mediterra-s-r-o-rehabilitacni-klinika-malvazinky-armeopower-60a4c81c3533d.pdf",677666
66,"Komise pro posuzování rozmístění přístrojových zdravotnických prostředků a kapacit hrazených z veřejného zdravotního pojištění","STANOVISKO Nemocnice Břeclav, p.o. - CT","https://ppo.mzcr.cz/upload/files/jednani-videokonference-13-5-2021-nove-kapacity-obnovy-stanovisko-nemocnice-breclav-p-o-ct-60a4c827a3cbc.pdf",554006
66,"Komise pro posuzování rozmístění přístrojových zdravotnických prostředků a kapacit hrazených z veřejného zdravotního pojištění","STANOVISKO Nemocnice České Budějovice, a.s. - sekvenátor","https://ppo.mzcr.cz/upload/files/jednani-videokonference-13-5-2021-nove-kapacity-obnovy-stanovisko-nemocnice-ceske-budejovice-a-s-sekvenator-60a4c83485539.pdf",448104
66,"Komise pro posuzování rozmístění přístrojových zdravotnických prostředků a kapacit hrazených z veřejného zdravotního pojištění","STANOVISKO Nemocnice Na Homolce - 3D-4D echokardiografický přístroj","https://ppo.mzcr.cz/upload/files/jednani-videokonference-13-5-2021-nove-kapacity-obnovy-stanovisko-nemocnice-na-homolce-3d-4d-echokardiograficky-pristroj-60a4c84707b2b.pdf",437605
66,"Komise pro posuzování rozmístění přístrojových zdravotnických prostředků a kapacit hrazených z veřejného zdravotního pojištění","STANOVISKO Nemocnice Pardubického kraje, a.s. - systém pro robotickou chirurgii","https://ppo.mzcr.cz/upload/files/jednani-videokonference-13-5-2021-nove-kapacity-obnovy-stanovisko-nemocnice-pardubickeho-kraje-a-s-system-pro-robotickou-chirurgii-60a4c85179afa.pdf",451410
66,"Komise pro posuzování rozmístění přístrojových zdravotnických prostředků a kapacit hrazených z veřejného zdravotního pojištění","STANOVISKO Nemocnice Vrchlabí, s.r.o. - CT","https://ppo.mzcr.cz/upload/files/jednani-videokonference-13-5-2021-nove-kapacity-obnovy-stanovisko-nemocnice-vrchlabi-s-r-o-ct-60a4c85dac891.pdf",581269
66,"Komise pro posuzování rozmístění přístrojových zdravotnických prostředků a kapacit hrazených z veřejného zdravotního pojištění","STANOVISKO NsP Havířov, p.o. - biochemická linka","https://ppo.mzcr.cz/upload/files/jednani-videokonference-13-5-2021-nove-kapacity-obnovy-stanovisko-nsp-havirov-p-o-biochemicka-linka-60a4c867f2706.pdf",414658
66,"Komise pro posuzování rozmístění přístrojových zdravotnických prostředků a kapacit hrazených z veřejného zdravotního pojištění","STANOVISKO Oblastní nemocnice Trutnov, a.s. - CT","https://ppo.mzcr.cz/upload/files/jednani-videokonference-13-5-2021-nove-kapacity-obnovy-stanovisko-oblastni-nemocnice-trutnov-a-s-ct-60a4c87275fe4.pdf",418005
66,"Komise pro posuzování rozmístění přístrojových zdravotnických prostředků a kapacit hrazených z veřejného zdravotního pojištění","STANOVISKO Oblastní nemocnice Trutnov, a.s. - skiagrafický RTG přístroj","https://ppo.mzcr.cz/upload/files/jednani-videokonference-13-5-2021-nove-kapacity-obnovy-stanovisko-oblastni-nemocnice-trutnov-a-s-skiagraficky-rtg-pristroj-60a4c87bb2517.pdf",392884
66,"Komise pro posuzování rozmístění přístrojových zdravotnických prostředků a kapacit hrazených z veřejného zdravotního pojištění","STANOVISKO RDG centrum, s.r.o., Rychnov nad Kněžnou - CT","https://ppo.mzcr.cz/upload/files/jednani-videokonference-13-5-2021-nove-kapacity-obnovy-stanovisko-rdg-centrum-s-r-o-rychnov-nad-kneznou-ct-60a4c88532447.pdf",392934
66,"Komise pro posuzování rozmístění přístrojových zdravotnických prostředků a kapacit hrazených z veřejného zdravotního pojištění","Stanovisko AGEL SMN, a.s. . nemocnice Šternberk - MR 1,5T","https://ppo.mzcr.cz/upload/files/jednani-videokonference-9-4-2021-nove-kapacity-obnovy-stanovisko-agel-smn-a-s-nemocnice-sternberk-mr-1-5t-6074b4ab9c173.pdf",510471
66,"Komise pro posuzování rozmístění přístrojových zdravotnických prostředků a kapacit hrazených z veřejného zdravotního pojištění","Stanovisko IKEM - PET-CT","https://ppo.mzcr.cz/upload/files/jednani-videokonference-9-4-2021-nove-kapacity-obnovy-stanovisko-ikem-pet-ct-6074b4b64bd77.pdf",484221
66,"Komise pro posuzování rozmístění přístrojových zdravotnických prostředků a kapacit hrazených z veřejného zdravotního pojištění","Stanovisko KKN, a.s. - hmotnostní spektrometr","https://ppo.mzcr.cz/upload/files/jednani-videokonference-9-4-2021-nove-kapacity-obnovy-stanovisko-kkn-a-s-hmotnostni-spektrometr-6074b4c121be4.pdf",396509
66,"Komise pro posuzování rozmístění přístrojových zdravotnických prostředků a kapacit hrazených z veřejného zdravotního pojištění","Stanovisko KN Liberec, a.s. - automatický systém pro zpracování bakteriologických vzorků","https://ppo.mzcr.cz/upload/files/jednani-videokonference-9-4-2021-nove-kapacity-obnovy-stanovisko-kn-liberec-a-s-automaticky-system-pro-zpracovani-bakteriologickych-vzorku-6074b4cd5391b.pdf",545927
66,"Komise pro posuzování rozmístění přístrojových zdravotnických prostředků a kapacit hrazených z veřejného zdravotního pojištění","Stanovisko KN Liberec, a.s. - duální dvourovinný RTG systém EOS Edge","https://ppo.mzcr.cz/upload/files/jednani-videokonference-9-4-2021-nove-kapacity-obnovy-stanovisko-kn-liberec-a-s-dualni-dvourovinny-rtg-system-eos-edge-6074b4e2f17de.pdf",695389
66,"Komise pro posuzování rozmístění přístrojových zdravotnických prostředků a kapacit hrazených z veřejného zdravotního pojištění","Stanovisko KN Liberec, a.s. - preanalytická linka","https://ppo.mzcr.cz/upload/files/jednani-videokonference-9-4-2021-nove-kapacity-obnovy-stanovisko-kn-liberec-a-s-preanalyticka-linka-6074b4ed96106.pdf",683350
66,"Komise pro posuzování rozmístění přístrojových zdravotnických prostředků a kapacit hrazených z veřejného zdravotního pojištění","Stanovisko Nemocnice Jihlava, p.o. - robotický operační systém","https://ppo.mzcr.cz/upload/files/jednani-videokonference-9-4-2021-nove-kapacity-obnovy-stanovisko-nemocnice-jihlava-p-o-roboticky-operacni-system-6074b4fa019a0.pdf",652430
66,"Komise pro posuzování rozmístění přístrojových zdravotnických prostředků a kapacit hrazených z veřejného zdravotního pojištění","Stanovisko NNP Moravská Třebová, p.o. - skiagrafický RTG přístroj","https://ppo.mzcr.cz/upload/files/jednani-videokonference-9-4-2021-nove-kapacity-obnovy-stanovisko-nnp-moravska-trebova-p-o-skiagraficky-rtg-pristroj-6074b5046e0e4.pdf",357101
66,"Komise pro posuzování rozmístění přístrojových zdravotnických prostředků a kapacit hrazených z veřejného zdravotního pojištění","Stanovisko ON Náchod, a.s. - CT","https://ppo.mzcr.cz/upload/files/jednani-videokonference-9-4-2021-nove-kapacity-obnovy-stanovisko-on-nachod-a-s-ct-6074b50f6d838.pdf",621155
66,"Komise pro posuzování rozmístění přístrojových zdravotnických prostředků a kapacit hrazených z veřejného zdravotního pojištění","Stanovisko Rehabilitační ústav Kladruby - Lokomat","https://ppo.mzcr.cz/upload/files/jednani-videokonference-9-4-2021-nove-kapacity-obnovy-stanovisko-rehabilitacni-ustav-kladruby-lokomat-6074b51d0e367.pdf",587761
66,"Komise pro posuzování rozmístění přístrojových zdravotnických prostředků a kapacit hrazených z veřejného zdravotního pojištění","Stanovisko AGEL Středomoravská nemocniční a.s. - RTG přístroj s C-ramenem","https://ppo.mzcr.cz/upload/files/jednani-per-rollam-12-14-3-2021-obnovy-stanovisko-agel-stredomoravska-nemocnicni-a-s-rtg-pristroj-s-c-ramenem-6074a14fac986.pdf",481342
66,"Komise pro posuzování rozmístění přístrojových zdravotnických prostředků a kapacit hrazených z veřejného zdravotního pojištění","Stanovisko AGEL Středomoravská nemocniční a.s. - RTG přístroj skiagrafie - Prostějov","https://ppo.mzcr.cz/upload/files/jednani-per-rollam-12-14-3-2021-obnovy-stanovisko-agel-stredomoravska-nemocnicni-a-s-rtg-pristroj-skiagrafie-prostejov-6074a69978512.pdf",496627
66,"Komise pro posuzování rozmístění přístrojových zdravotnických prostředků a kapacit hrazených z veřejného zdravotního pojištění","Stanovisko AGEL Středomoravská nemocniční a.s. - RTG přístroj skiagrafie 2 ks Šternberk","https://ppo.mzcr.cz/upload/files/jednani-per-rollam-12-14-3-2021-obnovy-stanovisko-agel-stredomoravska-nemocnicni-a-s-rtg-pristroj-skiagrafie-2-ks-sternberk-6074a6a45497f.pdf",471069
66,"Komise pro posuzování rozmístění přístrojových zdravotnických prostředků a kapacit hrazených z veřejného zdravotního pojištění","Stanovisko AGEL Středomoravská nemocniční a.s. Šternberk - CT","https://ppo.mzcr.cz/upload/files/jednani-per-rollam-12-14-3-2021-obnovy-stanovisko-agel-stredomoravska-nemocnicni-a-s-sternberk-ct-6074a6b044606.pdf",450116
66,"Komise pro posuzování rozmístění přístrojových zdravotnických prostředků a kapacit hrazených z veřejného zdravotního pojištění","Stanovisko AGEL Středomoravská nemocniční a.s. Prostějov - CT","https://ppo.mzcr.cz/upload/files/jednani-per-rollam-12-14-3-2021-obnovy-stanovisko-agel-stredomoravska-nemocnicni-a-s-prostejov-ct-6074a6ba955ff.pdf",420495
66,"Komise pro posuzování rozmístění přístrojových zdravotnických prostředků a kapacit hrazených z veřejného zdravotního pojištění","Stanovisko FN Brno - C-rameno","https://ppo.mzcr.cz/upload/files/jednani-per-rollam-12-14-3-2021-obnovy-stanovisko-fn-brno-c-rameno-6074a6c519994.pdf",461640
66,"Komise pro posuzování rozmístění přístrojových zdravotnických prostředků a kapacit hrazených z veřejného zdravotního pojištění","Stanovisko FN Brno - očkovací automat","https://ppo.mzcr.cz/upload/files/jednani-per-rollam-12-14-3-2021-obnovy-stanovisko-fn-brno-ockovaci-automat-6074a6d082f8e.pdf",607251
66,"Komise pro posuzování rozmístění přístrojových zdravotnických prostředků a kapacit hrazených z veřejného zdravotního pojištění","Stanovisko FN Olomouc - chromatograf- - hmotnostní spektrometr","https://ppo.mzcr.cz/upload/files/jednani-per-rollam-12-14-3-2021-obnovy-stanovisko-fn-olomouc-chromatograf-hmotnostni-spektrometr-6074a6f7b7f62.pdf",632337
66,"Komise pro posuzování rozmístění přístrojových zdravotnických prostředků a kapacit hrazených z veřejného zdravotního pojištění","Stanovisko FN Olomouc - vysokokapacitní sekvenátor","https://ppo.mzcr.cz/upload/files/jednani-per-rollam-12-14-3-2021-obnovy-stanovisko-fn-olomouc-vysokokapacitni-sekvenator-6074a706b5afe.pdf",672717
66,"Komise pro posuzování rozmístění přístrojových zdravotnických prostředků a kapacit hrazených z veřejného zdravotního pojištění","Stanovisko FN Ostrava - digitální RTG systém pro diagnostický komplet","https://ppo.mzcr.cz/upload/files/jednani-per-rollam-12-14-3-2021-obnovy-stanovisko-fn-ostrava-digitalni-rtg-system-pro-diagnosticky-komplet-6074a712a4e84.pdf",525081
66,"Komise pro posuzování rozmístění přístrojových zdravotnických prostředků a kapacit hrazených z veřejného zdravotního pojištění","Stanovisko FN Ostrava - mamograf","https://ppo.mzcr.cz/upload/files/jednani-per-rollam-12-14-3-2021-obnovy-stanovisko-fn-ostrava-mamograf-6074a722aa8fe.pdf",466363
66,"Komise pro posuzování rozmístění přístrojových zdravotnických prostředků a kapacit hrazených z veřejného zdravotního pojištění","Stanovisko FN Ostrava - operační mikroskop","https://ppo.mzcr.cz/upload/files/jednani-per-rollam-12-14-3-2021-obnovy-stanovisko-fn-ostrava-operacni-mikroskop-6074a72ccb6f1.pdf",381054
66,"Komise pro posuzování rozmístění přístrojových zdravotnických prostředků a kapacit hrazených z veřejného zdravotního pojištění","Stanovisko FN Ostrava - RTG systém s C-ramenem (kardiovaskulární sál)","https://ppo.mzcr.cz/upload/files/jednani-per-rollam-12-14-3-2021-obnovy-stanovisko-fn-ostrava-rtg-system-s-c-ramenem-kardiovaskularni-sal-6074a74f14d84.pdf",452351
66,"Komise pro posuzování rozmístění přístrojových zdravotnických prostředků a kapacit hrazených z veřejného zdravotního pojištění","Stanovisko FN Ostrava - skiagrafický RTG systém (plicní)","https://ppo.mzcr.cz/upload/files/jednani-per-rollam-12-14-3-2021-obnovy-stanovisko-fn-ostrava-skiagraficky-rtg-system-plicni-6074a7668996a.pdf",704127
66,"Komise pro posuzování rozmístění přístrojových zdravotnických prostředků a kapacit hrazených z veřejného zdravotního pojištění","Stanovisko FN Ostrava - skiaskopicko-skiagrafický RTG pro urologii (uroskop)","https://ppo.mzcr.cz/upload/files/jednani-per-rollam-12-14-3-2021-obnovy-stanovisko-fn-ostrava-skiaskopicko-skiagraficky-rtg-pro-urologii-uroskop-6074a773c69a5.pdf",672205
66,"Komise pro posuzování rozmístění přístrojových zdravotnických prostředků a kapacit hrazených z veřejného zdravotního pojištění","Stanovisko FN Ostrava - ultra-rychlý kapalinový chromatograf","https://ppo.mzcr.cz/upload/files/jednani-per-rollam-12-14-3-2021-obnovy-stanovisko-fn-ostrava-ultra-rychly-kapalinovy-chromatograf-6074a77fddcc3.pdf",506031
66,"Komise pro posuzování rozmístění přístrojových zdravotnických prostředků a kapacit hrazených z veřejného zdravotního pojištění","Stanovisko FN v Motole - angiografický přístroj dvourovinný","https://ppo.mzcr.cz/upload/files/jednani-per-rollam-12-14-3-2021-obnovy-stanovisko-fn-v-motole-angiograficky-pristroj-dvourovinny-6074a78a715b2.pdf",399626
66,"Komise pro posuzování rozmístění přístrojových zdravotnických prostředků a kapacit hrazených z veřejného zdravotního pojištění","Stanovisko FN v Motole - angiografický přístroj","https://ppo.mzcr.cz/upload/files/jednani-per-rollam-12-14-3-2021-obnovy-stanovisko-fn-v-motole-angiograficky-pristroj-6074a7d449d3b.pdf",400174
66,"Komise pro posuzování rozmístění přístrojových zdravotnických prostředků a kapacit hrazených z veřejného zdravotního pojištění","Stanovisko FN v Motole - centrální diagnostický rekonstrukční systém","https://ppo.mzcr.cz/upload/files/jednani-per-rollam-12-14-3-2021-obnovy-stanovisko-fn-v-motole-centralni-diagnosticky-rekonstrukcni-system-6074a7e27fd1e.pdf",440781
66,"Komise pro posuzování rozmístění přístrojových zdravotnických prostředků a kapacit hrazených z veřejného zdravotního pojištění","Stanovisko FN v Motole - CT (dětské)","https://ppo.mzcr.cz/upload/files/jednani-per-rollam-12-14-3-2021-obnovy-stanovisko-fn-v-motole-ct-detske-6074a7eedb39f.pdf",400291
66,"Komise pro posuzování rozmístění přístrojových zdravotnických prostředků a kapacit hrazených z veřejného zdravotního pojištění","Stanovisko FN v Motole - endosonografická věž s gastroskopy","https://ppo.mzcr.cz/upload/files/jednani-per-rollam-12-14-3-2021-obnovy-stanovisko-fn-v-motole-endosonograficka-vez-s-gastroskopy-6074a842d2b05.pdf",370061
66,"Komise pro posuzování rozmístění přístrojových zdravotnických prostředků a kapacit hrazených z veřejného zdravotního pojištění","Stanovisko FN v Motole - EOS skiagrafie II. generace","https://ppo.mzcr.cz/upload/files/jednani-per-rollam-12-14-3-2021-obnovy-stanovisko-fn-v-motole-eos-skiagrafie-ii-generace-6074a84fba19d.pdf",437035
66,"Komise pro posuzování rozmístění přístrojových zdravotnických prostředků a kapacit hrazených z veřejného zdravotního pojištění","Stanovisko FN v Motole - hmotnostní spektrometr","https://ppo.mzcr.cz/upload/files/jednani-per-rollam-12-14-3-2021-obnovy-stanovisko-fn-v-motole-hmotnostni-spektrometr-6074a85d53bf8.pdf",482962
66,"Komise pro posuzování rozmístění přístrojových zdravotnických prostředků a kapacit hrazených z veřejného zdravotního pojištění","Stanovisko FN v Motole - MR 1,5T (dětské)","https://ppo.mzcr.cz/upload/files/jednani-per-rollam-12-14-3-2021-obnovy-stanovisko-fn-v-motole-mr-1-5t-detske-6074a86936b32.pdf",445214
66,"Komise pro posuzování rozmístění přístrojových zdravotnických prostředků a kapacit hrazených z veřejného zdravotního pojištění","Stanovisko FN v Motole - MR 1,5T (dospělá část)","https://ppo.mzcr.cz/upload/files/jednani-per-rollam-12-14-3-2021-obnovy-stanovisko-fn-v-motole-mr-1-5t-dospela-cast-6074a87395a77.pdf",355036
66,"Komise pro posuzování rozmístění přístrojových zdravotnických prostředků a kapacit hrazených z veřejného zdravotního pojištění","Stanovisko FN v Motole - skiagrafie - dětská I.","https://ppo.mzcr.cz/upload/files/jednani-per-rollam-12-14-3-2021-obnovy-stanovisko-fn-v-motole-skiagrafie-detska-i-6074a87e4aa3a.pdf",369349
66,"Komise pro posuzování rozmístění přístrojových zdravotnických prostředků a kapacit hrazených z veřejného zdravotního pojištění","Stanovisko FN v Motole - skiagrafie - dětská II.","https://ppo.mzcr.cz/upload/files/jednani-per-rollam-12-14-3-2021-obnovy-stanovisko-fn-v-motole-skiagrafie-detska-ii-6074a88a13f5d.pdf",370176
66,"Komise pro posuzování rozmístění přístrojových zdravotnických prostředků a kapacit hrazených z veřejného zdravotního pojištění","Stanovisko FN v Motole - skiagrafie - dospělá II.","https://ppo.mzcr.cz/upload/files/jednani-per-rollam-12-14-3-2021-obnovy-stanovisko-fn-v-motole-skiagrafie-dospela-ii-6074a895985c4.pdf",366875
66,"Komise pro posuzování rozmístění přístrojových zdravotnických prostředků a kapacit hrazených z veřejného zdravotního pojištění","Stanovisko FN v Motole - skiagrafie - ortopedie","https://ppo.mzcr.cz/upload/files/jednani-per-rollam-12-14-3-2021-obnovy-stanovisko-fn-v-motole-skiagrafie-ortopedie-6074a8a53f1ee.pdf",369999
66,"Komise pro posuzování rozmístění přístrojových zdravotnických prostředků a kapacit hrazených z veřejného zdravotního pojištění","Stanovisko FN v Motole - SPECT-CT","https://ppo.mzcr.cz/upload/files/jednani-per-rollam-12-14-3-2021-obnovy-stanovisko-fn-v-motole-spect-ct-6074a8b8d09e3.pdf",410436
66,"Komise pro posuzování rozmístění přístrojových zdravotnických prostředků a kapacit hrazených z veřejného zdravotního pojištění","Stanovisko FNHK - CT simulátor","https://ppo.mzcr.cz/upload/files/jednani-per-rollam-12-14-3-2021-obnovy-stanovisko-fnhk-ct-simulator-6074a8c5b2a02.pdf",364724
66,"Komise pro posuzování rozmístění přístrojových zdravotnických prostředků a kapacit hrazených z veřejného zdravotního pojištění","Stanovisko FNHK - exoskop pro neurochirurgii","https://ppo.mzcr.cz/upload/files/jednani-per-rollam-12-14-3-2021-obnovy-stanovisko-fnhk-exoskop-pro-neurochirurgii-6074a8d0e20de.pdf",427246
66,"Komise pro posuzování rozmístění přístrojových zdravotnických prostředků a kapacit hrazených z veřejného zdravotního pojištění","Stanovisko FNHK - monitorovací systém JIP (chirurgie)","https://ppo.mzcr.cz/upload/files/jednani-per-rollam-12-14-3-2021-obnovy-stanovisko-fnhk-monitorovaci-system-jip-chirurgie-6074a8f390f6b.pdf",387451
66,"Komise pro posuzování rozmístění přístrojových zdravotnických prostředků a kapacit hrazených z veřejného zdravotního pojištění","Stanovisko FNHK - monitorovací systém JIP (KARIM)","https://ppo.mzcr.cz/upload/files/jednani-per-rollam-12-14-3-2021-obnovy-stanovisko-fnhk-monitorovaci-system-jip-karim-6074a905197eb.pdf",386110
66,"Komise pro posuzování rozmístění přístrojových zdravotnických prostředků a kapacit hrazených z veřejného zdravotního pojištění","Stanovisko FNHK - perioperační 3D RTG zobrazení NCH","https://ppo.mzcr.cz/upload/files/jednani-per-rollam-12-14-3-2021-obnovy-stanovisko-fnhk-perioperacni-3d-rtg-zobrazeni-nch-6074a91025c39.pdf",474254
66,"Komise pro posuzování rozmístění přístrojových zdravotnických prostředků a kapacit hrazených z veřejného zdravotního pojištění","Stanovisko FNHK - peroperační navigace NCH","https://ppo.mzcr.cz/upload/files/jednani-per-rollam-12-14-3-2021-obnovy-stanovisko-fnhk-peroperacni-navigace-nch-6074a91b21ca3.pdf",382855
66,"Komise pro posuzování rozmístění přístrojových zdravotnických prostředků a kapacit hrazených z veřejného zdravotního pojištění","Stanovisko FNHK - scanner MICROARRAY","https://ppo.mzcr.cz/upload/files/jednani-per-rollam-12-14-3-2021-obnovy-stanovisko-fnhk-scanner-microarray-6074a92c53153.pdf",401178
66,"Komise pro posuzování rozmístění přístrojových zdravotnických prostředků a kapacit hrazených z veřejného zdravotního pojištění","Stanovisko FNHK - skiaskopický RTG přístroj s C-ramenem","https://ppo.mzcr.cz/upload/files/jednani-per-rollam-12-14-3-2021-obnovy-stanovisko-fnhk-skiaskopicky-rtg-pristroj-s-c-ramenem-6074a93643aa3.pdf",420477
66,"Komise pro posuzování rozmístění přístrojových zdravotnických prostředků a kapacit hrazených z veřejného zdravotního pojištění","Stanovisko FNHK - spektrometr hmotnostní 1","https://ppo.mzcr.cz/upload/files/jednani-per-rollam-12-14-3-2021-obnovy-stanovisko-fnhk-spektrometr-hmotnostni-1-6074a94100aa3.pdf",443986
66,"Komise pro posuzování rozmístění přístrojových zdravotnických prostředků a kapacit hrazených z veřejného zdravotního pojištění","Stanovisko FNHK - spektrometr hmotnostní 2 HPLC LTQ","https://ppo.mzcr.cz/upload/files/jednani-per-rollam-12-14-3-2021-obnovy-stanovisko-fnhk-spektrometr-hmotnostni-2-hplc-ltq-6074a951152bb.pdf",433494
66,"Komise pro posuzování rozmístění přístrojových zdravotnických prostředků a kapacit hrazených z veřejného zdravotního pojištění","Stanovisko FNHK - uroskop","https://ppo.mzcr.cz/upload/files/jednani-per-rollam-12-14-3-2021-obnovy-stanovisko-fnhk-uroskop-6074a95b45edf.pdf",369537
66,"Komise pro posuzování rozmístění přístrojových zdravotnických prostředků a kapacit hrazených z veřejného zdravotního pojištění","Stanovisko FNKV - SPECT-CT","https://ppo.mzcr.cz/upload/files/jednani-per-rollam-12-14-3-2021-obnovy-stanovisko-fnkv-spect-ct-6074a965c68c3.pdf",447287
66,"Komise pro posuzování rozmístění přístrojových zdravotnických prostředků a kapacit hrazených z veřejného zdravotního pojištění","Stanovisko FNKV - digitální RTG přístroj s O-ramenem","https://ppo.mzcr.cz/upload/files/jednani-per-rollam-12-14-3-2021-obnovy-stanovisko-fnkv-digitalni-rtg-pristroj-s-o-ramenem-6074a971c1b7a.pdf",427544
66,"Komise pro posuzování rozmístění přístrojových zdravotnických prostředků a kapacit hrazených z veřejného zdravotního pojištění","Stanovisko FNKV - digitální RTG s C-ramenem 3D","https://ppo.mzcr.cz/upload/files/jednani-per-rollam-12-14-3-2021-obnovy-stanovisko-fnkv-digitalni-rtg-s-c-ramenem-3d-6074a97bd99ce.pdf",381243
66,"Komise pro posuzování rozmístění přístrojových zdravotnických prostředků a kapacit hrazených z veřejného zdravotního pojištění","Stanovisko FNKV - mamograf","https://ppo.mzcr.cz/upload/files/jednani-per-rollam-12-14-3-2021-obnovy-stanovisko-fnkv-mamograf-6074a989125aa.pdf",579414
66,"Komise pro posuzování rozmístění přístrojových zdravotnických prostředků a kapacit hrazených z veřejného zdravotního pojištění","Stanovisko IKEM - angiografický systém","https://ppo.mzcr.cz/upload/files/jednani-per-rollam-12-14-3-2021-obnovy-stanovisko-ikem-angiograficky-system-6074a994d1bbf.pdf",625490
66,"Komise pro posuzování rozmístění přístrojových zdravotnických prostředků a kapacit hrazených z veřejného zdravotního pojištění","Stanovisko IKEM - CT","https://ppo.mzcr.cz/upload/files/jednani-per-rollam-12-14-3-2021-obnovy-stanovisko-ikem-ct-6074a9b2f3f64.pdf",467762
66,"Komise pro posuzování rozmístění přístrojových zdravotnických prostředků a kapacit hrazených z veřejného zdravotního pojištění","Stanovisko IKEM- MR 1,5T","https://ppo.mzcr.cz/upload/files/jednani-per-rollam-12-14-3-2021-obnovy-stanovisko-ikem-mr-1-5t-6074a9bf096e5.pdf",447904
66,"Komise pro posuzování rozmístění přístrojových zdravotnických prostředků a kapacit hrazených z veřejného zdravotního pojištění","Stanovisko Kardiologické centrum AGEL, a.s. - skiaskopický komplet pro hybridní kardiovaskulární výkony","https://ppo.mzcr.cz/upload/files/jednani-per-rollam-12-14-3-2021-obnovy-stanovisko-kardiologicke-centrum-agel-a-s-skiaskopicky-komplet-pro-hybridni-kardiovaskularni-vykony-6074a9c9251b1.pdf",429900
66,"Komise pro posuzování rozmístění přístrojových zdravotnických prostředků a kapacit hrazených z veřejného zdravotního pojištění","Stanovisko KN Liberec, a.s. - 3D C-rameno","https://ppo.mzcr.cz/upload/files/jednani-per-rollam-12-14-3-2021-obnovy-stanovisko-kn-liberec-a-s-3d-c-rameno-6074a9d5e10e2.pdf",695177
66,"Komise pro posuzování rozmístění přístrojových zdravotnických prostředků a kapacit hrazených z veřejného zdravotního pojištění","Stanovisko KN Liberec, a.s. - angiolinka (sál č.3)","https://ppo.mzcr.cz/upload/files/jednani-per-rollam-12-14-3-2021-obnovy-stanovisko-kn-liberec-a-s-angiolinka-sal-c-3-6074a9e58704c.pdf",639065
66,"Komise pro posuzování rozmístění přístrojových zdravotnických prostředků a kapacit hrazených z veřejného zdravotního pojištění","Stanovisko KN Liberec, a.s. - litotryptor","https://ppo.mzcr.cz/upload/files/jednani-per-rollam-12-14-3-2021-obnovy-stanovisko-kn-liberec-a-s-litotryptor-6074a9f7f3619.pdf",631907
66,"Komise pro posuzování rozmístění přístrojových zdravotnických prostředků a kapacit hrazených z veřejného zdravotního pojištění","Stanovisko KN Liberec, a.s. - RTG angio (sál č.2)","https://ppo.mzcr.cz/upload/files/jednani-per-rollam-12-14-3-2021-obnovy-stanovisko-kn-liberec-a-s-rtg-angio-sal-c-2-6074aa012de26.pdf",571856
66,"Komise pro posuzování rozmístění přístrojových zdravotnických prostředků a kapacit hrazených z veřejného zdravotního pojištění","Stanovisko KNTB, a.s. - automatický afterloadingový systém pro brachyterapii","https://ppo.mzcr.cz/upload/files/jednani-per-rollam-12-14-3-2021-obnovy-stanovisko-kntb-a-s-automaticky-afterloadingovy-system-pro-brachyterapii-6074aa0d035ab.pdf",465525
66,"Komise pro posuzování rozmístění přístrojových zdravotnických prostředků a kapacit hrazených z veřejného zdravotního pojištění","Stanovisko KNTB, a.s. - skiaskopicko-skiagrafický RTG systém","https://ppo.mzcr.cz/upload/files/jednani-per-rollam-12-14-3-2021-obnovy-stanovisko-kntb-a-s-skiaskopicko-skiagraficky-rtg-system-6074aa1811138.pdf",552852
66,"Komise pro posuzování rozmístění přístrojových zdravotnických prostředků a kapacit hrazených z veřejného zdravotního pojištění","Stanovisko KNTB, a.s. - SPECT-CT","https://ppo.mzcr.cz/upload/files/jednani-per-rollam-12-14-3-2021-obnovy-stanovisko-kntb-a-s-spect-ct-6074aa23887d9.pdf",494384
66,"Komise pro posuzování rozmístění přístrojových zdravotnických prostředků a kapacit hrazených z veřejného zdravotního pojištění","Stanovisko Kroměřížská nemocnice a.s. - CT","https://ppo.mzcr.cz/upload/files/jednani-per-rollam-12-14-3-2021-obnovy-stanovisko-kromerizska-nemocnice-a-s-ct-6074aa2ec845c.pdf",395486
66,"Komise pro posuzování rozmístění přístrojových zdravotnických prostředků a kapacit hrazených z veřejného zdravotního pojištění","Stanovisko KZ a.s. - Teplice - CT","https://ppo.mzcr.cz/upload/files/jednani-per-rollam-12-14-3-2021-obnovy-stanovisko-kz-a-s-teplice-ct-6074aa4df1da6.pdf",365190
66,"Komise pro posuzování rozmístění přístrojových zdravotnických prostředků a kapacit hrazených z veřejného zdravotního pojištění","Stanovisko KZ a.s. - Ústí nad Labem - SPECT","https://ppo.mzcr.cz/upload/files/jednani-per-rollam-12-14-3-2021-obnovy-stanovisko-kz-a-s-usti-nad-labem-spect-6074aa59c5287.pdf",445687
66,"Komise pro posuzování rozmístění přístrojových zdravotnických prostředků a kapacit hrazených z veřejného zdravotního pojištění","Stanovisko Lužická nemocnice Rumburk - endoskopické vybavení","https://ppo.mzcr.cz/upload/files/jednani-per-rollam-12-14-3-2021-obnovy-stanovisko-luzicka-nemocnice-rumburk-endoskopicke-vybaveni-6074aa649af33.pdf",391448
66,"Komise pro posuzování rozmístění přístrojových zdravotnických prostředků a kapacit hrazených z veřejného zdravotního pojištění","Stanovisko Lužická nemocnice Rumburk - laparoskopická věž","https://ppo.mzcr.cz/upload/files/jednani-per-rollam-12-14-3-2021-obnovy-stanovisko-luzicka-nemocnice-rumburk-laparoskopicka-vez-6074aa6df29d2.pdf",390727
66,"Komise pro posuzování rozmístění přístrojových zdravotnických prostředků a kapacit hrazených z veřejného zdravotního pojištění","Stanovisko Lužická nemocnice Rumburk - operační mikroskop","https://ppo.mzcr.cz/upload/files/jednani-per-rollam-12-14-3-2021-obnovy-stanovisko-luzicka-nemocnice-rumburk-operacni-mikroskop-6074aa77f3faa.pdf",386828
66,"Komise pro posuzování rozmístění přístrojových zdravotnických prostředků a kapacit hrazených z veřejného zdravotního pojištění","Stanovisko Lužická nemocnice Rumburk - skiagrafický RTG přístroj","https://ppo.mzcr.cz/upload/files/jednani-per-rollam-12-14-3-2021-obnovy-stanovisko-luzicka-nemocnice-rumburk-skiagraficky-rtg-pristroj-6074add4c454b.pdf",394385
66,"Komise pro posuzování rozmístění přístrojových zdravotnických prostředků a kapacit hrazených z veřejného zdravotního pojištění","Stanovisko Lužická nemocnice Rumburk - ultrazvukový přístroj","https://ppo.mzcr.cz/upload/files/jednani-per-rollam-12-14-3-2021-obnovy-stanovisko-luzicka-nemocnice-rumburk-ultrazvukovy-pristroj-6074adef066ff.pdf",389574
66,"Komise pro posuzování rozmístění přístrojových zdravotnických prostředků a kapacit hrazených z veřejného zdravotního pojištění","Stanovisko Lužická nemocnice Rumburk, s.r.o. - CT","https://ppo.mzcr.cz/upload/files/jednani-per-rollam-12-14-3-2021-obnovy-stanovisko-luzicka-nemocnice-rumburk-s-r-o-ct-6074adf904a9b.pdf",392625
66,"Komise pro posuzování rozmístění přístrojových zdravotnických prostředků a kapacit hrazených z veřejného zdravotního pojištění","Stanovisko Masarykova nemocnice s.r.o., Rakovník - CT","https://ppo.mzcr.cz/upload/files/jednani-per-rollam-12-14-3-2021-obnovy-stanovisko-masarykova-nemocnice-s-r-o-rakovnik-ct-6074ae05c0fa9.pdf",557827
66,"Komise pro posuzování rozmístění přístrojových zdravotnických prostředků a kapacit hrazených z veřejného zdravotního pojištění","Stanovisko Mělnická zdravotní, a.s. - CT","https://ppo.mzcr.cz/upload/files/jednani-per-rollam-12-14-3-2021-obnovy-stanovisko-melnicka-zdravotni-a-s-ct-6074ae126a6d6.pdf",633243
66,"Komise pro posuzování rozmístění přístrojových zdravotnických prostředků a kapacit hrazených z veřejného zdravotního pojištění","Stanovisko Městská nemocnice Ostrava, p.o. - CT","https://ppo.mzcr.cz/upload/files/jednani-per-rollam-12-14-3-2021-obnovy-stanovisko-mestska-nemocnice-ostrava-p-o-ct-6074ae212a58d.pdf",399948
66,"Komise pro posuzování rozmístění přístrojových zdravotnických prostředků a kapacit hrazených z veřejného zdravotního pojištění","Stanovisko Městská nemocnice Ostrava, p.o. - mamografický přístroj","https://ppo.mzcr.cz/upload/files/jednani-per-rollam-12-14-3-2021-obnovy-stanovisko-mestska-nemocnice-ostrava-p-o-mamograficky-pristroj-6074ae2c379e5.pdf",436719
66,"Komise pro posuzování rozmístění přístrojových zdravotnických prostředků a kapacit hrazených z veřejného zdravotního pojištění","Stanovisko Městská nemocnice Ostrava, p.o. - skiagrafický RTG přístroj 2 ks","https://ppo.mzcr.cz/upload/files/jednani-per-rollam-12-14-3-2021-obnovy-stanovisko-mestska-nemocnice-ostrava-p-o-skiagraficky-rtg-pristroj-2-ks-6074ae3735df3.pdf",530669
66,"Komise pro posuzování rozmístění přístrojových zdravotnických prostředků a kapacit hrazených z veřejného zdravotního pojištění","Stanovisko MOÚ Brno - CT","https://ppo.mzcr.cz/upload/files/jednani-per-rollam-12-14-3-2021-obnovy-stanovisko-mou-brno-ct-6074ae45039f8.pdf",644064
66,"Komise pro posuzování rozmístění přístrojových zdravotnických prostředků a kapacit hrazených z veřejného zdravotního pojištění","Stanovisko MOÚ Brno - mamograf","https://ppo.mzcr.cz/upload/files/jednani-per-rollam-12-14-3-2021-obnovy-stanovisko-mou-brno-mamograf-6074ae55badb6.pdf",649942
66,"Komise pro posuzování rozmístění přístrojových zdravotnických prostředků a kapacit hrazených z veřejného zdravotního pojištění","Stanovisko Multiscan, s.r.o. - CT simulátor","https://ppo.mzcr.cz/upload/files/jednani-per-rollam-12-14-3-2021-obnovy-stanovisko-multiscan-s-r-o-ct-simulator-6074ae62b9255.pdf",370381
66,"Komise pro posuzování rozmístění přístrojových zdravotnických prostředků a kapacit hrazených z veřejného zdravotního pojištění","Stanovisko Multiscan, s.r.o. - systém identify","https://ppo.mzcr.cz/upload/files/jednani-per-rollam-12-14-3-2021-obnovy-stanovisko-multiscan-s-r-o-system-identify-6074ae7022e28.pdf",483719
66,"Komise pro posuzování rozmístění přístrojových zdravotnických prostředků a kapacit hrazených z veřejného zdravotního pojištění","Stanovisko Nemocnice AGEL Jeseník, a.s. - CT","https://ppo.mzcr.cz/upload/files/jednani-per-rollam-12-14-3-2021-obnovy-stanovisko-nemocnice-agel-jesenik-a-s-ct-6074ae7a837eb.pdf",350782
66,"Komise pro posuzování rozmístění přístrojových zdravotnických prostředků a kapacit hrazených z veřejného zdravotního pojištění","Stanovisko Nemocnice AGEL Nový Jičin, a.s. - robotický operační systém","https://ppo.mzcr.cz/upload/files/jednani-per-rollam-12-14-3-2021-obnovy-stanovisko-nemocnice-agel-novy-jicin-a-s-roboticky-operacni-system-6074ae86a4426.pdf",387016
66,"Komise pro posuzování rozmístění přístrojových zdravotnických prostředků a kapacit hrazených z veřejného zdravotního pojištění","Stanovisko Nemocnice AGEL Ostrava-Vítkovice, a.s. - angiografická linka","https://ppo.mzcr.cz/upload/files/jednani-per-rollam-12-14-3-2021-obnovy-stanovisko-nemocnice-agel-ostrava-vitkovice-a-s-angiograficka-linka-6074ae916240d.pdf",372525
66,"Komise pro posuzování rozmístění přístrojových zdravotnických prostředků a kapacit hrazených z veřejného zdravotního pojištění","Stanovisko Nemocnice AGEL Třinec-Podlesí, a.s. - angiograf (modrý sál)","https://ppo.mzcr.cz/upload/files/jednani-per-rollam-12-14-3-2021-obnovy-stanovisko-nemocnice-agel-trinec-podlesi-a-s-angiograf-modry-sal-6074ae9b65bb3.pdf",419991
66,"Komise pro posuzování rozmístění přístrojových zdravotnických prostředků a kapacit hrazených z veřejného zdravotního pojištění","Stanovisko Nemocnice AGEL Třinec-Podlesí, a.s. - angiograf (RDG odd.)","https://ppo.mzcr.cz/upload/files/jednani-per-rollam-12-14-3-2021-obnovy-stanovisko-nemocnice-agel-trinec-podlesi-a-s-angiograf-rdg-odd-6074aebe5fc02.pdf",364223
66,"Komise pro posuzování rozmístění přístrojových zdravotnických prostředků a kapacit hrazených z veřejného zdravotního pojištění","Stanovisko Nemocnice AGEL Třinec-Podlesí, a.s. - angiograf (žlutý sál)","https://ppo.mzcr.cz/upload/files/jednani-per-rollam-12-14-3-2021-obnovy-stanovisko-nemocnice-agel-trinec-podlesi-a-s-angiograf-zluty-sal-6074aec8c5743.pdf",415015
66,"Komise pro posuzování rozmístění přístrojových zdravotnických prostředků a kapacit hrazených z veřejného zdravotního pojištění","Stanovisko Nemocnice AGEL Třinec-Podlesí, a.s. - angiografický komplet (růžový sál)","https://ppo.mzcr.cz/upload/files/jednani-per-rollam-12-14-3-2021-obnovy-stanovisko-nemocnice-agel-trinec-podlesi-a-s-angiograficky-komplet-ruzovy-sal-6074aed3e06eb.pdf",342484
66,"Komise pro posuzování rozmístění přístrojových zdravotnických prostředků a kapacit hrazených z veřejného zdravotního pojištění","Stanovisko Nemocnice AGEL Třinec-Podlesí, a.s. - MR 1,5T","https://ppo.mzcr.cz/upload/files/jednani-per-rollam-12-14-3-2021-obnovy-stanovisko-nemocnice-agel-trinec-podlesi-a-s-mr-1-5t-6074aee19ebbb.pdf",412854
66,"Komise pro posuzování rozmístění přístrojových zdravotnických prostředků a kapacit hrazených z veřejného zdravotního pojištění","Stanovisko Nemocnice AGEL Třinec-Podlesí, a.s. - přístroj pro mimotělní oběh I.","https://ppo.mzcr.cz/upload/files/jednani-per-rollam-12-14-3-2021-obnovy-stanovisko-nemocnice-agel-trinec-podlesi-a-s-pristroj-pro-mimotelni-obeh-i-6074af1306e93.pdf",384590
66,"Komise pro posuzování rozmístění přístrojových zdravotnických prostředků a kapacit hrazených z veřejného zdravotního pojištění","Stanovisko Nemocnice AGEL Třinec-Podlesí, a.s. - přístroj pro mimotělní oběh II.","https://ppo.mzcr.cz/upload/files/jednani-per-rollam-12-14-3-2021-obnovy-stanovisko-nemocnice-agel-trinec-podlesi-a-s-pristroj-pro-mimotelni-obeh-ii-6074af1fb1189.pdf",385273
66,"Komise pro posuzování rozmístění přístrojových zdravotnických prostředků a kapacit hrazených z veřejného zdravotního pojištění","Stanovisko Nemocnice AGEL Třinec-Podlesí, a.s. - přístroj pro mimotělní oběh III.","https://ppo.mzcr.cz/upload/files/jednani-per-rollam-12-14-3-2021-obnovy-stanovisko-nemocnice-agel-trinec-podlesi-a-s-pristroj-pro-mimotelni-obeh-iii-6074af2e1493a.pdf",377352
66,"Komise pro posuzování rozmístění přístrojových zdravotnických prostředků a kapacit hrazených z veřejného zdravotního pojištění","Stanovisko Nemocnice AGEL Třinec-Podlesí, a.s. - skiaskopický komplet","https://ppo.mzcr.cz/upload/files/jednani-per-rollam-12-14-3-2021-obnovy-stanovisko-nemocnice-agel-trinec-podlesi-a-s-skiaskopicky-komplet-6074af38ad4c8.pdf",476565
66,"Komise pro posuzování rozmístění přístrojových zdravotnických prostředků a kapacit hrazených z veřejného zdravotního pojištění","Stanovisko Nemocnice Jihlava, p.o. - automatický afterloadingový systém","https://ppo.mzcr.cz/upload/files/jednani-per-rollam-12-14-3-2021-obnovy-stanovisko-nemocnice-jihlava-p-o-automaticky-afterloadingovy-system-6074af441d4e7.pdf",446737
66,"Komise pro posuzování rozmístění přístrojových zdravotnických prostředků a kapacit hrazených z veřejného zdravotního pojištění","Stanovisko Nemocnice Jihlava, p.o. - C-rameno s 3D zobrazením","https://ppo.mzcr.cz/upload/files/jednani-per-rollam-12-14-3-2021-obnovy-stanovisko-nemocnice-jihlava-p-o-c-rameno-s-3d-zobrazenim-6074af56e77e8.pdf",453430
66,"Komise pro posuzování rozmístění přístrojových zdravotnických prostředků a kapacit hrazených z veřejného zdravotního pojištění","Stanovisko Nemocnice Jihlava, p.o. - CT simulátor","https://ppo.mzcr.cz/upload/files/jednani-per-rollam-12-14-3-2021-obnovy-stanovisko-nemocnice-jihlava-p-o-ct-simulator-6074af62266de.pdf",603275
66,"Komise pro posuzování rozmístění přístrojových zdravotnických prostředků a kapacit hrazených z veřejného zdravotního pojištění","Stanovisko Nemocnice Jihlava, p.o. - CT","https://ppo.mzcr.cz/upload/files/jednani-per-rollam-12-14-3-2021-obnovy-stanovisko-nemocnice-jihlava-p-o-ct-6074af6e6af68.pdf",401161
66,"Komise pro posuzování rozmístění přístrojových zdravotnických prostředků a kapacit hrazených z veřejného zdravotního pojištění","Stanovisko Nemocnice Jihlava, p.o. - lineární urychlovač","https://ppo.mzcr.cz/upload/files/jednani-per-rollam-12-14-3-2021-obnovy-stanovisko-nemocnice-jihlava-p-o-linearni-urychlovac-6074af7a2dfb5.pdf",519108
66,"Komise pro posuzování rozmístění přístrojových zdravotnických prostředků a kapacit hrazených z veřejného zdravotního pojištění","Stanovisko Nemocnice Jihlava, p.o. - mamograf","https://ppo.mzcr.cz/upload/files/jednani-per-rollam-12-14-3-2021-obnovy-stanovisko-nemocnice-jihlava-p-o-mamograf-6074af8c0bc0f.pdf",417045
66,"Komise pro posuzování rozmístění přístrojových zdravotnických prostředků a kapacit hrazených z veřejného zdravotního pojištění","Stanovisko Nemocnice Jihlava, p.o. - skiagraficko-skiaskopický RTG přístroj","https://ppo.mzcr.cz/upload/files/jednani-per-rollam-12-14-3-2021-obnovy-stanovisko-nemocnice-jihlava-p-o-skiagraficko-skiaskopicky-rtg-pristroj-6074af981c462.pdf",569434
66,"Komise pro posuzování rozmístění přístrojových zdravotnických prostředků a kapacit hrazených z veřejného zdravotního pojištění","Stanovisko Nemocnice Jihlava, p.o. - skiagrafický RTG komplet","https://ppo.mzcr.cz/upload/files/jednani-per-rollam-12-14-3-2021-obnovy-stanovisko-nemocnice-jihlava-p-o-skiagraficky-rtg-komplet-6074afa32e001.pdf",471281
66,"Komise pro posuzování rozmístění přístrojových zdravotnických prostředků a kapacit hrazených z veřejného zdravotního pojištění","Stanovisko Nemocnice Litoměřice a.s. - CT","https://ppo.mzcr.cz/upload/files/jednani-per-rollam-12-14-3-2021-obnovy-stanovisko-nemocnice-litomerice-a-s-ct-6074afd7ebaa1.pdf",405918
66,"Komise pro posuzování rozmístění přístrojových zdravotnických prostředků a kapacit hrazených z veřejného zdravotního pojištění","Stanovisko Nemocnice Mariánské Lázně s.r.o. - CT","https://ppo.mzcr.cz/upload/files/jednani-per-rollam-12-14-3-2021-obnovy-stanovisko-nemocnice-marianske-lazne-s-r-o-ct-6074afef9b82b.pdf",569830
66,"Komise pro posuzování rozmístění přístrojových zdravotnických prostředků a kapacit hrazených z veřejného zdravotního pojištění","Stanovisko Nemocnice Na Františku - mobilní skiagraficko-skiaskopický RTG 2 ks","https://ppo.mzcr.cz/upload/files/jednani-per-rollam-12-14-3-2021-obnovy-stanovisko-nemocnice-na-frantisku-mobilni-skiagraficko-skiaskopicky-rtg-2-ks-6074b027e1a1f.pdf",356705
66,"Komise pro posuzování rozmístění přístrojových zdravotnických prostředků a kapacit hrazených z veřejného zdravotního pojištění","Stanovisko Nemocnice Na Františku - mobilní skiaskopický RTG s C-ramenem","https://ppo.mzcr.cz/upload/files/jednani-per-rollam-12-14-3-2021-obnovy-stanovisko-nemocnice-na-frantisku-mobilni-skiaskopicky-rtg-s-c-ramenem-6074b03656c69.pdf",360331
66,"Komise pro posuzování rozmístění přístrojových zdravotnických prostředků a kapacit hrazených z veřejného zdravotního pojištění","Stanovisko Nemocnice Na Františku - statický skiagrafický RTG","https://ppo.mzcr.cz/upload/files/jednani-per-rollam-12-14-3-2021-obnovy-stanovisko-nemocnice-na-frantisku-staticky-skiagraficky-rtg-6074b0471858d.pdf",351814
66,"Komise pro posuzování rozmístění přístrojových zdravotnických prostředků a kapacit hrazených z veřejného zdravotního pojištění","Stanovisko Nemocnice Na Homolce - angiografický kardiologický systém 2 ks","https://ppo.mzcr.cz/upload/files/jednani-per-rollam-12-14-3-2021-obnovy-stanovisko-nemocnice-na-homolce-angiograficky-kardiologicky-system-2-ks-6074b05ea921e.pdf",605540
66,"Komise pro posuzování rozmístění přístrojových zdravotnických prostředků a kapacit hrazených z veřejného zdravotního pojištění","Stanovisko Nemocnice Nové Město na Moravě, p.o. - SPECT-CT","https://ppo.mzcr.cz/upload/files/jednani-per-rollam-12-14-3-2021-obnovy-stanovisko-nemocnice-nove-mesto-na-morave-p-o-spect-ct-6074b09280556.pdf",541755
66,"Komise pro posuzování rozmístění přístrojových zdravotnických prostředků a kapacit hrazených z veřejného zdravotního pojištění","Stanovisko Nemocnice Pelhřimov, p.o. - skiagrafický RTG přístroj 2 ks","https://ppo.mzcr.cz/upload/files/jednani-per-rollam-12-14-3-2021-obnovy-stanovisko-nemocnice-pelhrimov-p-o-skiagraficky-rtg-pristroj-2-ks-6074b0aa4a76d.pdf",619719
66,"Komise pro posuzování rozmístění přístrojových zdravotnických prostředků a kapacit hrazených z veřejného zdravotního pojištění","Stanovisko Nemocnice Třinec, p.o. - CT","https://ppo.mzcr.cz/upload/files/jednani-per-rollam-12-14-3-2021-obnovy-stanovisko-nemocnice-trinec-p-o-ct-6074b0bd9d4ae.pdf",376856
66,"Komise pro posuzování rozmístění přístrojových zdravotnických prostředků a kapacit hrazených z veřejného zdravotního pojištění","Stanovisko Nemocnice Třinec, p.o. - MR 1,5T","https://ppo.mzcr.cz/upload/files/jednani-per-rollam-12-14-3-2021-obnovy-stanovisko-nemocnice-trinec-p-o-mr-1-5t-6074b0c887c95.pdf",368539
66,"Komise pro posuzování rozmístění přístrojových zdravotnických prostředků a kapacit hrazených z veřejného zdravotního pojištění","Stanovisko Nemocnice Znojmo, p.o. - CT simulátor","https://ppo.mzcr.cz/upload/files/jednani-per-rollam-12-14-3-2021-obnovy-stanovisko-nemocnice-znojmo-p-o-ct-simulator-6074b0d4ed736.pdf",485890
66,"Komise pro posuzování rozmístění přístrojových zdravotnických prostředků a kapacit hrazených z veřejného zdravotního pojištění","Stanovisko Nemocnice Znojmo, p.o. - CT","https://ppo.mzcr.cz/upload/files/jednani-per-rollam-12-14-3-2021-obnovy-stanovisko-nemocnice-znojmo-p-o-ct-6074b0e06198f.pdf",479569
66,"Komise pro posuzování rozmístění přístrojových zdravotnických prostředků a kapacit hrazených z veřejného zdravotního pojištění","Stanovisko Nemocnice Znojmo, p.o. - lineární urychlovač","https://ppo.mzcr.cz/upload/files/jednani-per-rollam-12-14-3-2021-obnovy-stanovisko-nemocnice-znojmo-p-o-linearni-urychlovac-6074b0eeed0a2.pdf",483867
66,"Komise pro posuzování rozmístění přístrojových zdravotnických prostředků a kapacit hrazených z veřejného zdravotního pojištění","Stanovisko Nemocnice Žatec, o.p.s. - CT","https://ppo.mzcr.cz/upload/files/jednani-per-rollam-12-14-3-2021-obnovy-stanovisko-nemocnice-zatec-o-p-s-ct-6074b0f9b2d61.pdf",364624
66,"Komise pro posuzování rozmístění přístrojových zdravotnických prostředků a kapacit hrazených z veřejného zdravotního pojištění","Stanovisko Nemocnice Žatec, o.p.s. - skiagraficko-skiaskopický RTG I.","https://ppo.mzcr.cz/upload/files/jednani-per-rollam-12-14-3-2021-obnovy-stanovisko-nemocnice-zatec-o-p-s-skiagraficko-skiaskopicky-rtg-i-6074b10624c7e.pdf",369575
66,"Komise pro posuzování rozmístění přístrojových zdravotnických prostředků a kapacit hrazených z veřejného zdravotního pojištění","Stanovisko Nemocnice Žatec, o.p.s. - skiagraficko-skiaskopický RTG II.","https://ppo.mzcr.cz/upload/files/jednani-per-rollam-12-14-3-2021-obnovy-stanovisko-nemocnice-zatec-o-p-s-skiagraficko-skiaskopicky-rtg-ii-6074b13276483.pdf",365005
66,"Komise pro posuzování rozmístění přístrojových zdravotnických prostředků a kapacit hrazených z veřejného zdravotního pojištění","Stanovisko NsP Česká Lípa, a.s. - CT","https://ppo.mzcr.cz/upload/files/jednani-per-rollam-12-14-3-2021-obnovy-stanovisko-nsp-ceska-lipa-a-s-ct-6074b13d659c7.pdf",742253
66,"Komise pro posuzování rozmístění přístrojových zdravotnických prostředků a kapacit hrazených z veřejného zdravotního pojištění","Stanovisko NsP Česká Lípa, a.s. - skiaskopicko-skiagrafický komplet s C-ramenem","https://ppo.mzcr.cz/upload/files/jednani-per-rollam-12-14-3-2021-obnovy-stanovisko-nsp-ceska-lipa-a-s-skiaskopicko-skiagraficky-komplet-s-c-ramenem-6074b1497c0a7.pdf",576366
66,"Komise pro posuzování rozmístění přístrojových zdravotnických prostředků a kapacit hrazených z veřejného zdravotního pojištění","Stanovisko NsP Havířov, p.o. - CT","https://ppo.mzcr.cz/upload/files/jednani-per-rollam-12-14-3-2021-obnovy-stanovisko-nsp-havirov-p-o-ct-6074b15472e4d.pdf",565723
66,"Komise pro posuzování rozmístění přístrojových zdravotnických prostředků a kapacit hrazených z veřejného zdravotního pojištění","Stanovisko NsP Havířov, p.o. - mamograf","https://ppo.mzcr.cz/upload/files/jednani-per-rollam-12-14-3-2021-obnovy-stanovisko-nsp-havirov-p-o-mamograf-6074b1666a850.pdf",500853
66,"Komise pro posuzování rozmístění přístrojových zdravotnických prostředků a kapacit hrazených z veřejného zdravotního pojištění","Stanovisko NsP Havířov, p.o. - skiagrafický přístroj","https://ppo.mzcr.cz/upload/files/jednani-per-rollam-12-14-3-2021-obnovy-stanovisko-nsp-havirov-p-o-skiagraficky-pristroj-6074b1740813a.pdf",546767
66,"Komise pro posuzování rozmístění přístrojových zdravotnických prostředků a kapacit hrazených z veřejného zdravotního pojištění","Stanovisko ON Jičín, a.s. - CT","https://ppo.mzcr.cz/upload/files/jednani-per-rollam-12-14-3-2021-obnovy-stanovisko-on-jicin-a-s-ct-6074b180d314f.pdf",591384
66,"Komise pro posuzování rozmístění přístrojových zdravotnických prostředků a kapacit hrazených z veřejného zdravotního pojištění","Stanovisko ON Jičín, a.s. - skiaskopicko-skiagrafický systém s C-ramenem","https://ppo.mzcr.cz/upload/files/jednani-per-rollam-12-14-3-2021-obnovy-stanovisko-on-jicin-a-s-skiaskopicko-skiagraficky-system-s-c-ramenem-6074b18aef9f5.pdf",676868
66,"Komise pro posuzování rozmístění přístrojových zdravotnických prostředků a kapacit hrazených z veřejného zdravotního pojištění","Stanovisko ON Kladno, a.s. - angiografický přístroj","https://ppo.mzcr.cz/upload/files/jednani-per-rollam-12-14-3-2021-obnovy-stanovisko-on-kladno-a-s-angiograficky-pristroj-6074b1c992051.pdf",450977
66,"Komise pro posuzování rozmístění přístrojových zdravotnických prostředků a kapacit hrazených z veřejného zdravotního pojištění","Stanovisko ON Kolín, a.s. - Kutná Hora - skiagraficko-skiaskopický RTG","https://ppo.mzcr.cz/upload/files/jednani-per-rollam-12-14-3-2021-obnovy-stanovisko-on-kolin-a-s-kutna-hora-skiagraficko-skiaskopicky-rtg-6074b1d54a1a3.pdf",519228
66,"Komise pro posuzování rozmístění přístrojových zdravotnických prostředků a kapacit hrazených z veřejného zdravotního pojištění","Stanovisko ON Mladá Boleslav, a.s. - angiografický systém pro cévní katetrizaci","https://ppo.mzcr.cz/upload/files/jednani-per-rollam-12-14-3-2021-obnovy-stanovisko-on-mlada-boleslav-a-s-angiograficky-system-pro-cevni-katetrizaci-6074b1ea7b8a5.pdf",506458
66,"Komise pro posuzování rozmístění přístrojových zdravotnických prostředků a kapacit hrazených z veřejného zdravotního pojištění","Stanovisko ON Příbram, a.s. - CT","https://ppo.mzcr.cz/upload/files/jednani-per-rollam-12-14-3-2021-obnovy-stanovisko-on-pribram-a-s-ct-6074b1fad738f.pdf",501655
66,"Komise pro posuzování rozmístění přístrojových zdravotnických prostředků a kapacit hrazených z veřejného zdravotního pojištění","Stanovisko ON Příbram, a.s. - mamograf","https://ppo.mzcr.cz/upload/files/jednani-per-rollam-12-14-3-2021-obnovy-stanovisko-on-pribram-a-s-mamograf-6074b20859411.pdf",557438
66,"Komise pro posuzování rozmístění přístrojových zdravotnických prostředků a kapacit hrazených z veřejného zdravotního pojištění","Stanovisko ON Příbram, a.s. - MR 1,5T","https://ppo.mzcr.cz/upload/files/jednani-per-rollam-12-14-3-2021-obnovy-stanovisko-on-pribram-a-s-mr-1-5t-6074b216a24d5.pdf",505382
66,"Komise pro posuzování rozmístění přístrojových zdravotnických prostředků a kapacit hrazených z veřejného zdravotního pojištění","Stanovisko ON Příbram, a.s. - SPECT-CT I.","https://ppo.mzcr.cz/upload/files/jednani-per-rollam-12-14-3-2021-obnovy-stanovisko-on-pribram-a-s-spect-ct-i-6074b2244150f.pdf",527849
66,"Komise pro posuzování rozmístění přístrojových zdravotnických prostředků a kapacit hrazených z veřejného zdravotního pojištění","Stanovisko ON Příbram, a.s. - SPECT-CT II.","https://ppo.mzcr.cz/upload/files/jednani-per-rollam-12-14-3-2021-obnovy-stanovisko-on-pribram-a-s-spect-ct-ii-6074b23440472.pdf",528634
66,"Komise pro posuzování rozmístění přístrojových zdravotnických prostředků a kapacit hrazených z veřejného zdravotního pojištění","Stanovisko Proton Therapy Center Czech s.r.o. - MR 1,5T","https://ppo.mzcr.cz/upload/files/jednani-per-rollam-12-14-3-2021-obnovy-stanovisko-proton-therapy-center-czech-s-r-o-mr-1-5t-6074b24f769c5.pdf",459907
66,"Komise pro posuzování rozmístění přístrojových zdravotnických prostředků a kapacit hrazených z veřejného zdravotního pojištění","Stanovisko Rehabilitační ústav Hrabyně - Lokomat","https://ppo.mzcr.cz/upload/files/jednani-per-rollam-12-14-3-2021-obnovy-stanovisko-rehabilitacni-ustav-hrabyne-lokomat-6074b25add145.pdf",406565
66,"Komise pro posuzování rozmístění přístrojových zdravotnických prostředků a kapacit hrazených z veřejného zdravotního pojištění","Stanovisko Slezská nemocnice v Opavě, p.o. - SPECT-CT","https://ppo.mzcr.cz/upload/files/jednani-per-rollam-12-14-3-2021-obnovy-stanovisko-slezska-nemocnice-v-opave-p-o-spect-ct-6074b26648ba7.pdf",559046
66,"Komise pro posuzování rozmístění přístrojových zdravotnických prostředků a kapacit hrazených z veřejného zdravotního pojištění","Stanovisko SurGal Clinic, s.r.o. - CT","https://ppo.mzcr.cz/upload/files/jednani-per-rollam-12-14-3-2021-obnovy-stanovisko-surgal-clinic-s-r-o-ct-6074b27027a74.pdf",494688
66,"Komise pro posuzování rozmístění přístrojových zdravotnických prostředků a kapacit hrazených z veřejného zdravotního pojištění","Stanovisko SurGal Clinic, s.r.o. - MR 1,5T","https://ppo.mzcr.cz/upload/files/jednani-per-rollam-12-14-3-2021-obnovy-stanovisko-surgal-clinic-s-r-o-mr-1-5t-6074b27e9ab55.pdf",520759
66,"Komise pro posuzování rozmístění přístrojových zdravotnických prostředků a kapacit hrazených z veřejného zdravotního pojištění","Stanovisko SZZ Krnov, p.o. - CT","https://ppo.mzcr.cz/upload/files/jednani-per-rollam-12-14-3-2021-obnovy-stanovisko-szz-krnov-p-o-ct-6074b28b61d21.pdf",460024
66,"Komise pro posuzování rozmístění přístrojových zdravotnických prostředků a kapacit hrazených z veřejného zdravotního pojištění","Stanovisko Uherskohradišťská nemocnice a.s. - mamografický RTG přístroj","https://ppo.mzcr.cz/upload/files/jednani-per-rollam-12-14-3-2021-obnovy-stanovisko-uherskohradistska-nemocnice-a-s-mamograficky-rtg-pristroj-6074b296a657a.pdf",390556
66,"Komise pro posuzování rozmístění přístrojových zdravotnických prostředků a kapacit hrazených z veřejného zdravotního pojištění","Stanovisko Uherskohradišťská nemocnice a.s. - skiagrafický RTG přístroj","https://ppo.mzcr.cz/upload/files/jednani-per-rollam-12-14-3-2021-obnovy-stanovisko-uherskohradistska-nemocnice-a-s-skiagraficky-rtg-pristroj-6074b2a704970.pdf",383642
66,"Komise pro posuzování rozmístění přístrojových zdravotnických prostředků a kapacit hrazených z veřejného zdravotního pojištění","Stanovisko ÚHKT - cytometr-buněčný sorter","https://ppo.mzcr.cz/upload/files/jednani-per-rollam-12-14-3-2021-obnovy-stanovisko-uhkt-cytometr-bunecny-sorter-6074b2b25a38b.pdf",402593
66,"Komise pro posuzování rozmístění přístrojových zdravotnických prostředků a kapacit hrazených z veřejného zdravotního pojištění","Stanovisko ÚHKT - průtokový cytometr","https://ppo.mzcr.cz/upload/files/jednani-per-rollam-12-14-3-2021-obnovy-stanovisko-uhkt-prutokovy-cytometr-6074b2c3747e5.pdf",394768
66,"Komise pro posuzování rozmístění přístrojových zdravotnických prostředků a kapacit hrazených z veřejného zdravotního pojištění","Stanovisko ÚHKT - spektrální cytometr","https://ppo.mzcr.cz/upload/files/jednani-per-rollam-12-14-3-2021-obnovy-stanovisko-uhkt-spektralni-cytometr-6074b2d12431f.pdf",396740
66,"Komise pro posuzování rozmístění přístrojových zdravotnických prostředků a kapacit hrazených z veřejného zdravotního pojištění","Stanovisko ÚHKT - vysokokapacitní sekvenátor","https://ppo.mzcr.cz/upload/files/jednani-per-rollam-12-14-3-2021-obnovy-stanovisko-uhkt-vysokokapacitni-sekvenator-6074b2e8b4076.pdf",497559
66,"Komise pro posuzování rozmístění přístrojových zdravotnických prostředků a kapacit hrazených z veřejného zdravotního pojištění","Stanovisko Úrazová nemocnice v Brně - CT","https://ppo.mzcr.cz/upload/files/jednani-per-rollam-12-14-3-2021-obnovy-stanovisko-urazova-nemocnice-v-brne-ct-6074b2f533e30.pdf",649387
66,"Komise pro posuzování rozmístění přístrojových zdravotnických prostředků a kapacit hrazených z veřejného zdravotního pojištění","Stanovisko Úrazová nemocnice v Brně - skiaskopicko-skiagrafický RTG přístroj","https://ppo.mzcr.cz/upload/files/jednani-per-rollam-12-14-3-2021-obnovy-stanovisko-urazova-nemocnice-v-brne-skiaskopicko-skiagraficky-rtg-pristroj-6074b301ee5f7.pdf",672728
66,"Komise pro posuzování rozmístění přístrojových zdravotnických prostředků a kapacit hrazených z veřejného zdravotního pojištění","Stanovisko ÚVN Praha - dvourovinná stacionární angiolinka","https://ppo.mzcr.cz/upload/files/jednani-per-rollam-12-14-3-2021-obnovy-stanovisko-uvn-praha-dvourovinna-stacionarni-angiolinka-6074b30ce42e9.pdf",550918
66,"Komise pro posuzování rozmístění přístrojových zdravotnických prostředků a kapacit hrazených z veřejného zdravotního pojištění","Stanovisko ÚVN Praha - excimer laser","https://ppo.mzcr.cz/upload/files/jednani-per-rollam-12-14-3-2021-obnovy-stanovisko-uvn-praha-excimer-laser-6074b31d2cd58.pdf",442741
66,"Komise pro posuzování rozmístění přístrojových zdravotnických prostředků a kapacit hrazených z veřejného zdravotního pojištění","Stanovisko ÚVN Praha - plánovací CT pro radioterapii","https://ppo.mzcr.cz/upload/files/jednani-per-rollam-12-14-3-2021-obnovy-stanovisko-uvn-praha-planovaci-ct-pro-radioterapii-6074b32fa1aaf.pdf",469864
66,"Komise pro posuzování rozmístění přístrojových zdravotnických prostředků a kapacit hrazených z veřejného zdravotního pojištění","Stanovisko VFN - hematologická linka 2 ks","https://ppo.mzcr.cz/upload/files/jednani-per-rollam-12-14-3-2021-obnovy-stanovisko-vfn-hematologicka-linka-2-ks-6074b33b250a1.pdf",450548
66,"Komise pro posuzování rozmístění přístrojových zdravotnických prostředků a kapacit hrazených z veřejného zdravotního pojištění","Stanovisko VFN - hmotnostní spektrometr","https://ppo.mzcr.cz/upload/files/jednani-per-rollam-12-14-3-2021-obnovy-stanovisko-vfn-hmotnostni-spektrometr-6074b3450f8b7.pdf",415553
66,"Komise pro posuzování rozmístění přístrojových zdravotnických prostředků a kapacit hrazených z veřejného zdravotního pojištění","Stanovisko VFN - kardiologický angiografický systém","https://ppo.mzcr.cz/upload/files/jednani-per-rollam-12-14-3-2021-obnovy-stanovisko-vfn-kardiologicky-angiograficky-system-6074b34f1e316.pdf",695688
66,"Komise pro posuzování rozmístění přístrojových zdravotnických prostředků a kapacit hrazených z veřejného zdravotního pojištění","Stanovisko VFN - mamografický přístroj","https://ppo.mzcr.cz/upload/files/jednani-per-rollam-12-14-3-2021-obnovy-stanovisko-vfn-mamograficky-pristroj-6074b35acbc75.pdf",621388
66,"Komise pro posuzování rozmístění přístrojových zdravotnických prostředků a kapacit hrazených z veřejného zdravotního pojištění","Stanovisko VFN - PET-CT","https://ppo.mzcr.cz/upload/files/jednani-per-rollam-12-14-3-2021-obnovy-stanovisko-vfn-pet-ct-6074b366f21d6.pdf",484770
66,"Komise pro posuzování rozmístění přístrojových zdravotnických prostředků a kapacit hrazených z veřejného zdravotního pojištění","Stanovisko VFN - SPECT","https://ppo.mzcr.cz/upload/files/jednani-per-rollam-12-14-3-2021-obnovy-stanovisko-vfn-spect-6074b3aa0abb9.pdf",399733
66,"Komise pro posuzování rozmístění přístrojových zdravotnických prostředků a kapacit hrazených z veřejného zdravotního pojištění","Stanovisko VFN SPECT-CT","https://ppo.mzcr.cz/upload/files/jednani-per-rollam-12-14-3-2021-obnovy-stanovisko-vfn-spect-ct-6074b3b61b948.pdf",401184
66,"Komise pro posuzování rozmístění přístrojových zdravotnických prostředků a kapacit hrazených z veřejného zdravotního pojištění","Stanovisko Vojenská lázeňská a rekreační zařízení VRÚ Slapy - Lokomat","https://ppo.mzcr.cz/upload/files/jednani-per-rollam-12-14-3-2021-obnovy-stanovisko-vojenska-lazenska-a-rekreacni-zarizeni-vru-slapy-lokomat-6074b3c418e5d.pdf",590754
66,"Komise pro posuzování rozmístění přístrojových zdravotnických prostředků a kapacit hrazených z veřejného zdravotního pojištění","Stanovisko Vojenská nemocnice Brno - RTG systém skiagrafie","https://ppo.mzcr.cz/upload/files/jednani-per-rollam-12-14-3-2021-obnovy-stanovisko-vojenska-nemocnice-brno-rtg-system-skiagrafie-6074b3cf82edf.pdf",474119
66,"Komise pro posuzování rozmístění přístrojových zdravotnických prostředků a kapacit hrazených z veřejného zdravotního pojištění","Stanovisko Vojenská nemocnice Brno - RTG systém skiaskopie","https://ppo.mzcr.cz/upload/files/jednani-per-rollam-12-14-3-2021-obnovy-stanovisko-vojenska-nemocnice-brno-rtg-system-skiaskopie-6074b3dd012b7.pdf",460303
66,"Komise pro posuzování rozmístění přístrojových zdravotnických prostředků a kapacit hrazených z veřejného zdravotního pojištění","Stanovisko Nemocnice Mariánské Lázně s.r.o. - skiaskopicko-skiagrafický RTG přístroj","https://ppo.mzcr.cz/upload/files/jednani-per-rollam-12-14-3-2021-obnovy-stanovisko-nemocnice-marianske-lazne-s-r-o-skiaskopicko-skiagraficky-rtg-pristroj-6093deb15d196.pdf",539833
66,"Komise pro posuzování rozmístění přístrojových zdravotnických prostředků a kapacit hrazených z veřejného zdravotního pojištění","Stanovisko Nemocnice České Budějovice, a.s. - skiaskopicko-skiagrafický RTG přístroj","https://ppo.mzcr.cz/upload/files/jednani-per-rollam-26-28-3-2021-obnovy-stanovisko-nemocnice-ceske-budejovice-a-s-skiaskopicko-skiagraficky-rtg-pristroj-607078581a85d.pdf",369615
66,"Komise pro posuzování rozmístění přístrojových zdravotnických prostředků a kapacit hrazených z veřejného zdravotního pojištění","Stanovisko Nemocnice České Budějovice, a.s. - plánovací a verifikační systém + lineární urychlovač 2 ks","https://ppo.mzcr.cz/upload/files/jednani-per-rollam-26-28-3-2021-obnovy-stanovisko-nemocnice-ceske-budejovice-a-s-planovaci-a-verifikacni-system-linearni-urychlovac-2-ks-60707861bf06e.pdf",413467
66,"Komise pro posuzování rozmístění přístrojových zdravotnických prostředků a kapacit hrazených z veřejného zdravotního pojištění","Stanovisko Nemocnice České Budějovice, a.s. - operační mikroskop 2","https://ppo.mzcr.cz/upload/files/jednani-per-rollam-26-28-3-2021-obnovy-stanovisko-nemocnice-ceske-budejovice-a-s-operacni-mikroskop-2-60707902dea21.pdf",353967
66,"Komise pro posuzování rozmístění přístrojových zdravotnických prostředků a kapacit hrazených z veřejného zdravotního pojištění","Stanovisko Nemocnice České Budějovice, a.s. - MR 1,5T","https://ppo.mzcr.cz/upload/files/jednani-per-rollam-26-28-3-2021-obnovy-stanovisko-nemocnice-ceske-budejovice-a-s-mr-1-5t-6070790d0ea9e.pdf",419110
66,"Komise pro posuzování rozmístění přístrojových zdravotnických prostředků a kapacit hrazených z veřejného zdravotního pojištění","Stanovisko Nemocnice České Budějovice, a.s. - digitální operační mikroskop","https://ppo.mzcr.cz/upload/files/jednani-per-rollam-26-28-3-2021-obnovy-stanovisko-nemocnice-ceske-budejovice-a-s-digitalni-operacni-mikroskop-6070791727e21.pdf",368036
66,"Komise pro posuzování rozmístění přístrojových zdravotnických prostředků a kapacit hrazených z veřejného zdravotního pojištění","Stanovisko Nemocnice České Budějovice, a.s. - angiografický RTG přístroj","https://ppo.mzcr.cz/upload/files/jednani-per-rollam-26-28-3-2021-obnovy-stanovisko-nemocnice-ceske-budejovice-a-s-angiograficky-rtg-pristroj-607079213caf6.pdf",388305
66,"Komise pro posuzování rozmístění přístrojových zdravotnických prostředků a kapacit hrazených z veřejného zdravotního pojištění","Stanovisko Nemocnice České Budějovice, a.s. - analyzátor LC-MS Q-TOF","https://ppo.mzcr.cz/upload/files/jednani-per-rollam-26-28-3-2021-obnovy-stanovisko-nemocnice-ceske-budejovice-a-s-analyzator-lc-ms-q-tof-6070792f2ffec.pdf",398819
66,"Komise pro posuzování rozmístění přístrojových zdravotnických prostředků a kapacit hrazených z veřejného zdravotního pojištění","Stanovisko Nemocnice České Budějovice, a.s. - analyzátor LC-MS QQQ","https://ppo.mzcr.cz/upload/files/jednani-per-rollam-26-28-3-2021-obnovy-stanovisko-nemocnice-ceske-budejovice-a-s-analyzator-lc-ms-qqq-6070793b39470.pdf",378051
66,"Komise pro posuzování rozmístění přístrojových zdravotnických prostředků a kapacit hrazených z veřejného zdravotního pojištění","Stanovisko Nemocnice Boskovice, s.r.o. - skiagrafický RTG přístroj 2 ks","https://ppo.mzcr.cz/upload/files/jednani-per-rollam-26-28-3-2021-obnovy-stanovisko-nemocnice-boskovice-s-r-o-skiagraficky-rtg-pristroj-2-ks-6070794a06c9b.pdf",434944
66,"Komise pro posuzování rozmístění přístrojových zdravotnických prostředků a kapacit hrazených z veřejného zdravotního pojištění","Stanovisko Nemocnice Boskovice, s.r.o. - skiagraficko-skiaskopický RTG přístroj","https://ppo.mzcr.cz/upload/files/jednani-per-rollam-26-28-3-2021-obnovy-stanovisko-nemocnice-boskovice-s-r-o-skiagraficko-skiaskopicky-rtg-pristroj-6070795491ea3.pdf",449821
66,"Komise pro posuzování rozmístění přístrojových zdravotnických prostředků a kapacit hrazených z veřejného zdravotního pojištění","Stanovisko KN Tomáše Bati, a.s., Zlín - LU 2 ks","https://ppo.mzcr.cz/upload/files/jednani-per-rollam-26-28-3-2021-obnovy-stanovisko-kn-tomase-bati-a-s-zlin-lu-2-ks-6070795e929a9.pdf",663406
66,"Komise pro posuzování rozmístění přístrojových zdravotnických prostředků a kapacit hrazených z veřejného zdravotního pojištění","Stanovisko EUC Klinika Ústí na Labem, s.r.o. - CT","https://ppo.mzcr.cz/upload/files/jednani-per-rollam-26-28-3-2021-obnovy-stanovisko-euc-klinika-usti-na-labem-s-r-o-ct-60707969e63bd.pdf",517969
66,"Komise pro posuzování rozmístění přístrojových zdravotnických prostředků a kapacit hrazených z veřejného zdravotního pojištění","Stanovisko Endokrinologický ústav - chromatograf s hmotnostním spektrometrem","https://ppo.mzcr.cz/upload/files/jednani-videokonference-12-3-2021-nove-kapacity-stanovisko-endokrinologicky-ustav-chromatograf-s-hmotnostnim-spektrometrem-60707a22a3b75.pdf",627813
66,"Komise pro posuzování rozmístění přístrojových zdravotnických prostředků a kapacit hrazených z veřejného zdravotního pojištění","Stanovisko FN Ostrava - hmotnostní spektrometrie","https://ppo.mzcr.cz/upload/files/jednani-videokonference-12-3-2021-nove-kapacity-stanovisko-fn-ostrava-hmotnostni-spektrometrie-60707a2e91d35.pdf",636859
66,"Komise pro posuzování rozmístění přístrojových zdravotnických prostředků a kapacit hrazených z veřejného zdravotního pojištění","Stanovisko FN Ostrava - robotický operační systém","https://ppo.mzcr.cz/upload/files/jednani-videokonference-12-3-2021-nove-kapacity-stanovisko-fn-ostrava-roboticky-operacni-system-60707b0fd5288.pdf",354960
66,"Komise pro posuzování rozmístění přístrojových zdravotnických prostředků a kapacit hrazených z veřejného zdravotního pojištění","Stanovisko FN v Motole - PET-CT","https://ppo.mzcr.cz/upload/files/jednani-videokonference-12-3-2021-nove-kapacity-stanovisko-fn-v-motole-pet-ct-60707b3d66005.pdf",407789
66,"Komise pro posuzování rozmístění přístrojových zdravotnických prostředků a kapacit hrazených z veřejného zdravotního pojištění","Stanovisko FN v Motole - systém pro perfuzi plic","https://ppo.mzcr.cz/upload/files/jednani-videokonference-12-3-2021-nove-kapacity-stanovisko-fn-v-motole-system-pro-perfuzi-plic-60707b51e26e8.pdf",510002
66,"Komise pro posuzování rozmístění přístrojových zdravotnických prostředků a kapacit hrazených z veřejného zdravotního pojištění","Stanovisko FNKV - celotělový 3D skener","https://ppo.mzcr.cz/upload/files/jednani-videokonference-12-3-2021-nove-kapacity-stanovisko-fnkv-celotelovy-3d-skener-60707b6b824ca.pdf",492830
66,"Komise pro posuzování rozmístění přístrojových zdravotnických prostředků a kapacit hrazených z veřejného zdravotního pojištění","Stanovisko FNKV - chirurgický laser","https://ppo.mzcr.cz/upload/files/jednani-videokonference-12-3-2021-nove-kapacity-stanovisko-fnkv-chirurgicky-laser-60707b92a6372.pdf",440480
66,"Komise pro posuzování rozmístění přístrojových zdravotnických prostředků a kapacit hrazených z veřejného zdravotního pojištění","Stanovisko FNKV - mobilní chirurgický mikroskop","https://ppo.mzcr.cz/upload/files/jednani-videokonference-12-3-2021-nove-kapacity-stanovisko-fnkv-mobilni-chirurgicky-mikroskop-60707bc7e2f14.pdf",543572
66,"Komise pro posuzování rozmístění přístrojových zdravotnických prostředků a kapacit hrazených z veřejného zdravotního pojištění","Stanovisko FNKV - PET-CT","https://ppo.mzcr.cz/upload/files/jednani-videokonference-12-3-2021-nove-kapacity-stanovisko-fnkv-pet-ct-60707bd3d8a69.pdf",527603
66,"Komise pro posuzování rozmístění přístrojových zdravotnických prostředků a kapacit hrazených z veřejného zdravotního pojištění","Stanovisko FNKV - robotický chirurgický systém","https://ppo.mzcr.cz/upload/files/jednani-videokonference-12-3-2021-nove-kapacity-stanovisko-fnkv-roboticky-chirurgicky-system-60707be037500.pdf",619332
66,"Komise pro posuzování rozmístění přístrojových zdravotnických prostředků a kapacit hrazených z veřejného zdravotního pojištění","Stanovisko FNKV - robotický systém pro spinální operace","https://ppo.mzcr.cz/upload/files/jednani-videokonference-12-3-2021-nove-kapacity-stanovisko-fnkv-roboticky-system-pro-spinalni-operace-60707bf06b1f1.pdf",527129
66,"Komise pro posuzování rozmístění přístrojových zdravotnických prostředků a kapacit hrazených z veřejného zdravotního pojištění","Stanovisko IKEM - PET-CT","https://ppo.mzcr.cz/upload/files/jednani-videokonference-12-3-2021-nove-kapacity-stanovisko-ikem-pet-ct-60707bfbb24bf.pdf",471852
66,"Komise pro posuzování rozmístění přístrojových zdravotnických prostředků a kapacit hrazených z veřejného zdravotního pojištění","Stanovisko IKEM - robotický operační systém","https://ppo.mzcr.cz/upload/files/jednani-videokonference-12-3-2021-nove-kapacity-stanovisko-ikem-roboticky-operacni-system-60707c069cf26.pdf",446855
66,"Komise pro posuzování rozmístění přístrojových zdravotnických prostředků a kapacit hrazených z veřejného zdravotního pojištění","Stanovisko Jihomoravské dětské léčebny, p.o. - robotický trenažer chůze","https://ppo.mzcr.cz/upload/files/jednani-videokonference-12-3-2021-nove-kapacity-stanovisko-jihomoravske-detske-lecebny-p-o-roboticky-trenazer-chuze-60707c177004a.pdf",459890
66,"Komise pro posuzování rozmístění přístrojových zdravotnických prostředků a kapacit hrazených z veřejného zdravotního pojištění","Stanovisko KN Liberec, a.s. - systém pro analýzu globální postury","https://ppo.mzcr.cz/upload/files/jednani-videokonference-12-3-2021-nove-kapacity-stanovisko-kn-liberec-a-s-system-pro-analyzu-globalni-postury-60707c242b432.pdf",641466
66,"Komise pro posuzování rozmístění přístrojových zdravotnických prostředků a kapacit hrazených z veřejného zdravotního pojištění","Stanovisko KN Tomáše Bati, a.s. - automatizovaná mikrobiologická linka","https://ppo.mzcr.cz/upload/files/jednani-videokonference-12-3-2021-nove-kapacity-stanovisko-kn-tomase-bati-a-s-automatizovana-mikrobiologicka-linka-60708102a8d5a.pdf",490190
66,"Komise pro posuzování rozmístění přístrojových zdravotnických prostředků a kapacit hrazených z veřejného zdravotního pojištění","Stanovisko KN Tomáše Bati, a.s. - hmotnostní spektrometr","https://ppo.mzcr.cz/upload/files/jednani-videokonference-12-3-2021-nove-kapacity-stanovisko-kn-tomase-bati-a-s-hmotnostni-spektrometr-6070810d208b5.pdf",660274
66,"Komise pro posuzování rozmístění přístrojových zdravotnických prostředků a kapacit hrazených z veřejného zdravotního pojištění","Stanovisko KN Tomáše Bati, a.s. - robotický chirurgický systém","https://ppo.mzcr.cz/upload/files/jednani-videokonference-12-3-2021-nove-kapacity-stanovisko-kn-tomase-bati-a-s-roboticky-chirurgicky-system-607081169ae5a.pdf",699768
66,"Komise pro posuzování rozmístění přístrojových zdravotnických prostředků a kapacit hrazených z veřejného zdravotního pojištění","Stanovisko Nemocnice Jihlava, p.o. - angiografický systém","https://ppo.mzcr.cz/upload/files/jednani-videokonference-12-3-2021-nove-kapacity-stanovisko-nemocnice-jihlava-p-o-angiograficky-system-60708123ab851.pdf",539459
66,"Komise pro posuzování rozmístění přístrojových zdravotnických prostředků a kapacit hrazených z veřejného zdravotního pojištění","Stanovisko Nemocnice Jihlava, p.o. - robotický operační systém","https://ppo.mzcr.cz/upload/files/jednani-videokonference-12-3-2021-nove-kapacity-stanovisko-nemocnice-jihlava-p-o-roboticky-operacni-system-607081322efb9.pdf",634994
66,"Komise pro posuzování rozmístění přístrojových zdravotnických prostředků a kapacit hrazených z veřejného zdravotního pojištění","Stanovisko Nemocnice Jihlava, p.o. - skiagrafický RTG komplet","https://ppo.mzcr.cz/upload/files/jednani-videokonference-12-3-2021-nove-kapacity-stanovisko-nemocnice-jihlava-p-o-skiagraficky-rtg-komplet-6070813da71fd.pdf",536170
66,"Komise pro posuzování rozmístění přístrojových zdravotnických prostředků a kapacit hrazených z veřejného zdravotního pojištění","Stanovisko Nemocnice Na Františku - RTG skiaskopie a skiagrafie","https://ppo.mzcr.cz/upload/files/jednani-videokonference-12-3-2021-nove-kapacity-stanovisko-nemocnice-na-frantisku-rtg-skiaskopie-a-skiagrafie-607081490cfd0.pdf",443364
66,"Komise pro posuzování rozmístění přístrojových zdravotnických prostředků a kapacit hrazených z veřejného zdravotního pojištění","Stanovisko Nemocnice Na Františku - skiaskopický RTG s C-ramenem","https://ppo.mzcr.cz/upload/files/jednani-videokonference-12-3-2021-nove-kapacity-stanovisko-nemocnice-na-frantisku-skiaskopicky-rtg-s-c-ramenem-60708153a1275.pdf",449709
66,"Komise pro posuzování rozmístění přístrojových zdravotnických prostředků a kapacit hrazených z veřejného zdravotního pojištění","Stanovisko Nemocnice Pelhřimov, p.o. - MR 1,5T","https://ppo.mzcr.cz/upload/files/jednani-videokonference-12-3-2021-nove-kapacity-stanovisko-nemocnice-pelhrimov-p-o-mr-1-5t-6070815da249e.pdf",591436
66,"Komise pro posuzování rozmístění přístrojových zdravotnických prostředků a kapacit hrazených z veřejného zdravotního pojištění","Stanovisko Nemocnice Znojmo, p.o. - robotický operační systém","https://ppo.mzcr.cz/upload/files/jednani-videokonference-12-3-2021-nove-kapacity-stanovisko-nemocnice-znojmo-p-o-roboticky-operacni-system-60708167d005c.pdf",381175
66,"Komise pro posuzování rozmístění přístrojových zdravotnických prostředků a kapacit hrazených z veřejného zdravotního pojištění","Stanovisko Neurofyzionet, spol. s r.o. - MR 1,5T","https://ppo.mzcr.cz/upload/files/jednani-videokonference-12-3-2021-nove-kapacity-stanovisko-neurofyzionet-spol-s-r-o-mr-1-5t-60708173c9ab1.pdf",618291
66,"Komise pro posuzování rozmístění přístrojových zdravotnických prostředků a kapacit hrazených z veřejného zdravotního pojištění","Stanovisko OLÚ Metylovice - Moravskoslezské sanatorium, p.o. - kryokomora","https://ppo.mzcr.cz/upload/files/jednani-videokonference-12-3-2021-nove-kapacity-stanovisko-olu-metylovice-moravskoslezske-sanatorium-p-o-kryokomora-6070981bdbec4.pdf",640048
66,"Komise pro posuzování rozmístění přístrojových zdravotnických prostředků a kapacit hrazených z veřejného zdravotního pojištění","Stanovisko OLÚ Metylovice - Moravskoslezské sanatorium, p.o. - robotický systém Next Step","https://ppo.mzcr.cz/upload/files/jednani-videokonference-12-3-2021-nove-kapacity-stanovisko-olu-metylovice-moravskoslezske-sanatorium-p-o-roboticky-system-next-step-607098eb23bee.pdf",496089
66,"Komise pro posuzování rozmístění přístrojových zdravotnických prostředků a kapacit hrazených z veřejného zdravotního pojištění","Stanovisko Slezská nemocnice v Opavě, p.o. - CT","https://ppo.mzcr.cz/upload/files/jednani-videokonference-12-3-2021-nove-kapacity-stanovisko-slezska-nemocnice-v-opave-p-o-ct-607098f4ee2ac.pdf",680936
66,"Komise pro posuzování rozmístění přístrojových zdravotnických prostředků a kapacit hrazených z veřejného zdravotního pojištění","Stanovisko ÚVN Praha - ozařovač pro radioterapii řízenou obrazem MR","https://ppo.mzcr.cz/upload/files/jednani-videokonference-12-3-2021-nove-kapacity-stanovisko-uvn-praha-ozarovac-pro-radioterapii-rizenou-obrazem-mr-60709904689e3.pdf",504735
66,"Komise pro posuzování rozmístění přístrojových zdravotnických prostředků a kapacit hrazených z veřejného zdravotního pojištění","Stanovisko ÚVN Praha - PET-CT","https://ppo.mzcr.cz/upload/files/jednani-videokonference-12-3-2021-nove-kapacity-stanovisko-uvn-praha-pet-ct-60709915a87c4.pdf",506389
66,"Komise pro posuzování rozmístění přístrojových zdravotnických prostředků a kapacit hrazených z veřejného zdravotního pojištění","Stanovisko VFN - robotický operační systém","https://ppo.mzcr.cz/upload/files/jednani-videokonference-12-3-2021-nove-kapacity-stanovisko-vfn-roboticky-operacni-system-607099245050f.pdf",358023
66,"Komise pro posuzování rozmístění přístrojových zdravotnických prostředků a kapacit hrazených z veřejného zdravotního pojištění","Stanovisko FN Ostrava - angiografický komplet pro arytmologický sál 2 ks","https://ppo.mzcr.cz/upload/files/jednani-videokonference-5-3-2021-nove-kapacity-stanovisko-fn-ostrava-angiograficky-komplet-pro-arytmologicky-sal-2-ks-605b666972333.pdf",367555
66,"Komise pro posuzování rozmístění přístrojových zdravotnických prostředků a kapacit hrazených z veřejného zdravotního pojištění","Stanovisko FN Ostrava - elektrofyziologický modul 2 ks","https://ppo.mzcr.cz/upload/files/jednani-videokonference-5-3-2021-nove-kapacity-stanovisko-fn-ostrava-elektrofyziologicky-modul-2-ks-605b66770e5bd.pdf",366062
66,"Komise pro posuzování rozmístění přístrojových zdravotnických prostředků a kapacit hrazených z veřejného zdravotního pojištění","Stanovisko FN Ostrava - chromatograf s hmotnostním spektrometrem","https://ppo.mzcr.cz/upload/files/jednani-videokonference-5-3-2021-nove-kapacity-stanovisko-fn-ostrava-chromatograf-s-hmotnostnim-spektrometrem-605b667f1c600.pdf",377930
66,"Komise pro posuzování rozmístění přístrojových zdravotnických prostředků a kapacit hrazených z veřejného zdravotního pojištění","Stanovisko FN Ostrava - mapovací systém pro arytmologii 2 ks","https://ppo.mzcr.cz/upload/files/jednani-videokonference-5-3-2021-nove-kapacity-stanovisko-fn-ostrava-mapovaci-system-pro-arytmologii-2-ks-605b668e3f158.pdf",367715
66,"Komise pro posuzování rozmístění přístrojových zdravotnických prostředků a kapacit hrazených z veřejného zdravotního pojištění","Stanovisko FNKV - angiografický přístroj","https://ppo.mzcr.cz/upload/files/jednani-videokonference-5-3-2021-nove-kapacity-stanovisko-fnkv-angiograficky-pristroj-605b66963d277.pdf",633616
66,"Komise pro posuzování rozmístění přístrojových zdravotnických prostředků a kapacit hrazených z veřejného zdravotního pojištění","Stanovisko FNKV - RTG systém (EOSedge)","https://ppo.mzcr.cz/upload/files/jednani-videokonference-5-3-2021-nove-kapacity-stanovisko-fnkv-rtg-system-eosedge-605b669e3ed5b.pdf",552276
66,"Komise pro posuzování rozmístění přístrojových zdravotnických prostředků a kapacit hrazených z veřejného zdravotního pojištění","Stanovisko KZ, a.s., Ústí nad Labem - analytický systém","https://ppo.mzcr.cz/upload/files/jednani-videokonference-5-3-2021-nove-kapacity-stanovisko-kz-a-s-usti-nad-labem-analyticky-system-605b66a709ed8.pdf",560876
66,"Komise pro posuzování rozmístění přístrojových zdravotnických prostředků a kapacit hrazených z veřejného zdravotního pojištění","Stanovisko KZ, a.s., Ústí nad Labem - systém pro molekulární diagnostiku","https://ppo.mzcr.cz/upload/files/jednani-videokonference-5-3-2021-nove-kapacity-stanovisko-kz-a-s-usti-nad-labem-system-pro-molekularni-diagnostiku-605b66afbe9dd.pdf",531524
66,"Komise pro posuzování rozmístění přístrojových zdravotnických prostředků a kapacit hrazených z veřejného zdravotního pojištění","Stanovisko Městská nemocnice Ostrava - pojízdný RTG přístroj","https://ppo.mzcr.cz/upload/files/jednani-videokonference-5-3-2021-nove-kapacity-stanovisko-mestska-nemocnice-ostrava-pojizdny-rtg-pristroj-605b66c7d2f0c.pdf",414943
66,"Komise pro posuzování rozmístění přístrojových zdravotnických prostředků a kapacit hrazených z veřejného zdravotního pojištění","Stanovisko Rehabilitační ústav Hrabyně - přístroj pro robotickou terapii horní končetiny","https://ppo.mzcr.cz/upload/files/jednani-videokonference-5-3-2021-nove-kapacity-stanovisko-rehabilitacni-ustav-hrabyne-pristroj-pro-robotickou-terapii-horni-koncetiny-605b66d02a0bf.pdf",455415
66,"Komise pro posuzování rozmístění přístrojových zdravotnických prostředků a kapacit hrazených z veřejného zdravotního pojištění","Stanovisko ÚHKT - automatizovaný úložný systém","https://ppo.mzcr.cz/upload/files/jednani-videokonference-5-3-2021-nove-kapacity-stanovisko-uhkt-automatizovany-ulozny-system-605b66d849bb6.pdf",430725
66,"Komise pro posuzování rozmístění přístrojových zdravotnických prostředků a kapacit hrazených z veřejného zdravotního pojištění","Stanovisko ÚVN Praha - CT","https://ppo.mzcr.cz/upload/files/jednani-videokonference-5-3-2021-nove-kapacity-stanovisko-uvn-praha-ct-605b66e4b974c.pdf",461459
66,"Komise pro posuzování rozmístění přístrojových zdravotnických prostředků a kapacit hrazených z veřejného zdravotního pojištění","Stanovisko ÚVN Praha - MR 3T","https://ppo.mzcr.cz/upload/files/jednani-videokonference-5-3-2021-nove-kapacity-stanovisko-uvn-praha-mr-3t-605b66fe62ce3.pdf",548920
66,"Komise pro posuzování rozmístění přístrojových zdravotnických prostředků a kapacit hrazených z veřejného zdravotního pojištění","Stanovisko VFN Praha - kontinuální tkáňový procesor","https://ppo.mzcr.cz/upload/files/jednani-videokonference-5-3-2021-nove-kapacity-stanovisko-vfn-praha-kontinualni-tkanovy-procesor-605b670aaca5c.pdf",368117
66,"Komise pro posuzování rozmístění přístrojových zdravotnických prostředků a kapacit hrazených z veřejného zdravotního pojištění","Stanovisko VFN Praha - laserový mikrodisektor s fluorescencí","https://ppo.mzcr.cz/upload/files/jednani-videokonference-5-3-2021-nove-kapacity-stanovisko-vfn-praha-laserovy-mikrodisektor-s-fluorescenci-605b6716074b4.pdf",372114
66,"Komise pro posuzování rozmístění přístrojových zdravotnických prostředků a kapacit hrazených z veřejného zdravotního pojištění","Stanovisko VFN Praha - RTG přístroj pro hybridní operační sál (angiografický komplet)","https://ppo.mzcr.cz/upload/files/jednani-videokonference-5-3-2021-nove-kapacity-stanovisko-vfn-praha-rtg-pristroj-pro-hybridni-operacni-sal-angiograficky-komplet-605b671ebd6f3.pdf",372324
66,"Komise pro posuzování rozmístění přístrojových zdravotnických prostředků a kapacit hrazených z veřejného zdravotního pojištění","Stanovisko VFN Praha - sekvenátor","https://ppo.mzcr.cz/upload/files/jednani-videokonference-5-3-2021-nove-kapacity-stanovisko-vfn-praha-sekvenator-605b6729b6a95.pdf",353767
66,"Komise pro posuzování rozmístění přístrojových zdravotnických prostředků a kapacit hrazených z veřejného zdravotního pojištění","STANOVISKO - Domažlická nemocnice - skiagrafisko-skiaskopický RTG","https://ppo.mzcr.cz/upload/files/jednani-per-rollam-26-28-2-2021-obnovy-stanovisko-domazlicka-nemocnice-skiagrafisko-skiaskopicky-rtg-605b5b0feebfa.pdf",418507
66,"Komise pro posuzování rozmístění přístrojových zdravotnických prostředků a kapacit hrazených z veřejného zdravotního pojištění","STANOVISKO - Domažlická nemocnice - skiagrafiský RTG","https://ppo.mzcr.cz/upload/files/jednani-per-rollam-26-28-2-2021-obnovy-stanovisko-domazlicka-nemocnice-skiagrafisky-rtg-605b5b1c03eb6.pdf",370032
66,"Komise pro posuzování rozmístění přístrojových zdravotnických prostředků a kapacit hrazených z veřejného zdravotního pojištění","STANOVISKO - FN Brno - angiografická linka (aritmo IKK)","https://ppo.mzcr.cz/upload/files/jednani-per-rollam-26-28-2-2021-obnovy-stanovisko-fn-brno-angiograficka-linka-aritmo-ikk-605b5b25a6ba1.pdf",489423
66,"Komise pro posuzování rozmístění přístrojových zdravotnických prostředků a kapacit hrazených z veřejného zdravotního pojištění","STANOVISKO - FN Brno - CT","https://ppo.mzcr.cz/upload/files/jednani-per-rollam-26-28-2-2021-obnovy-stanovisko-fn-brno-ct-605b5b3a30337.pdf",442457
66,"Komise pro posuzování rozmístění přístrojových zdravotnických prostředků a kapacit hrazených z veřejného zdravotního pojištění","STANOVISKO - FN Brno - digitální skiagrafický RTG komplet robotický","https://ppo.mzcr.cz/upload/files/jednani-per-rollam-26-28-2-2021-obnovy-stanovisko-fn-brno-digitalni-skiagraficky-rtg-komplet-roboticky-605b5b4457b19.pdf",475294
66,"Komise pro posuzování rozmístění přístrojových zdravotnických prostředků a kapacit hrazených z veřejného zdravotního pojištění","STANOVISKO - FN Brno - digitální skiagrafický RTG komplet","https://ppo.mzcr.cz/upload/files/jednani-per-rollam-26-28-2-2021-obnovy-stanovisko-fn-brno-digitalni-skiagraficky-rtg-komplet-605b5b5055505.pdf",463828
66,"Komise pro posuzování rozmístění přístrojových zdravotnických prostředků a kapacit hrazených z veřejného zdravotního pojištění","STANOVISKO - FN Brno - echokardiografický přístroj I","https://ppo.mzcr.cz/upload/files/jednani-per-rollam-26-28-2-2021-obnovy-stanovisko-fn-brno-echokardiograficky-pristroj-i-605b5b5b8ade8.pdf",547020
66,"Komise pro posuzování rozmístění přístrojových zdravotnických prostředků a kapacit hrazených z veřejného zdravotního pojištění","STANOVISKO - FN Brno - echokardiografický přístroj III","https://ppo.mzcr.cz/upload/files/jednani-per-rollam-26-28-2-2021-obnovy-stanovisko-fn-brno-echokardiograficky-pristroj-iii-605b5b6560ffa.pdf",583676
66,"Komise pro posuzování rozmístění přístrojových zdravotnických prostředků a kapacit hrazených z veřejného zdravotního pojištění","STANOVISKO - FN Brno - jednorovinný angiografický komplet","https://ppo.mzcr.cz/upload/files/jednani-per-rollam-26-28-2-2021-obnovy-stanovisko-fn-brno-jednorovinny-angiograficky-komplet-605b5b6e8abc2.pdf",524895
66,"Komise pro posuzování rozmístění přístrojových zdravotnických prostředků a kapacit hrazených z veřejného zdravotního pojištění","STANOVISKO - FN Brno - kardioangiografický přístroj pro intervenční kardiografii II","https://ppo.mzcr.cz/upload/files/jednani-per-rollam-26-28-2-2021-obnovy-stanovisko-fn-brno-kardioangiograficky-pristroj-pro-intervencni-kardiografii-ii-605b5b8955a54.pdf",657653
66,"Komise pro posuzování rozmístění přístrojových zdravotnických prostředků a kapacit hrazených z veřejného zdravotního pojištění","STANOVISKO - FN Brno - kardioangiografický přístroj pro intervenční kardiologii","https://ppo.mzcr.cz/upload/files/jednani-per-rollam-26-28-2-2021-obnovy-stanovisko-fn-brno-kardioangiograficky-pristroj-pro-intervencni-kardiologii-605b5b9590976.pdf",654766
66,"Komise pro posuzování rozmístění přístrojových zdravotnických prostředků a kapacit hrazených z veřejného zdravotního pojištění","STANOVISKO - FN Brno - mobilní skiagrafický přístroj digitální (2ks)","https://ppo.mzcr.cz/upload/files/jednani-per-rollam-26-28-2-2021-obnovy-stanovisko-fn-brno-mobilni-skiagraficky-pristroj-digitalni-2ks-605b5ba053b91.pdf",483669
66,"Komise pro posuzování rozmístění přístrojových zdravotnických prostředků a kapacit hrazených z veřejného zdravotního pojištění","STANOVISKO - FN Brno - mobilní výkonný skiaskopický přístroj s C ramenem (2ks)","https://ppo.mzcr.cz/upload/files/jednani-per-rollam-26-28-2-2021-obnovy-stanovisko-fn-brno-mobilni-vykonny-skiaskopicky-pristroj-s-c-ramenem-2ks-605b5baf03330.pdf",506209
66,"Komise pro posuzování rozmístění přístrojových zdravotnických prostředků a kapacit hrazených z veřejného zdravotního pojištění","STANOVISKO - FN Brno - operační mikroskopy pro oční kliniku (2 ks)","https://ppo.mzcr.cz/upload/files/jednani-per-rollam-26-28-2-2021-obnovy-stanovisko-fn-brno-operacni-mikroskopy-pro-ocni-kliniku-2-ks-605b5bbb17113.pdf",483287
66,"Komise pro posuzování rozmístění přístrojových zdravotnických prostředků a kapacit hrazených z veřejného zdravotního pojištění","STANOVISKO - FN Brno - skiagrafický přístroj 1","https://ppo.mzcr.cz/upload/files/jednani-per-rollam-26-28-2-2021-obnovy-stanovisko-fn-brno-skiagraficky-pristroj-1-605b5bca342ad.pdf",407445
66,"Komise pro posuzování rozmístění přístrojových zdravotnických prostředků a kapacit hrazených z veřejného zdravotního pojištění","STANOVISKO - FN Brno - skiagrafický přístroj 2","https://ppo.mzcr.cz/upload/files/jednani-per-rollam-26-28-2-2021-obnovy-stanovisko-fn-brno-skiagraficky-pristroj-2-605b5bd4231d1.pdf",427607
66,"Komise pro posuzování rozmístění přístrojových zdravotnických prostředků a kapacit hrazených z veřejného zdravotního pojištění","STANOVISKO - FN Brno - skiagrafický přístroj 3","https://ppo.mzcr.cz/upload/files/jednani-per-rollam-26-28-2-2021-obnovy-stanovisko-fn-brno-skiagraficky-pristroj-3-605b5bf7dff47.pdf",412890
66,"Komise pro posuzování rozmístění přístrojových zdravotnických prostředků a kapacit hrazených z veřejného zdravotního pojištění","STANOVISKO - FN Brno - skiaskopicko-skiagrafický RTG komplet s příslušenstvím","https://ppo.mzcr.cz/upload/files/jednani-per-rollam-26-28-2-2021-obnovy-stanovisko-fn-brno-skiaskopicko-skiagraficky-rtg-komplet-s-prislusenstvim-605b5c1fb409c.pdf",470299
66,"Komise pro posuzování rozmístění přístrojových zdravotnických prostředků a kapacit hrazených z veřejného zdravotního pojištění","STANOVISKO - FN Brno - skiaskopický RTG přístroj 1","https://ppo.mzcr.cz/upload/files/jednani-per-rollam-26-28-2-2021-obnovy-stanovisko-fn-brno-skiaskopicky-rtg-pristroj-1-605b5c2dcccfd.pdf",414162
66,"Komise pro posuzování rozmístění přístrojových zdravotnických prostředků a kapacit hrazených z veřejného zdravotního pojištění","STANOVISKO - FN Brno - skiaskopický RTG přístroj 2","https://ppo.mzcr.cz/upload/files/jednani-per-rollam-26-28-2-2021-obnovy-stanovisko-fn-brno-skiaskopicky-rtg-pristroj-2-605b5de7abdd1.pdf",413021
66,"Komise pro posuzování rozmístění přístrojových zdravotnických prostředků a kapacit hrazených z veřejného zdravotního pojištění","STANOVISKO - FN Brno - skiaskopický RTG přístroj 3","https://ppo.mzcr.cz/upload/files/jednani-per-rollam-26-28-2-2021-obnovy-stanovisko-fn-brno-skiaskopicky-rtg-pristroj-3-605b5df15f0a8.pdf",411049
66,"Komise pro posuzování rozmístění přístrojových zdravotnických prostředků a kapacit hrazených z veřejného zdravotního pojištění","STANOVISKO - FN Brno - SPECT-CT","https://ppo.mzcr.cz/upload/files/jednani-per-rollam-26-28-2-2021-obnovy-stanovisko-fn-brno-spect-ct-605b5dfaccba7.pdf",624736
66,"Komise pro posuzování rozmístění přístrojových zdravotnických prostředků a kapacit hrazených z veřejného zdravotního pojištění","STANOVISKO - FN Brno - systém identifikace a určení citlivosti v mikrobiologických vzorcích","https://ppo.mzcr.cz/upload/files/jednani-per-rollam-26-28-2-2021-obnovy-stanovisko-fn-brno-system-identifikace-a-urceni-citlivosti-v-mikrobiologickych-vzorcich-605b5e04448be.pdf",646443
66,"Komise pro posuzování rozmístění přístrojových zdravotnických prostředků a kapacit hrazených z veřejného zdravotního pojištění","STANOVISKO - FN Brno endoskopická věž s NBI","https://ppo.mzcr.cz/upload/files/jednani-per-rollam-26-28-2-2021-obnovy-stanovisko-fn-brno-endoskopicka-vez-s-nbi-605b5e1aa80c8.pdf",474761
66,"Komise pro posuzování rozmístění přístrojových zdravotnických prostředků a kapacit hrazených z veřejného zdravotního pojištění","STANOVISKO - FN H. Králové - dvourovinné angiografické zařízení","https://ppo.mzcr.cz/upload/files/jednani-per-rollam-26-28-2-2021-obnovy-stanovisko-fn-h-kralove-dvourovinne-angiograficke-zarizeni-605b5e2e7c0a9.pdf",359519
66,"Komise pro posuzování rozmístění přístrojových zdravotnických prostředků a kapacit hrazených z veřejného zdravotního pojištění","STANOVISKO - FN H. Králové - jednorovinné angiografické zařízení","https://ppo.mzcr.cz/upload/files/jednani-per-rollam-26-28-2-2021-obnovy-stanovisko-fn-h-kralove-jednorovinne-angiograficke-zarizeni-605b5e3873ce8.pdf",352597
66,"Komise pro posuzování rozmístění přístrojových zdravotnických prostředků a kapacit hrazených z veřejného zdravotního pojištění","STANOVISKO - FN H. Králové - přístroj pro mimotělní oběh","https://ppo.mzcr.cz/upload/files/jednani-per-rollam-26-28-2-2021-obnovy-stanovisko-fn-h-kralove-pristroj-pro-mimotelni-obeh-605b5e42c3e0c.pdf",413256
66,"Komise pro posuzování rozmístění přístrojových zdravotnických prostředků a kapacit hrazených z veřejného zdravotního pojištění","STANOVISKO - FN H. Králové - robotický operační systém da Vinci","https://ppo.mzcr.cz/upload/files/jednani-per-rollam-26-28-2-2021-obnovy-stanovisko-fn-h-kralove-roboticky-operacni-system-da-vinci-605b5e52cc596.pdf",371263
66,"Komise pro posuzování rozmístění přístrojových zdravotnických prostředků a kapacit hrazených z veřejného zdravotního pojištění","STANOVISKO - FN H. Králové - RTG systém pro kardiostimulaci - stacionární RTG s C-ramenem","https://ppo.mzcr.cz/upload/files/jednani-per-rollam-26-28-2-2021-obnovy-stanovisko-fn-h-kralove-rtg-system-pro-kardiostimulaci-stacionarni-rtg-s-c-ramenem-605b5e5b6c132.pdf",357455
66,"Komise pro posuzování rozmístění přístrojových zdravotnických prostředků a kapacit hrazených z veřejného zdravotního pojištění","STANOVISKO - FN KV - angiografický přístroj","https://ppo.mzcr.cz/upload/files/jednani-per-rollam-26-28-2-2021-obnovy-stanovisko-fn-kv-angiograficky-pristroj-605b5e640c772.pdf",543793
66,"Komise pro posuzování rozmístění přístrojových zdravotnických prostředků a kapacit hrazených z veřejného zdravotního pojištění","STANOVISKO - FN KV - lineární urychlovač","https://ppo.mzcr.cz/upload/files/jednani-per-rollam-26-28-2-2021-obnovy-stanovisko-fn-kv-linearni-urychlovac-605b5e6e954ca.pdf",669298
66,"Komise pro posuzování rozmístění přístrojových zdravotnických prostředků a kapacit hrazených z veřejného zdravotního pojištění","STANOVISKO - FN KV - radioterapeutický simulátor","https://ppo.mzcr.cz/upload/files/jednani-per-rollam-26-28-2-2021-obnovy-stanovisko-fn-kv-radioterapeuticky-simulator-605b5e77af8e2.pdf",512970
66,"Komise pro posuzování rozmístění přístrojových zdravotnických prostředků a kapacit hrazených z veřejného zdravotního pojištění","STANOVISKO - FN KV - skiagrafický RTG přístroj (3ks)","https://ppo.mzcr.cz/upload/files/jednani-per-rollam-26-28-2-2021-obnovy-stanovisko-fn-kv-skiagraficky-rtg-pristroj-3ks-605b5e8255672.pdf",451115
66,"Komise pro posuzování rozmístění přístrojových zdravotnických prostředků a kapacit hrazených z veřejného zdravotního pojištění","STANOVISKO - FN Olomouc - angiografický komplet","https://ppo.mzcr.cz/upload/files/jednani-per-rollam-26-28-2-2021-obnovy-stanovisko-fn-olomouc-angiograficky-komplet-605b5e8e9be67.pdf",685810
66,"Komise pro posuzování rozmístění přístrojových zdravotnických prostředků a kapacit hrazených z veřejného zdravotního pojištění","STANOVISKO - FN Olomouc - mamograf","https://ppo.mzcr.cz/upload/files/jednani-per-rollam-26-28-2-2021-obnovy-stanovisko-fn-olomouc-mamograf-605b5eaeb3d49.pdf",549369
66,"Komise pro posuzování rozmístění přístrojových zdravotnických prostředků a kapacit hrazených z veřejného zdravotního pojištění","STANOVISKO - FN Olomouc - MR 1,5T","https://ppo.mzcr.cz/upload/files/jednani-per-rollam-26-28-2-2021-obnovy-stanovisko-fn-olomouc-mr-1-5t-605b5eb71db14.pdf",613690
66,"Komise pro posuzování rozmístění přístrojových zdravotnických prostředků a kapacit hrazených z veřejného zdravotního pojištění","STANOVISKO - FN Olomouc - RTG s přímou digitalizací","https://ppo.mzcr.cz/upload/files/jednani-per-rollam-26-28-2-2021-obnovy-stanovisko-fn-olomouc-rtg-s-primou-digitalizaci-605b5ec0069b9.pdf",691102
66,"Komise pro posuzování rozmístění přístrojových zdravotnických prostředků a kapacit hrazených z veřejného zdravotního pojištění","STANOVISKO - FN Olomouc - skiaskopicko-skiagrafický přístroj","https://ppo.mzcr.cz/upload/files/jednani-per-rollam-26-28-2-2021-obnovy-stanovisko-fn-olomouc-skiaskopicko-skiagraficky-pristroj-605b5ecf9d036.pdf",533359
66,"Komise pro posuzování rozmístění přístrojových zdravotnických prostředků a kapacit hrazených z veřejného zdravotního pojištění","STANOVISKO - FN Olomouc - SPECT-CT","https://ppo.mzcr.cz/upload/files/jednani-per-rollam-26-28-2-2021-obnovy-stanovisko-fn-olomouc-spect-ct-605b5ed8bf579.pdf",661643
66,"Komise pro posuzování rozmístění přístrojových zdravotnických prostředků a kapacit hrazených z veřejného zdravotního pojištění","STANOVISKO - FN Ostrava - CT simulátor s příslušenstvím","https://ppo.mzcr.cz/upload/files/jednani-per-rollam-26-28-2-2021-obnovy-stanovisko-fn-ostrava-ct-simulator-s-prislusenstvim-605b5ee903d09.pdf",522645
66,"Komise pro posuzování rozmístění přístrojových zdravotnických prostředků a kapacit hrazených z veřejného zdravotního pojištění","STANOVISKO - FN Ostrava - hybridní kamera SPECT-CT 1","https://ppo.mzcr.cz/upload/files/jednani-per-rollam-26-28-2-2021-obnovy-stanovisko-fn-ostrava-hybridni-kamera-spect-ct-1-605b5ef32afce.pdf",535884
66,"Komise pro posuzování rozmístění přístrojových zdravotnických prostředků a kapacit hrazených z veřejného zdravotního pojištění","STANOVISKO - FN Ostrava - hybridní kamera SPECT-CT 2","https://ppo.mzcr.cz/upload/files/jednani-per-rollam-26-28-2-2021-obnovy-stanovisko-fn-ostrava-hybridni-kamera-spect-ct-2-605b5efcac8c5.pdf",545317
66,"Komise pro posuzování rozmístění přístrojových zdravotnických prostředků a kapacit hrazených z veřejného zdravotního pojištění","STANOVISKO - FN Ostrava - kapalinový chromatograf s hmotnostním detektorem","https://ppo.mzcr.cz/upload/files/jednani-per-rollam-26-28-2-2021-obnovy-stanovisko-fn-ostrava-kapalinovy-chromatograf-s-hmotnostnim-detektorem-605b5f0585ed1.pdf",487246
66,"Komise pro posuzování rozmístění přístrojových zdravotnických prostředků a kapacit hrazených z veřejného zdravotního pojištění","STANOVISKO - FN Ostrava - MR 1,5T","https://ppo.mzcr.cz/upload/files/jednani-per-rollam-26-28-2-2021-obnovy-stanovisko-fn-ostrava-mr-1-5t-605b5f0d9b25a.pdf",599241
66,"Komise pro posuzování rozmístění přístrojových zdravotnických prostředků a kapacit hrazených z veřejného zdravotního pojištění","STANOVISKO - FN Plzeň - angiografický biplanární systém","https://ppo.mzcr.cz/upload/files/jednani-per-rollam-26-28-2-2021-obnovy-stanovisko-fn-plzen-angiograficky-biplanarni-system-605b5f16efdef.pdf",611867
66,"Komise pro posuzování rozmístění přístrojových zdravotnických prostředků a kapacit hrazených z veřejného zdravotního pojištění","STANOVISKO - FN Plzeň - angiografický systém kardiologický","https://ppo.mzcr.cz/upload/files/jednani-per-rollam-26-28-2-2021-obnovy-stanovisko-fn-plzen-angiograficky-system-kardiologicky-605b5f203c2e3.pdf",543446
66,"Komise pro posuzování rozmístění přístrojových zdravotnických prostředků a kapacit hrazených z veřejného zdravotního pojištění","STANOVISKO - FN Plzeň - angiolinka arytmologická","https://ppo.mzcr.cz/upload/files/jednani-per-rollam-26-28-2-2021-obnovy-stanovisko-fn-plzen-angiolinka-arytmologicka-605b5f295ce15.pdf",576029
66,"Komise pro posuzování rozmístění přístrojových zdravotnických prostředků a kapacit hrazených z veřejného zdravotního pojištění","STANOVISKO - FN Plzeň - MR 3T","https://ppo.mzcr.cz/upload/files/jednani-per-rollam-26-28-2-2021-obnovy-stanovisko-fn-plzen-mr-3t-605b5f345e259.pdf",712357
66,"Komise pro posuzování rozmístění přístrojových zdravotnických prostředků a kapacit hrazených z veřejného zdravotního pojištění","STANOVISKO - FN Plzeň - operační mikroskop NCH (2ks)","https://ppo.mzcr.cz/upload/files/jednani-per-rollam-26-28-2-2021-obnovy-stanovisko-fn-plzen-operacni-mikroskop-nch-2ks-605b5f3e391a2.pdf",587912
66,"Komise pro posuzování rozmístění přístrojových zdravotnických prostředků a kapacit hrazených z veřejného zdravotního pojištění","STANOVISKO - FN Plzeň - PET-CT","https://ppo.mzcr.cz/upload/files/jednani-per-rollam-26-28-2-2021-obnovy-stanovisko-fn-plzen-pet-ct-605b5f484465d.pdf",614574
66,"Komise pro posuzování rozmístění přístrojových zdravotnických prostředků a kapacit hrazených z veřejného zdravotního pojištění","STANOVISKO - FN Plzeň - průtokový cytometr (2ks)","https://ppo.mzcr.cz/upload/files/jednani-per-rollam-26-28-2-2021-obnovy-stanovisko-fn-plzen-prutokovy-cytometr-2ks-605b5f515e959.pdf",696018
66,"Komise pro posuzování rozmístění přístrojových zdravotnických prostředků a kapacit hrazených z veřejného zdravotního pojištění","STANOVISKO - FN Plzeň - skiaskopicko-skiagrafický komplet","https://ppo.mzcr.cz/upload/files/jednani-per-rollam-26-28-2-2021-obnovy-stanovisko-fn-plzen-skiaskopicko-skiagraficky-komplet-605b5f8e1e319.pdf",605836
66,"Komise pro posuzování rozmístění přístrojových zdravotnických prostředků a kapacit hrazených z veřejného zdravotního pojištění","STANOVISKO - FNUSA Brno - kardioangiografický přístroj I","https://ppo.mzcr.cz/upload/files/jednani-per-rollam-26-28-2-2021-obnovy-stanovisko-fnusa-brno-kardioangiograficky-pristroj-i-605b5f975dee6.pdf",629986
66,"Komise pro posuzování rozmístění přístrojových zdravotnických prostředků a kapacit hrazených z veřejného zdravotního pojištění","STANOVISKO - FNUSA Brno - kardioangiografický přístroj II","https://ppo.mzcr.cz/upload/files/jednani-per-rollam-26-28-2-2021-obnovy-stanovisko-fnusa-brno-kardioangiograficky-pristroj-ii-605b5f9fad2ef.pdf",584949
66,"Komise pro posuzování rozmístění přístrojových zdravotnických prostředků a kapacit hrazených z veřejného zdravotního pojištění","STANOVISKO - FNUSA Brno - MR 3T","https://ppo.mzcr.cz/upload/files/jednani-per-rollam-26-28-2-2021-obnovy-stanovisko-fnusa-brno-mr-3t-605b5fa84266f.pdf",733544
66,"Komise pro posuzování rozmístění přístrojových zdravotnických prostředků a kapacit hrazených z veřejného zdravotního pojištění","STANOVISKO - IKEM - angiografický systém pro kardiologii","https://ppo.mzcr.cz/upload/files/jednani-per-rollam-26-28-2-2021-obnovy-stanovisko-ikem-angiograficky-system-pro-kardiologii-605b5fb132467.pdf",536665
66,"Komise pro posuzování rozmístění přístrojových zdravotnických prostředků a kapacit hrazených z veřejného zdravotního pojištění","STANOVISKO - IKEM - gamakamera SPECT-CT","https://ppo.mzcr.cz/upload/files/jednani-per-rollam-26-28-2-2021-obnovy-stanovisko-ikem-gamakamera-spect-ct-605b5fc00c38f.pdf",450858
66,"Komise pro posuzování rozmístění přístrojových zdravotnických prostředků a kapacit hrazených z veřejného zdravotního pojištění","STANOVISKO - Klatovská nemocnice, a.s. - CT","https://ppo.mzcr.cz/upload/files/jednani-per-rollam-26-28-2-2021-obnovy-stanovisko-klatovska-nemocnice-a-s-ct-605b5fcd62bb1.pdf",471901
66,"Komise pro posuzování rozmístění přístrojových zdravotnických prostředků a kapacit hrazených z veřejného zdravotního pojištění","STANOVISKO - Klatovská nemocnice, a.s. - MR","https://ppo.mzcr.cz/upload/files/jednani-per-rollam-26-28-2-2021-obnovy-stanovisko-klatovska-nemocnice-a-s-mr-605b5fd6837d8.pdf",442042
66,"Komise pro posuzování rozmístění přístrojových zdravotnických prostředků a kapacit hrazených z veřejného zdravotního pojištění","STANOVISKO - MOÚ Brno - lineární urychlovač (LU)","https://ppo.mzcr.cz/upload/files/jednani-per-rollam-26-28-2-2021-obnovy-stanovisko-mou-brno-linearni-urychlovac-lu-605b5fe15d63f.pdf",659005
66,"Komise pro posuzování rozmístění přístrojových zdravotnických prostředků a kapacit hrazených z veřejného zdravotního pojištění","STANOVISKO - Mulačova nemocnice, s.r.o. - CT","https://ppo.mzcr.cz/upload/files/jednani-per-rollam-26-28-2-2021-obnovy-stanovisko-mulacova-nemocnice-s-r-o-ct-605b5feade7e9.pdf",590817
66,"Komise pro posuzování rozmístění přístrojových zdravotnických prostředků a kapacit hrazených z veřejného zdravotního pojištění","STANOVISKO - Mulačova nemocnice, s.r.o. - skiaskopicko-skiagrafická sklopná stěna","https://ppo.mzcr.cz/upload/files/jednani-per-rollam-26-28-2-2021-obnovy-stanovisko-mulacova-nemocnice-s-r-o-skiaskopicko-skiagraficka-sklopna-stena-605b5ff6c60e2.pdf",489549
66,"Komise pro posuzování rozmístění přístrojových zdravotnických prostředků a kapacit hrazených z veřejného zdravotního pojištění","STANOVISKO - Nemocnice AGEL, a.s. Ostrava - CT","https://ppo.mzcr.cz/upload/files/jednani-per-rollam-26-28-2-2021-obnovy-stanovisko-nemocnice-agel-a-s-ostrava-ct-605b5fff5f9e8.pdf",450373
66,"Komise pro posuzování rozmístění přístrojových zdravotnických prostředků a kapacit hrazených z veřejného zdravotního pojištění","STANOVISKO - Nemocnice AGEL, a.s. Ostrava - skiaskopicko-skiagrafický komplet s C-ramenem","https://ppo.mzcr.cz/upload/files/jednani-per-rollam-26-28-2-2021-obnovy-stanovisko-nemocnice-agel-a-s-ostrava-skiaskopicko-skiagraficky-komplet-s-c-ramenem-605b600a59e37.pdf",487487
66,"Komise pro posuzování rozmístění přístrojových zdravotnických prostředků a kapacit hrazených z veřejného zdravotního pojištění","STANOVISKO - Nemocnice H.Brod, p.o. - CT","https://ppo.mzcr.cz/upload/files/jednani-per-rollam-26-28-2-2021-obnovy-stanovisko-nemocnice-h-brod-p-o-ct-605b601650e0f.pdf",359075
66,"Komise pro posuzování rozmístění přístrojových zdravotnických prostředků a kapacit hrazených z veřejného zdravotního pojištění","STANOVISKO - Nemocnice H.Brod, p.o. - hybridní scintilační gama kamera","https://ppo.mzcr.cz/upload/files/jednani-per-rollam-26-28-2-2021-obnovy-stanovisko-nemocnice-h-brod-p-o-hybridni-scintilacni-gama-kamera-605b601f2b74e.pdf",349833
66,"Komise pro posuzování rozmístění přístrojových zdravotnických prostředků a kapacit hrazených z veřejného zdravotního pojištění","STANOVISKO - Nemocnice H.Brod, p.o. - skiagrafický RTG komplet","https://ppo.mzcr.cz/upload/files/jednani-per-rollam-26-28-2-2021-obnovy-stanovisko-nemocnice-h-brod-p-o-skiagraficky-rtg-komplet-605b6029e091f.pdf",346647
66,"Komise pro posuzování rozmístění přístrojových zdravotnických prostředků a kapacit hrazených z veřejného zdravotního pojištění","STANOVISKO - Nemocnice H.Brod, p.o. - skiaskopicko-skiagrafická sklopná stěna","https://ppo.mzcr.cz/upload/files/jednani-per-rollam-26-28-2-2021-obnovy-stanovisko-nemocnice-h-brod-p-o-skiaskopicko-skiagraficka-sklopna-stena-605b6034c1fe8.pdf",346291
66,"Komise pro posuzování rozmístění přístrojových zdravotnických prostředků a kapacit hrazených z veřejného zdravotního pojištění","STANOVISKO - Nemocnice H.Brod, p.o. - SPECT","https://ppo.mzcr.cz/upload/files/jednani-per-rollam-26-28-2-2021-obnovy-stanovisko-nemocnice-h-brod-p-o-spect-605b604f2002f.pdf",337303
66,"Komise pro posuzování rozmístění přístrojových zdravotnických prostředků a kapacit hrazených z veřejného zdravotního pojištění","STANOVISKO - Nemocnice Na Františku - CT","https://ppo.mzcr.cz/upload/files/jednani-per-rollam-26-28-2-2021-obnovy-stanovisko-nemocnice-na-frantisku-ct-605b6056f1a12.pdf",408026
66,"Komise pro posuzování rozmístění přístrojových zdravotnických prostředků a kapacit hrazených z veřejného zdravotního pojištění","STANOVISKO - Nemocnice Na Homolce - angio systém pro kardiologii","https://ppo.mzcr.cz/upload/files/jednani-per-rollam-26-28-2-2021-obnovy-stanovisko-nemocnice-na-homolce-angio-system-pro-kardiologii-605b605f8de1c.pdf",465567
66,"Komise pro posuzování rozmístění přístrojových zdravotnických prostředků a kapacit hrazených z veřejného zdravotního pojištění","STANOVISKO - Nemocnice Na Homolce - multidetektorový celotělový CT přístroj","https://ppo.mzcr.cz/upload/files/jednani-per-rollam-26-28-2-2021-obnovy-stanovisko-nemocnice-na-homolce-multidetektorovy-celotelovy-ct-pristroj-605b606c9298f.pdf",455383
66,"Komise pro posuzování rozmístění přístrojových zdravotnických prostředků a kapacit hrazených z veřejného zdravotního pojištění","STANOVISKO - Nemocnice Na Homolce - operační mikroskop","https://ppo.mzcr.cz/upload/files/jednani-per-rollam-26-28-2-2021-obnovy-stanovisko-nemocnice-na-homolce-operacni-mikroskop-605b617148ffd.pdf",397970
66,"Komise pro posuzování rozmístění přístrojových zdravotnických prostředků a kapacit hrazených z veřejného zdravotního pojištění","STANOVISKO - Nemocnice Nové Město na Moravě, p.o. - mamograf","https://ppo.mzcr.cz/upload/files/jednani-per-rollam-26-28-2-2021-obnovy-stanovisko-nemocnice-nove-mesto-na-morave-p-o-mamograf-605b617a2c00d.pdf",587111
66,"Komise pro posuzování rozmístění přístrojových zdravotnických prostředků a kapacit hrazených z veřejného zdravotního pojištění","STANOVISKO - Nemocnice Nymburk, s.r.o. - CT","https://ppo.mzcr.cz/upload/files/jednani-per-rollam-26-28-2-2021-obnovy-stanovisko-nemocnice-nymburk-s-r-o-ct-605b63339898c.pdf",436188
66,"Komise pro posuzování rozmístění přístrojových zdravotnických prostředků a kapacit hrazených z veřejného zdravotního pojištění","STANOVISKO - Nemocnice Rudolfa a Stefanie Benešov, a.s. - CT","https://ppo.mzcr.cz/upload/files/jednani-per-rollam-26-28-2-2021-obnovy-stanovisko-nemocnice-rudolfa-a-stefanie-benesov-a-s-ct-605b633bf287c.pdf",431636
66,"Komise pro posuzování rozmístění přístrojových zdravotnických prostředků a kapacit hrazených z veřejného zdravotního pojištění","STANOVISKO - Nemocnice Rudolfa a Stefanie Benešov, a.s. - MR 1,5T","https://ppo.mzcr.cz/upload/files/jednani-per-rollam-26-28-2-2021-obnovy-stanovisko-nemocnice-rudolfa-a-stefanie-benesov-a-s-mr-1-5t-605b63456b1ac.pdf",423385
66,"Komise pro posuzování rozmístění přístrojových zdravotnických prostředků a kapacit hrazených z veřejného zdravotního pojištění","STANOVISKO - Oblastní nemocnice Kolín, a.s. - CT skener","https://ppo.mzcr.cz/upload/files/jednani-per-rollam-26-28-2-2021-obnovy-stanovisko-oblastni-nemocnice-kolin-a-s-ct-skener-605b634eab1ab.pdf",563985
66,"Komise pro posuzování rozmístění přístrojových zdravotnických prostředků a kapacit hrazených z veřejného zdravotního pojištění","STANOVISKO - Oblastní nemocnice Kolín, a.s. - SPECT-CT","https://ppo.mzcr.cz/upload/files/jednani-per-rollam-26-28-2-2021-obnovy-stanovisko-oblastni-nemocnice-kolin-a-s-spect-ct-605b63573858c.pdf",674367
66,"Komise pro posuzování rozmístění přístrojových zdravotnických prostředků a kapacit hrazených z veřejného zdravotního pojištění","STANOVISKO - PRIVAMED a.s. Plzeň - angiografický komplet pro kardiologii","https://ppo.mzcr.cz/upload/files/jednani-per-rollam-26-28-2-2021-obnovy-stanovisko-privamed-a-s-plzen-angiograficky-komplet-pro-kardiologii-605b635eee32e.pdf",603937
66,"Komise pro posuzování rozmístění přístrojových zdravotnických prostředků a kapacit hrazených z veřejného zdravotního pojištění","STANOVISKO - PRIVAMED a.s. Plzeň - CT","https://ppo.mzcr.cz/upload/files/jednani-per-rollam-26-28-2-2021-obnovy-stanovisko-privamed-a-s-plzen-ct-605b636fceee4.pdf",518854
66,"Komise pro posuzování rozmístění přístrojových zdravotnických prostředků a kapacit hrazených z veřejného zdravotního pojištění","STANOVISKO - PRIVAMED a.s. Plzeň - skiagrafický přístroj s přímou digitalizací","https://ppo.mzcr.cz/upload/files/jednani-per-rollam-26-28-2-2021-obnovy-stanovisko-privamed-a-s-plzen-skiagraficky-pristroj-s-primou-digitalizaci-605b637cb2fe6.pdf",469667
66,"Komise pro posuzování rozmístění přístrojových zdravotnických prostředků a kapacit hrazených z veřejného zdravotního pojištění","STANOVISKO - ÚVN Praha - CT","https://ppo.mzcr.cz/upload/files/jednani-per-rollam-26-28-2-2021-obnovy-stanovisko-uvn-praha-ct-605b638994965.pdf",514682
66,"Komise pro posuzování rozmístění přístrojových zdravotnických prostředků a kapacit hrazených z veřejného zdravotního pojištění","STANOVISKO - ÚVN Praha - mimotělní oběh (2ks)","https://ppo.mzcr.cz/upload/files/jednani-per-rollam-26-28-2-2021-obnovy-stanovisko-uvn-praha-mimotelni-obeh-2ks-605b63966e189.pdf",508240
66,"Komise pro posuzování rozmístění přístrojových zdravotnických prostředků a kapacit hrazených z veřejného zdravotního pojištění","STANOVISKO - VFN Praha - angiografie na elfyz. sál","https://ppo.mzcr.cz/upload/files/jednani-per-rollam-26-28-2-2021-obnovy-stanovisko-vfn-praha-angiografie-na-elfyz-sal-605b639f46ef7.pdf",671160
66,"Komise pro posuzování rozmístění přístrojových zdravotnických prostředků a kapacit hrazených z veřejného zdravotního pojištění","STANOVISKO - VFN Praha - skiagraf (KPDPM)","https://ppo.mzcr.cz/upload/files/jednani-per-rollam-26-28-2-2021-obnovy-stanovisko-vfn-praha-skiagraf-kpdpm-605b63ab79251.pdf",481847
66,"Komise pro posuzování rozmístění přístrojových zdravotnických prostředků a kapacit hrazených z veřejného zdravotního pojištění","STANOVISKO - VFN Praha - skiagraf pro 1.LF","https://ppo.mzcr.cz/upload/files/jednani-per-rollam-26-28-2-2021-obnovy-stanovisko-vfn-praha-skiagraf-pro-1-lf-605b63baa0338.pdf",511829
66,"Komise pro posuzování rozmístění přístrojových zdravotnických prostředků a kapacit hrazených z veřejného zdravotního pojištění","STANOVISKO - VFN Praha - skiagraf pro 3. LF","https://ppo.mzcr.cz/upload/files/jednani-per-rollam-26-28-2-2021-obnovy-stanovisko-vfn-praha-skiagraf-pro-3-lf-605b63c2f34f3.pdf",484345
66,"Komise pro posuzování rozmístění přístrojových zdravotnických prostředků a kapacit hrazených z veřejného zdravotního pojištění","Stanovisko FN Brno - operační mikroskop pro ORL","https://ppo.mzcr.cz/upload/files/jednani-videokonference-26-2-2021-nove-kapacity-stanovisko-fn-brno-operacni-mikroskop-pro-orl-605a31045d98b.pdf",440892
66,"Komise pro posuzování rozmístění přístrojových zdravotnických prostředků a kapacit hrazených z veřejného zdravotního pojištění","Stanovisko FN Brno - operační věž s navigací pro ORL","https://ppo.mzcr.cz/upload/files/jednani-videokonference-26-2-2021-nove-kapacity-stanovisko-fn-brno-operacni-vez-s-navigaci-pro-orl-605a31106c9a3.pdf",430566
66,"Komise pro posuzování rozmístění přístrojových zdravotnických prostředků a kapacit hrazených z veřejného zdravotního pojištění","Stanovisko FN Brno - systém pro automatické ukládání a evidenci vzorků 2 ks","https://ppo.mzcr.cz/upload/files/jednani-videokonference-26-2-2021-nove-kapacity-stanovisko-fn-brno-system-pro-automaticke-ukladani-a-evidenci-vzorku-2-ks-605a311c27bc8.pdf",624211
66,"Komise pro posuzování rozmístění přístrojových zdravotnických prostředků a kapacit hrazených z veřejného zdravotního pojištění","Stanovisko FN Olomouc - cytometr","https://ppo.mzcr.cz/upload/files/jednani-videokonference-26-2-2021-nove-kapacity-stanovisko-fn-olomouc-cytometr-605a31263ba1b.pdf",712419
66,"Komise pro posuzování rozmístění přístrojových zdravotnických prostředků a kapacit hrazených z veřejného zdravotního pojištění","Stanovisko FN Olomouc - exoskop","https://ppo.mzcr.cz/upload/files/jednani-videokonference-26-2-2021-nove-kapacity-stanovisko-fn-olomouc-exoskop-605a31307fe97.pdf",658712
66,"Komise pro posuzování rozmístění přístrojových zdravotnických prostředků a kapacit hrazených z veřejného zdravotního pojištění","Stanovisko FN Olomouc - navigační bronchoskopický systém","https://ppo.mzcr.cz/upload/files/jednani-videokonference-26-2-2021-nove-kapacity-stanovisko-fn-olomouc-navigacni-bronchoskopicky-system-605a313a9bf18.pdf",640590
66,"Komise pro posuzování rozmístění přístrojových zdravotnických prostředků a kapacit hrazených z veřejného zdravotního pojištění","Stanovisko FN Ostrava - robotický operační systém da Vinci","https://ppo.mzcr.cz/upload/files/jednani-videokonference-26-2-2021-nove-kapacity-stanovisko-fn-ostrava-roboticky-operacni-system-da-vinci-605a31466dbe1.pdf",630415
66,"Komise pro posuzování rozmístění přístrojových zdravotnických prostředků a kapacit hrazených z veřejného zdravotního pojištění","Stanovisko FN Ostrava - robotický systém pro neurorehabilitaci dolních končetin","https://ppo.mzcr.cz/upload/files/jednani-videokonference-26-2-2021-nove-kapacity-stanovisko-fn-ostrava-roboticky-system-pro-neurorehabilitaci-dolnich-koncetin-605a31517bfee.pdf",628035
66,"Komise pro posuzování rozmístění přístrojových zdravotnických prostředků a kapacit hrazených z veřejného zdravotního pojištění","Stanovisko FN Plzeň - kapalinový chromatograf s hmotnostní detekcí","https://ppo.mzcr.cz/upload/files/jednani-videokonference-26-2-2021-nove-kapacity-stanovisko-fn-plzen-kapalinovy-chromatograf-s-hmotnostni-detekci-605a3163ed79e.pdf",714830
66,"Komise pro posuzování rozmístění přístrojových zdravotnických prostředků a kapacit hrazených z veřejného zdravotního pojištění","Stanovisko FN Plzeň - robotická preanalytická linka","https://ppo.mzcr.cz/upload/files/jednani-videokonference-26-2-2021-nove-kapacity-stanovisko-fn-plzen-roboticka-preanalyticka-linka-605a316db01bd.pdf",776006
66,"Komise pro posuzování rozmístění přístrojových zdravotnických prostředků a kapacit hrazených z veřejného zdravotního pojištění","Stanovisko FN Plzeň - sekvenátor 2 ks","https://ppo.mzcr.cz/upload/files/jednani-videokonference-26-2-2021-nove-kapacity-stanovisko-fn-plzen-sekvenator-2-ks-605a3182072a4.pdf",620506
66,"Komise pro posuzování rozmístění přístrojových zdravotnických prostředků a kapacit hrazených z veřejného zdravotního pojištění","Stanovisko FN Plzeň - spektrální cytometr","https://ppo.mzcr.cz/upload/files/jednani-videokonference-26-2-2021-nove-kapacity-stanovisko-fn-plzen-spektralni-cytometr-605a318c7410e.pdf",628161
66,"Komise pro posuzování rozmístění přístrojových zdravotnických prostředků a kapacit hrazených z veřejného zdravotního pojištění","Stanovisko Klatovská nemocnice a.s. - CT","https://ppo.mzcr.cz/upload/files/jednani-videokonference-26-2-2021-nove-kapacity-stanovisko-klatovska-nemocnice-a-s-ct-605a3198121f9.pdf",607745
66,"Komise pro posuzování rozmístění přístrojových zdravotnických prostředků a kapacit hrazených z veřejného zdravotního pojištění","Stanovisko Klatovská nemocnice a.s. - chromatograf s hmotnostním spektrometrem","https://ppo.mzcr.cz/upload/files/jednani-videokonference-26-2-2021-nove-kapacity-stanovisko-klatovska-nemocnice-a-s-chromatograf-s-hmotnostnim-spektrometrem-605a31a0a741c.pdf",676484
66,"Komise pro posuzování rozmístění přístrojových zdravotnických prostředků a kapacit hrazených z veřejného zdravotního pojištění","Stanovisko Klatovská nemocnice a.s. - SPECT-CT","https://ppo.mzcr.cz/upload/files/jednani-videokonference-26-2-2021-nove-kapacity-stanovisko-klatovska-nemocnice-a-s-spect-ct-605a31ac1ab07.pdf",594085
66,"Komise pro posuzování rozmístění přístrojových zdravotnických prostředků a kapacit hrazených z veřejného zdravotního pojištění","Stanovisko Masarykova městská nemocnice Jilemnice, a.s. - robotický systém pro reedukaci chůze","https://ppo.mzcr.cz/upload/files/jednani-videokonference-26-2-2021-nove-kapacity-stanovisko-masarykova-mestska-nemocnice-jilemnice-a-s-roboticky-system-pro-reedukaci-chuze-605a31b661362.pdf",527580
66,"Komise pro posuzování rozmístění přístrojových zdravotnických prostředků a kapacit hrazených z veřejného zdravotního pojištění","Stanovisko Nemocnice AGEL Říčany, a.s. - CT","https://ppo.mzcr.cz/upload/files/jednani-videokonference-26-2-2021-nove-kapacity-stanovisko-nemocnice-agel-ricany-a-s-ct-605a31c02251b.pdf",590440
66,"Komise pro posuzování rozmístění přístrojových zdravotnických prostředků a kapacit hrazených z veřejného zdravotního pojištění","Stanovisko Nemocnice AGEL Říčany, a.s. - MR 1,5T","https://ppo.mzcr.cz/upload/files/jednani-videokonference-26-2-2021-nove-kapacity-stanovisko-nemocnice-agel-ricany-a-s-mr-1-5t-605a323ad5f2f.pdf",666301
66,"Komise pro posuzování rozmístění přístrojových zdravotnických prostředků a kapacit hrazených z veřejného zdravotního pojištění","Stanovisko Nemocnice Nové Město na Moravě, p.o. - hmotnostní spektrometr","https://ppo.mzcr.cz/upload/files/jednani-videokonference-26-2-2021-nove-kapacity-stanovisko-nemocnice-nove-mesto-na-morave-p-o-hmotnostni-spektrometr-605a3243bc6c6.pdf",396694
66,"Komise pro posuzování rozmístění přístrojových zdravotnických prostředků a kapacit hrazených z veřejného zdravotního pojištění","Vsetínská nemocnice a.s. - MR 1,5T","https://ppo.mzcr.cz/upload/files/jednani-videokonference-26-2-2021-nove-kapacity-vsetinska-nemocnice-a-s-mr-1-5t-605a32507f0cf.pdf",558705
66,"Komise pro posuzování rozmístění přístrojových zdravotnických prostředků a kapacit hrazených z veřejného zdravotního pojištění","Stanovisko FN Brno - angiografický komplet dvouprojekční","https://ppo.mzcr.cz/upload/files/jednani-videokonference-12-2-2021-nove-kapacity-stanovisko-fn-brno-angiograficky-komplet-dvouprojekcni-604a546914e84.pdf",613926
66,"Komise pro posuzování rozmístění přístrojových zdravotnických prostředků a kapacit hrazených z veřejného zdravotního pojištění","Stanovisko FN Brno - cytomertický analyzátor (cell sorter)","https://ppo.mzcr.cz/upload/files/jednani-videokonference-12-2-2021-nove-kapacity-stanovisko-fn-brno-cytomerticky-analyzator-cell-sorter-604a54bd6c278.pdf",453503
66,"Komise pro posuzování rozmístění přístrojových zdravotnických prostředků a kapacit hrazených z veřejného zdravotního pojištění","Stanovisko FN Brno - klinický cytometr spektrální","https://ppo.mzcr.cz/upload/files/jednani-videokonference-12-2-2021-nove-kapacity-stanovisko-fn-brno-klinicky-cytometr-spektralni-604a54c7dc2fe.pdf",436116
66,"Komise pro posuzování rozmístění přístrojových zdravotnických prostředků a kapacit hrazených z veřejného zdravotního pojištění","Stanovisko FN Brno - operační exoskop","https://ppo.mzcr.cz/upload/files/jednani-videokonference-12-2-2021-nove-kapacity-stanovisko-fn-brno-operacni-exoskop-604a54d264fa1.pdf",617696
66,"Komise pro posuzování rozmístění přístrojových zdravotnických prostředků a kapacit hrazených z veřejného zdravotního pojištění","Stanovisko FN Brno - PET-CT","https://ppo.mzcr.cz/upload/files/jednani-videokonference-12-2-2021-nove-kapacity-stanovisko-fn-brno-pet-ct-604a54e151048.pdf",563534
66,"Komise pro posuzování rozmístění přístrojových zdravotnických prostředků a kapacit hrazených z veřejného zdravotního pojištění","Stanovisko FTN - analyzátor s hmotnostním spektrometrem","https://ppo.mzcr.cz/upload/files/jednani-videokonference-12-2-2021-nove-kapacity-stanovisko-ftn-analyzator-s-hmotnostnim-spektrometrem-604a54ea773b9.pdf",420297
66,"Komise pro posuzování rozmístění přístrojových zdravotnických prostředků a kapacit hrazených z veřejného zdravotního pojištění","Stanovisko FTN - analyzátor stanovení léčiv a anabolitů","https://ppo.mzcr.cz/upload/files/jednani-videokonference-12-2-2021-nove-kapacity-stanovisko-ftn-analyzator-stanoveni-leciv-a-anabolitu-604a54fa0e817.pdf",658009
66,"Komise pro posuzování rozmístění přístrojových zdravotnických prostředků a kapacit hrazených z veřejného zdravotního pojištění","Stanovisko FTN - robotický operační systém da Vinci","https://ppo.mzcr.cz/upload/files/jednani-videokonference-12-2-2021-nove-kapacity-stanovisko-ftn-roboticky-operacni-system-da-vinci-604a550600f36.pdf",355604
66,"Komise pro posuzování rozmístění přístrojových zdravotnických prostředků a kapacit hrazených z veřejného zdravotního pojištění","Stanovisko FTN - sekvenátor","https://ppo.mzcr.cz/upload/files/jednani-videokonference-12-2-2021-nove-kapacity-stanovisko-ftn-sekvenator-604a550f2805f.pdf",468527
66,"Komise pro posuzování rozmístění přístrojových zdravotnických prostředků a kapacit hrazených z veřejného zdravotního pojištění","Stanovisko FTN - skiagrafický RTG přístroj (pavilon A1)","https://ppo.mzcr.cz/upload/files/jednani-videokonference-12-2-2021-nove-kapacity-stanovisko-ftn-skiagraficky-rtg-pristroj-pavilon-a1-604a5518f41d9.pdf",372137
66,"Komise pro posuzování rozmístění přístrojových zdravotnických prostředků a kapacit hrazených z veřejného zdravotního pojištění","Stanovisko FTN - systém pro neuronavigaci","https://ppo.mzcr.cz/upload/files/jednani-videokonference-12-2-2021-nove-kapacity-stanovisko-ftn-system-pro-neuronavigaci-604a556f40c3d.pdf",632904
66,"Komise pro posuzování rozmístění přístrojových zdravotnických prostředků a kapacit hrazených z veřejného zdravotního pojištění","Stanovisko FTN - systém pro robotický nácvik chůze (Lokomat)","https://ppo.mzcr.cz/upload/files/jednani-videokonference-12-2-2021-nove-kapacity-stanovisko-ftn-system-pro-roboticky-nacvik-chuze-lokomat-604a557c6e138.pdf",625471
66,"Komise pro posuzování rozmístění přístrojových zdravotnických prostředků a kapacit hrazených z veřejného zdravotního pojištění","Stanovisko Masarykova nemocnice Rakovník, s.r.o. - MR 1,5T","https://ppo.mzcr.cz/upload/files/jednani-videokonference-12-2-2021-nove-kapacity-stanovisko-masarykova-nemocnice-rakovnik-s-r-o-mr-1-5t-604a5588e70fd.pdf",692184
66,"Komise pro posuzování rozmístění přístrojových zdravotnických prostředků a kapacit hrazených z veřejného zdravotního pojištění","Stanovisko Masarykův onkologický ústav - MR 3T","https://ppo.mzcr.cz/upload/files/jednani-videokonference-12-2-2021-nove-kapacity-stanovisko-masarykuv-onkologicky-ustav-mr-3t-604a5594d9cb5.pdf",665160
66,"Komise pro posuzování rozmístění přístrojových zdravotnických prostředků a kapacit hrazených z veřejného zdravotního pojištění","Stanovisko Neurorehabilitační klinika AXON Zlín, s.r.o. - roboticky asistovaný nácvik chůze (Lokomat V5)","https://ppo.mzcr.cz/upload/files/jednani-videokonference-12-2-2021-nove-kapacity-stanovisko-neurorehabilitacni-klinika-axon-zlin-s-r-o-roboticky-asistovany-nacvik-chuze-lokomat-v5-604a559e59eef.pdf",578534
66,"Komise pro posuzování rozmístění přístrojových zdravotnických prostředků a kapacit hrazených z veřejného zdravotního pojištění","Stanovisko Two steps ahead, s.r.o., Praha - přístroj pro neurorehabilitaci horních končetin","https://ppo.mzcr.cz/upload/files/jednani-videokonference-12-2-2021-nove-kapacity-stanovisko-two-steps-ahead-s-r-o-praha-pristroj-pro-neurorehabilitaci-hornich-koncetin-604a55a7d25c9.pdf",385257
66,"Komise pro posuzování rozmístění přístrojových zdravotnických prostředků a kapacit hrazených z veřejného zdravotního pojištění","Stanovisko Two steps ahead, s.r.o., Praha - roboticky asistovaný nácvik chůze (Lokomat V6 Combi)","https://ppo.mzcr.cz/upload/files/jednani-videokonference-12-2-2021-nove-kapacity-stanovisko-two-steps-ahead-s-r-o-praha-roboticky-asistovany-nacvik-chuze-lokomat-v6-combi-604a55b2e2abe.pdf",575160
66,"Komise pro posuzování rozmístění přístrojových zdravotnických prostředků a kapacit hrazených z veřejného zdravotního pojištění","Stanovisko Fakultní nemocnice Bulovka - angiografický RTG přístroj s CT","https://ppo.mzcr.cz/upload/files/jednani-videokonference-5-2-2021-nove-kapacity-stanovisko-fakultni-nemocnice-bulovka-angiograficky-rtg-pristroj-s-ct-6046961eb9b8d.pdf",400879
66,"Komise pro posuzování rozmístění přístrojových zdravotnických prostředků a kapacit hrazených z veřejného zdravotního pojištění","Stanovisko Fakultní nemocnice Bulovka - hmotnostní spektrometr","https://ppo.mzcr.cz/upload/files/jednani-videokonference-5-2-2021-nove-kapacity-stanovisko-fakultni-nemocnice-bulovka-hmotnostni-spektrometr-6046962bc1aff.pdf",398987
66,"Komise pro posuzování rozmístění přístrojových zdravotnických prostředků a kapacit hrazených z veřejného zdravotního pojištění","Stanovisko Fakultní nemocnice Bulovka - intraoperační 3D RTG přístroj O-arm","https://ppo.mzcr.cz/upload/files/jednani-videokonference-5-2-2021-nove-kapacity-stanovisko-fakultni-nemocnice-bulovka-intraoperacni-3d-rtg-pristroj-o-arm-6046963f473ca.pdf",394088
66,"Komise pro posuzování rozmístění přístrojových zdravotnických prostředků a kapacit hrazených z veřejného zdravotního pojištění","Stanovisko Fakultní nemocnice Bulovka - operační mikroskop pro spondylochirurgii","https://ppo.mzcr.cz/upload/files/jednani-videokonference-5-2-2021-nove-kapacity-stanovisko-fakultni-nemocnice-bulovka-operacni-mikroskop-pro-spondylochirurgii-6046964b25596.pdf",397079
66,"Komise pro posuzování rozmístění přístrojových zdravotnických prostředků a kapacit hrazených z veřejného zdravotního pojištění","Stanovisko FN Olomouc - 3D mapovací systém kardiologický","https://ppo.mzcr.cz/upload/files/jednani-videokonference-5-2-2021-nove-kapacity-stanovisko-fn-olomouc-3d-mapovaci-system-kardiologicky-6046965cc4a10.pdf",499395
66,"Komise pro posuzování rozmístění přístrojových zdravotnických prostředků a kapacit hrazených z veřejného zdravotního pojištění","Stanovisko FN Olomouc - PET-CT","https://ppo.mzcr.cz/upload/files/jednani-videokonference-5-2-2021-nove-kapacity-stanovisko-fn-olomouc-pet-ct-6046966c832b6.pdf",461184
66,"Komise pro posuzování rozmístění přístrojových zdravotnických prostředků a kapacit hrazených z veřejného zdravotního pojištění","Stanovisko FNUSA v Brně - robotický operační systém","https://ppo.mzcr.cz/upload/files/jednani-videokonference-5-2-2021-nove-kapacity-stanovisko-fnusa-v-brne-roboticky-operacni-system-604696798a128.pdf",437041
66,"Komise pro posuzování rozmístění přístrojových zdravotnických prostředků a kapacit hrazených z veřejného zdravotního pojištění","Stanovisko Krajská nemocnice Liberec, a.s. - spinální endoskopická sestava","https://ppo.mzcr.cz/upload/files/jednani-videokonference-5-2-2021-nove-kapacity-stanovisko-krajska-nemocnice-liberec-a-s-spinalni-endoskopicka-sestava-6046969062ac7.pdf",674756
66,"Komise pro posuzování rozmístění přístrojových zdravotnických prostředků a kapacit hrazených z veřejného zdravotního pojištění","Stanovisko Masarykův onkologický ústav - bronchoskopická sestava","https://ppo.mzcr.cz/upload/files/jednani-videokonference-5-2-2021-nove-kapacity-stanovisko-masarykuv-onkologicky-ustav-bronchoskopicka-sestava-604696a529f29.pdf",523077
66,"Komise pro posuzování rozmístění přístrojových zdravotnických prostředků a kapacit hrazených z veřejného zdravotního pojištění","Stanovisko Masarykův onkologický ústav - MR 3T","https://ppo.mzcr.cz/upload/files/jednani-videokonference-5-2-2021-nove-kapacity-stanovisko-masarykuv-onkologicky-ustav-mr-3t-604696b3656a1.pdf",635817
66,"Komise pro posuzování rozmístění přístrojových zdravotnických prostředků a kapacit hrazených z veřejného zdravotního pojištění","Stanovisko Masarykův onkologický ústav- MR 1,5T","https://ppo.mzcr.cz/upload/files/jednani-videokonference-5-2-2021-nove-kapacity-stanovisko-masarykuv-onkologicky-ustav-mr-1-5t-604696bf89492.pdf",605854
66,"Komise pro posuzování rozmístění přístrojových zdravotnických prostředků a kapacit hrazených z veřejného zdravotního pojištění","Stanovisko NsP Karviná-Ráj, p.o. - MR 1,5T","https://ppo.mzcr.cz/upload/files/jednani-videokonference-5-2-2021-nove-kapacity-stanovisko-nsp-karvina-raj-p-o-mr-1-5t-604696cf1cbbd.pdf",547558
66,"Komise pro posuzování rozmístění přístrojových zdravotnických prostředků a kapacit hrazených z veřejného zdravotního pojištění","Stanovisko ON Náchod, a.s. - CT","https://ppo.mzcr.cz/upload/files/jednani-videokonference-5-2-2021-nove-kapacity-stanovisko-on-nachod-a-s-ct-604696fa369d8.pdf",613004
66,"Komise pro posuzování rozmístění přístrojových zdravotnických prostředků a kapacit hrazených z veřejného zdravotního pojištění","Stanovisko ON Náchod, a.s. - robotický operační systém","https://ppo.mzcr.cz/upload/files/jednani-videokonference-5-2-2021-nove-kapacity-stanovisko-on-nachod-a-s-roboticky-operacni-system-6046970659754.pdf",618989
66,"Komise pro posuzování rozmístění přístrojových zdravotnických prostředků a kapacit hrazených z veřejného zdravotního pojištění","Stanovisko Palas Athéna s.r.o. - MR systém ESAOTE S-SCAN","https://ppo.mzcr.cz/upload/files/jednani-videokonference-5-2-2021-nove-kapacity-stanovisko-palas-athena-s-r-o-mr-system-esaote-s-scan-604697d83e49f.pdf",547368
66,"Komise pro posuzování rozmístění přístrojových zdravotnických prostředků a kapacit hrazených z veřejného zdravotního pojištění","Stanovisko Fakultní Thomayerova nemocnice - Skiagrafický RTG přístroj (pavilon B3)","https://ppo.mzcr.cz/upload/files/jednani-per-rollam-28-31-1-2021-obnovy-stanovisko-fakultni-thomayerova-nemocnice-skiagraficky-rtg-pristroj-pavilon-b3-60296b177639c.pdf",52433
66,"Komise pro posuzování rozmístění přístrojových zdravotnických prostředků a kapacit hrazených z veřejného zdravotního pojištění","Stanovisko Fakultní Thomayerova nemocnice - Skiagrafický RTG přístroj (pavilon B5)","https://ppo.mzcr.cz/upload/files/jednani-per-rollam-28-31-1-2021-obnovy-stanovisko-fakultni-thomayerova-nemocnice-skiagraficky-rtg-pristroj-pavilon-b5-60296b31bd214.pdf",54332
66,"Komise pro posuzování rozmístění přístrojových zdravotnických prostředků a kapacit hrazených z veřejného zdravotního pojištění","Stanovisko Fakultní Thomayerova nemocnice - Výpočetní tomografie (CT)","https://ppo.mzcr.cz/upload/files/jednani-per-rollam-28-31-1-2021-obnovy-stanovisko-fakultni-thomayerova-nemocnice-vypocetni-tomografie-ct-60296b7fa853e.pdf",57928
66,"Komise pro posuzování rozmístění přístrojových zdravotnických prostředků a kapacit hrazených z veřejného zdravotního pojištění","Stanovisko FN Brno - Bezrámová navigace","https://ppo.mzcr.cz/upload/files/jednani-per-rollam-28-31-1-2021-obnovy-stanovisko-fn-brno-bezramova-navigace-60296b8e019fe.pdf",67459
66,"Komise pro posuzování rozmístění přístrojových zdravotnických prostředků a kapacit hrazených z veřejného zdravotního pojištění","Stanovisko FN Brno - C - rameno","https://ppo.mzcr.cz/upload/files/jednani-per-rollam-28-31-1-2021-obnovy-stanovisko-fn-brno-c-rameno-60296ba7af86b.pdf",60055
66,"Komise pro posuzování rozmístění přístrojových zdravotnických prostředků a kapacit hrazených z veřejného zdravotního pojištění","Stanovisko FN Brno - Elektrofyziologický systém pro 3D navigaci a mapování","https://ppo.mzcr.cz/upload/files/jednani-per-rollam-28-31-1-2021-obnovy-stanovisko-fn-brno-elektrofyziologicky-system-pro-3d-navigaci-a-mapovani-60296bc448de7.pdf",66898
66,"Komise pro posuzování rozmístění přístrojových zdravotnických prostředků a kapacit hrazených z veřejného zdravotního pojištění","Stanovisko FN Brno - EP systém","https://ppo.mzcr.cz/upload/files/jednani-per-rollam-28-31-1-2021-obnovy-stanovisko-fn-brno-ep-system-60296bd3be5f5.pdf",65552
66,"Komise pro posuzování rozmístění přístrojových zdravotnických prostředků a kapacit hrazených z veřejného zdravotního pojištění","Stanovisko FN Brno - Genetický analyzátor-kapilární sekvenátor","https://ppo.mzcr.cz/upload/files/jednani-per-rollam-28-31-1-2021-obnovy-stanovisko-fn-brno-geneticky-analyzator-kapilarni-sekvenator-60296c73c659e.pdf",64301
66,"Komise pro posuzování rozmístění přístrojových zdravotnických prostředků a kapacit hrazených z veřejného zdravotního pojištění","Stanovisko FN Brno - Mycí a dezinfekční přístroj","https://ppo.mzcr.cz/upload/files/jednani-per-rollam-28-31-1-2021-obnovy-stanovisko-fn-brno-myci-a-dezinfekcni-pristroj-60296c841a093.pdf",68504
66,"Komise pro posuzování rozmístění přístrojových zdravotnických prostředků a kapacit hrazených z veřejného zdravotního pojištění","Stanovisko FN Brno - Operační mikroskop 1","https://ppo.mzcr.cz/upload/files/jednani-per-rollam-28-31-1-2021-obnovy-stanovisko-fn-brno-operacni-mikroskop-1-60296c960d4e8.pdf",64288
66,"Komise pro posuzování rozmístění přístrojových zdravotnických prostředků a kapacit hrazených z veřejného zdravotního pojištění","Stanovisko FN Brno - Operační mikroskop 2","https://ppo.mzcr.cz/upload/files/jednani-per-rollam-28-31-1-2021-obnovy-stanovisko-fn-brno-operacni-mikroskop-2-60296ca511338.pdf",68519
66,"Komise pro posuzování rozmístění přístrojových zdravotnických prostředků a kapacit hrazených z veřejného zdravotního pojištění","Stanovisko FN Brno - Parní a dezinfekční zařízení 1","https://ppo.mzcr.cz/upload/files/jednani-per-rollam-28-31-1-2021-obnovy-stanovisko-fn-brno-parni-a-dezinfekcni-zarizeni-1-60296cccbdd79.pdf",71701
66,"Komise pro posuzování rozmístění přístrojových zdravotnických prostředků a kapacit hrazených z veřejného zdravotního pojištění","Stanovisko FN Brno - Parní a dezinfekční zařízení 2","https://ppo.mzcr.cz/upload/files/jednani-per-rollam-28-31-1-2021-obnovy-stanovisko-fn-brno-parni-a-dezinfekcni-zarizeni-2-60296cd877e3a.pdf",66688
66,"Komise pro posuzování rozmístění přístrojových zdravotnických prostředků a kapacit hrazených z veřejného zdravotního pojištění","Stanovisko FN Brno - Průtokový cytometr","https://ppo.mzcr.cz/upload/files/jednani-per-rollam-28-31-1-2021-obnovy-stanovisko-fn-brno-prutokovy-cytometr-60296ce5dbc15.pdf",72926
66,"Komise pro posuzování rozmístění přístrojových zdravotnických prostředků a kapacit hrazených z veřejného zdravotního pojištění","Stanovisko FN Brno - RTG multifunkční komplet s C-ramenem","https://ppo.mzcr.cz/upload/files/jednani-per-rollam-28-31-1-2021-obnovy-stanovisko-fn-brno-rtg-multifunkcni-komplet-s-c-ramenem-60296cf399887.pdf",64559
66,"Komise pro posuzování rozmístění přístrojových zdravotnických prostředků a kapacit hrazených z veřejného zdravotního pojištění","Stanovisko FN Brno - SPECT_CT","https://ppo.mzcr.cz/upload/files/jednani-per-rollam-28-31-1-2021-obnovy-stanovisko-fn-brno-spect-ct-6029708a7f9bc.pdf",78911
66,"Komise pro posuzování rozmístění přístrojových zdravotnických prostředků a kapacit hrazených z veřejného zdravotního pojištění","Stanovisko FN Brno - Výpočetní tomografie (CT 1)","https://ppo.mzcr.cz/upload/files/jednani-per-rollam-28-31-1-2021-obnovy-stanovisko-fn-brno-vypocetni-tomografie-ct-1-602970dfe2345.pdf",52870
66,"Komise pro posuzování rozmístění přístrojových zdravotnických prostředků a kapacit hrazených z veřejného zdravotního pojištění","Stanovisko FN Brno - Výpočetní tomografie (CT 2)","https://ppo.mzcr.cz/upload/files/jednani-per-rollam-28-31-1-2021-obnovy-stanovisko-fn-brno-vypocetni-tomografie-ct-2-602970efa20f9.pdf",59972
66,"Komise pro posuzování rozmístění přístrojových zdravotnických prostředků a kapacit hrazených z veřejného zdravotního pojištění","Stanovisko FN Bulovka - Angiografický RTG přístroj","https://ppo.mzcr.cz/upload/files/jednani-per-rollam-28-31-1-2021-obnovy-stanovisko-fn-bulovka-angiograficky-rtg-pristroj-602970fc58836.pdf",58973
66,"Komise pro posuzování rozmístění přístrojových zdravotnických prostředků a kapacit hrazených z veřejného zdravotního pojištění","Stanovisko FN Bulovka - Kapalinový chromatograf","https://ppo.mzcr.cz/upload/files/jednani-per-rollam-28-31-1-2021-obnovy-stanovisko-fn-bulovka-kapalinovy-chromatograf-6029710df28d7.pdf",63207
66,"Komise pro posuzování rozmístění přístrojových zdravotnických prostředků a kapacit hrazených z veřejného zdravotního pojištění","Stanovisko FN Bulovka - Lineární urychlovač (LU)","https://ppo.mzcr.cz/upload/files/jednani-per-rollam-28-31-1-2021-obnovy-stanovisko-fn-bulovka-linearni-urychlovac-lu-60297160a4a34.pdf",61946
66,"Komise pro posuzování rozmístění přístrojových zdravotnických prostředků a kapacit hrazených z veřejného zdravotního pojištění","Stanovisko FN Bulovka - Skiagraficko-skiaskopický RTG přístroj (ortopedie)","https://ppo.mzcr.cz/upload/files/jednani-per-rollam-28-31-1-2021-obnovy-stanovisko-fn-bulovka-skiagraficko-skiaskopicky-rtg-pristroj-ortopedie-60297177b200c.pdf",61219
66,"Komise pro posuzování rozmístění přístrojových zdravotnických prostředků a kapacit hrazených z veřejného zdravotního pojištění","Stanovisko FN Bulovka - Skiagraficko-skiaskopický RTG přístroj (urologie)","https://ppo.mzcr.cz/upload/files/jednani-per-rollam-28-31-1-2021-obnovy-stanovisko-fn-bulovka-skiagraficko-skiaskopicky-rtg-pristroj-urologie-602972095dba4.pdf",59083
66,"Komise pro posuzování rozmístění přístrojových zdravotnických prostředků a kapacit hrazených z veřejného zdravotního pojištění","Stanovisko FN Bulovka - Skiagrafický RTG přístroj (chirurgie)","https://ppo.mzcr.cz/upload/files/jednani-per-rollam-28-31-1-2021-obnovy-stanovisko-fn-bulovka-skiagraficky-rtg-pristroj-chirurgie-60297219680aa.pdf",62648
66,"Komise pro posuzování rozmístění přístrojových zdravotnických prostředků a kapacit hrazených z veřejného zdravotního pojištění","Stanovisko FN Bulovka - Skiagrafický RTG přístroj (interna)","https://ppo.mzcr.cz/upload/files/jednani-per-rollam-28-31-1-2021-obnovy-stanovisko-fn-bulovka-skiagraficky-rtg-pristroj-interna-60297227e53fa.pdf",69298
66,"Komise pro posuzování rozmístění přístrojových zdravotnických prostředků a kapacit hrazených z veřejného zdravotního pojištění","Stanovisko FN Bulovka - Terapeutický RTG přístroj","https://ppo.mzcr.cz/upload/files/jednani-per-rollam-28-31-1-2021-obnovy-stanovisko-fn-bulovka-terapeuticky-rtg-pristroj-602972537f582.pdf",59074
66,"Komise pro posuzování rozmístění přístrojových zdravotnických prostředků a kapacit hrazených z veřejného zdravotního pojištění","Stanovisko FN Bulovka - Výpočetní tomografie (CT)","https://ppo.mzcr.cz/upload/files/jednani-per-rollam-28-31-1-2021-obnovy-stanovisko-fn-bulovka-vypocetni-tomografie-ct-60297263c627b.pdf",54365
66,"Komise pro posuzování rozmístění přístrojových zdravotnických prostředků a kapacit hrazených z veřejného zdravotního pojištění","Stanovisko FN Olomouc - Angiografický elektrofyzilogický systém","https://ppo.mzcr.cz/upload/files/jednani-per-rollam-28-31-1-2021-obnovy-stanovisko-fn-olomouc-angiograficky-elektrofyzilogicky-system-6029726fe4426.pdf",71968
66,"Komise pro posuzování rozmístění přístrojových zdravotnických prostředků a kapacit hrazených z veřejného zdravotního pojištění","Stanovisko FN Olomouc - Angiokardiografický systém","https://ppo.mzcr.cz/upload/files/jednani-per-rollam-28-31-1-2021-obnovy-stanovisko-fn-olomouc-angiokardiograficky-system-60297299c5018.pdf",75984
66,"Komise pro posuzování rozmístění přístrojových zdravotnických prostředků a kapacit hrazených z veřejného zdravotního pojištění","Stanovisko FN Olomouc - Mapovací systém kardiologický","https://ppo.mzcr.cz/upload/files/jednani-per-rollam-28-31-1-2021-obnovy-stanovisko-fn-olomouc-mapovaci-system-kardiologicky-602972aa23b14.pdf",69629
66,"Komise pro posuzování rozmístění přístrojových zdravotnických prostředků a kapacit hrazených z veřejného zdravotního pojištění","Stanovisko FN u svaté Anny Brno - Navigační systém pro neurochirurgii","https://ppo.mzcr.cz/upload/files/jednani-per-rollam-28-31-1-2021-obnovy-stanovisko-fn-u-svate-anny-brno-navigacni-system-pro-neurochirurgii-602972b98bc9b.pdf",94251
66,"Komise pro posuzování rozmístění přístrojových zdravotnických prostředků a kapacit hrazených z veřejného zdravotního pojištění","Stanovisko FN u svaté Anny Brno - Operační mikroskop","https://ppo.mzcr.cz/upload/files/jednani-per-rollam-28-31-1-2021-obnovy-stanovisko-fn-u-svate-anny-brno-operacni-mikroskop-602972c9dc27f.pdf",109110
66,"Komise pro posuzování rozmístění přístrojových zdravotnických prostředků a kapacit hrazených z veřejného zdravotního pojištění","Stanovisko FN u svaté Anny Brno - Skiagrafický RGT přístroj","https://ppo.mzcr.cz/upload/files/jednani-per-rollam-28-31-1-2021-obnovy-stanovisko-fn-u-svate-anny-brno-skiagraficky-rgt-pristroj-602972d7929cf.pdf",95496
66,"Komise pro posuzování rozmístění přístrojových zdravotnických prostředků a kapacit hrazených z veřejného zdravotního pojištění","Stanovisko FN u svaté Anny Brno - Výpočetní tomografie (CT)","https://ppo.mzcr.cz/upload/files/jednani-per-rollam-28-31-1-2021-obnovy-stanovisko-fn-u-svate-anny-brno-vypocetni-tomografie-ct-60297315c45da.pdf",79115
66,"Komise pro posuzování rozmístění přístrojových zdravotnických prostředků a kapacit hrazených z veřejného zdravotního pojištění","Stanovisko Karlovarská krajská nemocnice a.s. - Lineární urychlovač (LU)","https://ppo.mzcr.cz/upload/files/jednani-per-rollam-28-31-1-2021-obnovy-stanovisko-karlovarska-krajska-nemocnice-a-s-linearni-urychlovac-lu-60297322e2df1.pdf",89713
66,"Komise pro posuzování rozmístění přístrojových zdravotnických prostředků a kapacit hrazených z veřejného zdravotního pojištění","Stanovisko Karlovarská krajská nemocnice a.s. - Skiagrafický RTG přístroj","https://ppo.mzcr.cz/upload/files/jednani-per-rollam-28-31-1-2021-obnovy-stanovisko-karlovarska-krajska-nemocnice-a-s-skiagraficky-rtg-pristroj-6029732f3c024.pdf",62740
66,"Komise pro posuzování rozmístění přístrojových zdravotnických prostředků a kapacit hrazených z veřejného zdravotního pojištění","Stanovisko Karlovarská krajská nemocnice a.s. - SPECT CT","https://ppo.mzcr.cz/upload/files/jednani-per-rollam-28-31-1-2021-obnovy-stanovisko-karlovarska-krajska-nemocnice-a-s-spect-ct-6029733b2139f.pdf",101459
66,"Komise pro posuzování rozmístění přístrojových zdravotnických prostředků a kapacit hrazených z veřejného zdravotního pojištění","Stanovisko Karlovarská krajská nemocnice a.s. - Výpočetní tomografie (CT)","https://ppo.mzcr.cz/upload/files/jednani-per-rollam-28-31-1-2021-obnovy-stanovisko-karlovarska-krajska-nemocnice-a-s-vypocetni-tomografie-ct-602973500bcf5.pdf",59141
66,"Komise pro posuzování rozmístění přístrojových zdravotnických prostředků a kapacit hrazených z veřejného zdravotního pojištění","Stanovisko Krajská nemocnice Liberec a.s. - Magnetická rezonance (MR 3T)","https://ppo.mzcr.cz/upload/files/jednani-per-rollam-28-31-1-2021-obnovy-stanovisko-krajska-nemocnice-liberec-a-s-magneticka-rezonance-mr-3t-6029736c137e4.pdf",92318
66,"Komise pro posuzování rozmístění přístrojových zdravotnických prostředků a kapacit hrazených z veřejného zdravotního pojištění","Stanovisko Krajská nemocnice Liberec a.s. - Neuronavigace","https://ppo.mzcr.cz/upload/files/jednani-per-rollam-28-31-1-2021-obnovy-stanovisko-krajska-nemocnice-liberec-a-s-neuronavigace-6029737baa56b.pdf",58690
66,"Komise pro posuzování rozmístění přístrojových zdravotnických prostředků a kapacit hrazených z veřejného zdravotního pojištění","Stanovisko Krajská nemocnice Liberec a.s. - Operační mikroskop","https://ppo.mzcr.cz/upload/files/jednani-per-rollam-28-31-1-2021-obnovy-stanovisko-krajska-nemocnice-liberec-a-s-operacni-mikroskop-602973920b0ff.pdf",63510
66,"Komise pro posuzování rozmístění přístrojových zdravotnických prostředků a kapacit hrazených z veřejného zdravotního pojištění","Stanovisko Masarykova městská nemocnice a.s., Jilemnice - Skiagrafický RTG přístroj","https://ppo.mzcr.cz/upload/files/jednani-per-rollam-28-31-1-2021-obnovy-stanovisko-masarykova-mestska-nemocnice-a-s-jilemnice-skiagraficky-rtg-pristroj-6029739f0811e.pdf",73637
66,"Komise pro posuzování rozmístění přístrojových zdravotnických prostředků a kapacit hrazených z veřejného zdravotního pojištění","Stanovisko Masarykova městská nemocnice a.s., Jilemnice - Skiaskopicko-skiagrafický komplet","https://ppo.mzcr.cz/upload/files/jednani-per-rollam-28-31-1-2021-obnovy-stanovisko-masarykova-mestska-nemocnice-a-s-jilemnice-skiaskopicko-skiagraficky-komplet-602973b0f3639.pdf",76238
66,"Komise pro posuzování rozmístění přístrojových zdravotnických prostředků a kapacit hrazených z veřejného zdravotního pojištění","Stanovisko Masarykova městská nemocnice a.s., Jilemnice - SPECT CT","https://ppo.mzcr.cz/upload/files/jednani-per-rollam-28-31-1-2021-obnovy-stanovisko-masarykova-mestska-nemocnice-a-s-jilemnice-spect-ct-602973bd46c3c.pdf",71131
66,"Komise pro posuzování rozmístění přístrojových zdravotnických prostředků a kapacit hrazených z veřejného zdravotního pojištění","Stanovisko Masarykův onkologický ústav - PET CT","https://ppo.mzcr.cz/upload/files/jednani-per-rollam-28-31-1-2021-obnovy-stanovisko-masarykuv-onkologicky-ustav-pet-ct-602973da901b0.pdf",76757
66,"Komise pro posuzování rozmístění přístrojových zdravotnických prostředků a kapacit hrazených z veřejného zdravotního pojištění","Stanovisko Nemocnice Blansko - Skiagrafický RTG přístroj","https://ppo.mzcr.cz/upload/files/jednani-per-rollam-28-31-1-2021-obnovy-stanovisko-nemocnice-blansko-skiagraficky-rtg-pristroj-602973e9cf5bf.pdf",60890
66,"Komise pro posuzování rozmístění přístrojových zdravotnických prostředků a kapacit hrazených z veřejného zdravotního pojištění","Stanovisko Nemocnice České Budějovice a.s. - Kardioangiografický RTG systém (2 ks)","https://ppo.mzcr.cz/upload/files/jednani-per-rollam-28-31-1-2021-obnovy-stanovisko-nemocnice-ceske-budejovice-a-s-kardioangiograficky-rtg-system-2-ks-602973f57f72a.pdf",62004
66,"Komise pro posuzování rozmístění přístrojových zdravotnických prostředků a kapacit hrazených z veřejného zdravotního pojištění","Stanovisko Nemocnice Český Krumlov a.s. - Výpočetní tomografie (CT)","https://ppo.mzcr.cz/upload/files/jednani-per-rollam-28-31-1-2021-obnovy-stanovisko-nemocnice-cesky-krumlov-a-s-vypocetni-tomografie-ct-6029740624406.pdf",65723
66,"Komise pro posuzování rozmístění přístrojových zdravotnických prostředků a kapacit hrazených z veřejného zdravotního pojištění","Stanovisko Nemocnice Jablonec nad Nisou - Digitální skiagrafie","https://ppo.mzcr.cz/upload/files/jednani-per-rollam-28-31-1-2021-obnovy-stanovisko-nemocnice-jablonec-nad-nisou-digitalni-skiagrafie-602974144af91.pdf",77841
66,"Komise pro posuzování rozmístění přístrojových zdravotnických prostředků a kapacit hrazených z veřejného zdravotního pojištění","Stanovisko Nemocnice Kadaň, s.r.o. - Skiaskopický RTG přístroj (2 ks)","https://ppo.mzcr.cz/upload/files/jednani-per-rollam-28-31-1-2021-obnovy-stanovisko-nemocnice-kadan-s-r-o-skiaskopicky-rtg-pristroj-2-ks-6029742241944.pdf",93740
66,"Komise pro posuzování rozmístění přístrojových zdravotnických prostředků a kapacit hrazených z veřejného zdravotního pojištění","Stanovisko Nemocnice Na Homolce - PET CT","https://ppo.mzcr.cz/upload/files/jednani-per-rollam-28-31-1-2021-obnovy-stanovisko-nemocnice-na-homolce-pet-ct-6029745138ccf.pdf",57458
66,"Komise pro posuzování rozmístění přístrojových zdravotnických prostředků a kapacit hrazených z veřejného zdravotního pojištění","Stanovisko Nemocnice Nové Město na Moravě, p. o. - Skiagraficko-skiskopický komplet","https://ppo.mzcr.cz/upload/files/jednani-per-rollam-28-31-1-2021-obnovy-stanovisko-nemocnice-nove-mesto-na-morave-p-o-skiagraficko-skiskopicky-komplet-6029745e4d755.pdf",69825
66,"Komise pro posuzování rozmístění přístrojových zdravotnických prostředků a kapacit hrazených z veřejného zdravotního pojištění","Stanovisko Nemocnice Slaný - Skiaskopicko-skiagrafická stěna","https://ppo.mzcr.cz/upload/files/jednani-per-rollam-28-31-1-2021-obnovy-stanovisko-nemocnice-slany-skiaskopicko-skiagraficka-stena-6029746c4d835.pdf",70961
66,"Komise pro posuzování rozmístění přístrojových zdravotnických prostředků a kapacit hrazených z veřejného zdravotního pojištění","Stanovisko Nemocnice Slaný - Výpočetní tomografie (CT)","https://ppo.mzcr.cz/upload/files/jednani-per-rollam-28-31-1-2021-obnovy-stanovisko-nemocnice-slany-vypocetni-tomografie-ct-6029747a55651.pdf",66018
66,"Komise pro posuzování rozmístění přístrojových zdravotnických prostředků a kapacit hrazených z veřejného zdravotního pojištění","Stanovisko Nemocnice Strakonice, a.s. - SPECT (CT)","https://ppo.mzcr.cz/upload/files/jednani-per-rollam-28-31-1-2021-obnovy-stanovisko-nemocnice-strakonice-a-s-spect-ct-602974869a536.pdf",59418
66,"Komise pro posuzování rozmístění přístrojových zdravotnických prostředků a kapacit hrazených z veřejného zdravotního pojištění","Stanovisko Nemocnice Strakonice, a.s. - Výpočetní tomografie (CT)","https://ppo.mzcr.cz/upload/files/jednani-per-rollam-28-31-1-2021-obnovy-stanovisko-nemocnice-strakonice-a-s-vypocetni-tomografie-ct-602974a1166d3.pdf",58836
66,"Komise pro posuzování rozmístění přístrojových zdravotnických prostředků a kapacit hrazených z veřejného zdravotního pojištění","Stanovisko Nemocnice ve Frýdku-Místku, p.o. - Skiaskopický komplet","https://ppo.mzcr.cz/upload/files/jednani-per-rollam-28-31-1-2021-obnovy-stanovisko-nemocnice-ve-frydku-mistku-p-o-skiaskopicky-komplet-602974acf0585.pdf",73768
66,"Komise pro posuzování rozmístění přístrojových zdravotnických prostředků a kapacit hrazených z veřejného zdravotního pojištění","Stanovisko NsP Karviná-Ráj, p.o. - Skiagrafický RTG přístroj","https://ppo.mzcr.cz/upload/files/jednani-per-rollam-28-31-1-2021-obnovy-stanovisko-nsp-karvina-raj-p-o-skiagraficky-rtg-pristroj-602974ba380b6.pdf",71706
66,"Komise pro posuzování rozmístění přístrojových zdravotnických prostředků a kapacit hrazených z veřejného zdravotního pojištění","Stanovisko NsP Karviná-Ráj, p.o. - Skiaskopicko-skiagrafický RTG přístroj","https://ppo.mzcr.cz/upload/files/jednani-per-rollam-28-31-1-2021-obnovy-stanovisko-nsp-karvina-raj-p-o-skiaskopicko-skiagraficky-rtg-pristroj-60297534453d9.pdf",66463
66,"Komise pro posuzování rozmístění přístrojových zdravotnických prostředků a kapacit hrazených z veřejného zdravotního pojištění","Stanovisko Oblastní nemocnice Kolín, a.s. - Magnetická rezonance (MR 1,5T)","https://ppo.mzcr.cz/upload/files/jednani-per-rollam-28-31-1-2021-obnovy-stanovisko-oblastni-nemocnice-kolin-a-s-magneticka-rezonance-mr-1-5t-602975987f703.pdf",82137
66,"Komise pro posuzování rozmístění přístrojových zdravotnických prostředků a kapacit hrazených z veřejného zdravotního pojištění","Stanovisko Oblastní nemocnice Náchod, a.s. - Multifunkční komplet s C-ramenem","https://ppo.mzcr.cz/upload/files/jednani-per-rollam-28-31-1-2021-obnovy-stanovisko-oblastni-nemocnice-nachod-a-s-multifunkcni-komplet-s-c-ramenem-602975b03f897.pdf",66892
66,"Komise pro posuzování rozmístění přístrojových zdravotnických prostředků a kapacit hrazených z veřejného zdravotního pojištění","Stanovisko Oblastní nemocnice Náchod, a.s. - Výpočetní tomografie (CT)","https://ppo.mzcr.cz/upload/files/jednani-per-rollam-28-31-1-2021-obnovy-stanovisko-oblastni-nemocnice-nachod-a-s-vypocetni-tomografie-ct-602975bea249a.pdf",63875
66,"Komise pro posuzování rozmístění přístrojových zdravotnických prostředků a kapacit hrazených z veřejného zdravotního pojištění","Stanovisko Oblastní nemocnice Příbram, a.s. - Skiagrafický systém","https://ppo.mzcr.cz/upload/files/jednani-per-rollam-28-31-1-2021-obnovy-stanovisko-oblastni-nemocnice-pribram-a-s-skiagraficky-system-602975cc49359.pdf",59783
66,"Komise pro posuzování rozmístění přístrojových zdravotnických prostředků a kapacit hrazených z veřejného zdravotního pojištění","Stanovisko Oblastní nemocnice Trutnov, a.s. - Hmotnostní spektrometr","https://ppo.mzcr.cz/upload/files/jednani-per-rollam-28-31-1-2021-obnovy-stanovisko-oblastni-nemocnice-trutnov-a-s-hmotnostni-spektrometr-602975d915fea.pdf",71637
66,"Komise pro posuzování rozmístění přístrojových zdravotnických prostředků a kapacit hrazených z veřejného zdravotního pojištění","Stanovisko Rokycanský nemocnice, a.s. - Skiaskopicko-skiagrafická stěna","https://ppo.mzcr.cz/upload/files/jednani-per-rollam-28-31-1-2021-obnovy-stanovisko-rokycansky-nemocnice-a-s-skiaskopicko-skiagraficka-stena-602975e8198ab.pdf",60764
66,"Komise pro posuzování rozmístění přístrojových zdravotnických prostředků a kapacit hrazených z veřejného zdravotního pojištění","Stanovisko Všeobecná fakultní nemocnice - Magnetická rezonance (MR 1,5T)","https://ppo.mzcr.cz/upload/files/jednani-per-rollam-28-31-1-2021-obnovy-stanovisko-vseobecna-fakultni-nemocnice-magneticka-rezonance-mr-1-5t-602975f4a4152.pdf",78769
66,"Komise pro posuzování rozmístění přístrojových zdravotnických prostředků a kapacit hrazených z veřejného zdravotního pojištění","Stanovisko Všeobecná fakultní nemocnice - Skiaskopický přístroj s C-ramenem","https://ppo.mzcr.cz/upload/files/jednani-per-rollam-28-31-1-2021-obnovy-stanovisko-vseobecna-fakultni-nemocnice-skiaskopicky-pristroj-s-c-ramenem-602976113d498.pdf",61893
66,"Komise pro posuzování rozmístění přístrojových zdravotnických prostředků a kapacit hrazených z veřejného zdravotního pojištění","Stanovisko Všeobecná fakultní nemocnice - Výpočetní tomografie (CT)","https://ppo.mzcr.cz/upload/files/jednani-per-rollam-28-31-1-2021-obnovy-stanovisko-vseobecna-fakultni-nemocnice-vypocetni-tomografie-ct-60297625a4847.pdf",68867
66,"Komise pro posuzování rozmístění přístrojových zdravotnických prostředků a kapacit hrazených z veřejného zdravotního pojištění","Stanovisko AGEL Středomoravská nemocniční, a.s. - MR 1,5T Šternberk","https://ppo.mzcr.cz/upload/files/jednani-videokonference-18-12-2020-nove-kapacity-stanovisko-agel-stredomoravska-nemocnicni-a-s-mr-1-5t-sternberk-6005c1298b01a.pdf",521730
66,"Komise pro posuzování rozmístění přístrojových zdravotnických prostředků a kapacit hrazených z veřejného zdravotního pojištění","Stanovisko Centrum hyperbarické medicíny, s.r.o. - hyperbarické komory Brno 2 ks","https://ppo.mzcr.cz/upload/files/jednani-videokonference-18-12-2020-nove-kapacity-stanovisko-centrum-hyperbaricke-mediciny-s-r-o-hyperbaricke-komory-brno-2-ks-6005c13c7db0a.pdf",386194
66,"Komise pro posuzování rozmístění přístrojových zdravotnických prostředků a kapacit hrazených z veřejného zdravotního pojištění","Stanovisko Centrum hyperbarické medicíny, s.r.o. - hyperbarické komory Zlín 2 ks","https://ppo.mzcr.cz/upload/files/jednani-videokonference-18-12-2020-nove-kapacity-stanovisko-centrum-hyperbaricke-mediciny-s-r-o-hyperbaricke-komory-zlin-2-ks-6005c14eab825.pdf",402223
66,"Komise pro posuzování rozmístění přístrojových zdravotnických prostředků a kapacit hrazených z veřejného zdravotního pojištění","Stanovisko Hyperbaric, s.r.o. - hyperbarická komora Praha","https://ppo.mzcr.cz/upload/files/jednani-videokonference-18-12-2020-nove-kapacity-stanovisko-hyperbaric-s-r-o-hyperbaricka-komora-praha-6005c1aa7135c.pdf",384334
66,"Komise pro posuzování rozmístění přístrojových zdravotnických prostředků a kapacit hrazených z veřejného zdravotního pojištění","Stanovisko Medihope, s.r.o. - hyperbarická komora Prostějov","https://ppo.mzcr.cz/upload/files/jednani-videokonference-18-12-2020-nove-kapacity-stanovisko-medihope-s-r-o-hyperbaricka-komora-prostejov-6005c1b6a5c7b.pdf",539471
66,"Komise pro posuzování rozmístění přístrojových zdravotnických prostředků a kapacit hrazených z veřejného zdravotního pojištění","Stanovisko Nemocnice Na Homolce - hybridní PET-MR skener","https://ppo.mzcr.cz/upload/files/jednani-videokonference-18-12-2020-nove-kapacity-stanovisko-nemocnice-na-homolce-hybridni-pet-mr-skener-6005c246ba1df.pdf",631892
66,"Komise pro posuzování rozmístění přístrojových zdravotnických prostředků a kapacit hrazených z veřejného zdravotního pojištění","Stanovisko Nemocnice Na Homolce - MR 7T - obnova","https://ppo.mzcr.cz/upload/files/jednani-videokonference-18-12-2020-nove-kapacity-stanovisko-nemocnice-na-homolce-mr-7t-obnova-6005c257a6762.pdf",571613
66,"Komise pro posuzování rozmístění přístrojových zdravotnických prostředků a kapacit hrazených z veřejného zdravotního pojištění","Stanovisko Nemocnice Pardubického kraje, a.s. - angiografický RTG přístroj Pardubice","https://ppo.mzcr.cz/upload/files/jednani-videokonference-18-12-2020-nove-kapacity-stanovisko-nemocnice-pardubickeho-kraje-a-s-angiograficky-rtg-pristroj-pardubice-6005c26a73e69.pdf",440016
66,"Komise pro posuzování rozmístění přístrojových zdravotnických prostředků a kapacit hrazených z veřejného zdravotního pojištění","Stanovisko Nemocnice Pardubického kraje, a.s. - MR 1,5T Chrudim","https://ppo.mzcr.cz/upload/files/jednani-videokonference-18-12-2020-nove-kapacity-stanovisko-nemocnice-pardubickeho-kraje-a-s-mr-1-5t-chrudim-6005c28065887.pdf",463279
66,"Komise pro posuzování rozmístění přístrojových zdravotnických prostředků a kapacit hrazených z veřejného zdravotního pojištění","Stanovisko Nemocnice Pardubického kraje, a.s. - O-rameno Pardubice","https://ppo.mzcr.cz/upload/files/jednani-videokonference-18-12-2020-nove-kapacity-stanovisko-nemocnice-pardubickeho-kraje-a-s-o-rameno-pardubice-6005c2903e0f5.pdf",449436
66,"Komise pro posuzování rozmístění přístrojových zdravotnických prostředků a kapacit hrazených z veřejného zdravotního pojištění","Stanovisko Nemocnice Pardubického kraje, a.s. - skiagrafický RTG přístroj Ústí nad Orlicí","https://ppo.mzcr.cz/upload/files/jednani-videokonference-18-12-2020-nove-kapacity-stanovisko-nemocnice-pardubickeho-kraje-a-s-skiagraficky-rtg-pristroj-usti-nad-orlici-6005c29f73887.pdf",353419
66,"Komise pro posuzování rozmístění přístrojových zdravotnických prostředků a kapacit hrazených z veřejného zdravotního pojištění","Stanovisko Nemocnice Slaný - MR 1,5T","https://ppo.mzcr.cz/upload/files/jednani-videokonference-18-12-2020-nove-kapacity-stanovisko-nemocnice-slany-mr-1-5t-6005c2b13cb5d.pdf",495847
66,"Komise pro posuzování rozmístění přístrojových zdravotnických prostředků a kapacit hrazených z veřejného zdravotního pojištění","Stanovisko Nemocnice Vyškov, p.o. - MR 1,5T","https://ppo.mzcr.cz/upload/files/jednani-videokonference-18-12-2020-nove-kapacity-stanovisko-nemocnice-vyskov-p-o-mr-1-5t-6005c2be9fd87.pdf",471854
66,"Komise pro posuzování rozmístění přístrojových zdravotnických prostředků a kapacit hrazených z veřejného zdravotního pojištění","Stanovisko Úrazová nemocnice v Brně - MR 1,5T","https://ppo.mzcr.cz/upload/files/jednani-videokonference-18-12-2020-nove-kapacity-stanovisko-urazova-nemocnice-v-brne-mr-1-5t-6005c2ca93161.pdf",488771
66,"Komise pro posuzování rozmístění přístrojových zdravotnických prostředků a kapacit hrazených z veřejného zdravotního pojištění","Stanovisko Ústřední vojenská nemocnice - mobilní chirurgický mikroskop","https://ppo.mzcr.cz/upload/files/jednani-videokonference-18-12-2020-nove-kapacity-stanovisko-ustredni-vojenska-nemocnice-mobilni-chirurgicky-mikroskop-6005c2d5785b2.pdf",756811
66,"Komise pro posuzování rozmístění přístrojových zdravotnických prostředků a kapacit hrazených z veřejného zdravotního pojištění","Stanovisko Ústřední vojenská nemocnice - mobilní zobrazovací a navigační systém","https://ppo.mzcr.cz/upload/files/jednani-videokonference-18-12-2020-nove-kapacity-stanovisko-ustredni-vojenska-nemocnice-mobilni-zobrazovaci-a-navigacni-system-6005c2dfee418.pdf",562973
66,"Komise pro posuzování rozmístění přístrojových zdravotnických prostředků a kapacit hrazených z veřejného zdravotního pojištění","Stanovisko - Fakultní nemocnice v Motole - skiaskopicko-skiagrafický RTG přístroj","https://ppo.mzcr.cz/upload/files/jednani-per-rollam-18-22-12-2020-obnova-stanovisko-fakultni-nemocnice-v-motole-skiaskopicko-skiagraficky-rtg-pristroj-5ffdea05ce40f.pdf",383605
66,"Komise pro posuzování rozmístění přístrojových zdravotnických prostředků a kapacit hrazených z veřejného zdravotního pojištění","Stanovisko - CKTCH Brno - vybavení hybridního operačního sálu","https://ppo.mzcr.cz/upload/files/jednani-per-rollam-26-30-10-2020-obnovy-stanovisko-cktch-brno-vybaveni-hybridniho-operacniho-salu-5fbd762ea51ff.pdf",541676
66,"Komise pro posuzování rozmístění přístrojových zdravotnických prostředků a kapacit hrazených z veřejného zdravotního pojištění","Stanovisko - FN Ostrava - MR 1,5T","https://ppo.mzcr.cz/upload/files/jednani-per-rollam-26-30-10-2020-obnovy-stanovisko-fn-ostrava-mr-1-5t-5fbd763bc6b16.pdf",531463
66,"Komise pro posuzování rozmístění přístrojových zdravotnických prostředků a kapacit hrazených z veřejného zdravotního pojištění","Stanovisko - FNHK - CT","https://ppo.mzcr.cz/upload/files/jednani-per-rollam-26-30-10-2020-obnovy-stanovisko-fnhk-ct-5fbd76489478c.pdf",520324
66,"Komise pro posuzování rozmístění přístrojových zdravotnických prostředků a kapacit hrazených z veřejného zdravotního pojištění","Stanovisko - FNHK - PET-CT","https://ppo.mzcr.cz/upload/files/jednani-per-rollam-26-30-10-2020-obnovy-stanovisko-fnhk-pet-ct-5fbd76570b68d.pdf",521111
66,"Komise pro posuzování rozmístění přístrojových zdravotnických prostředků a kapacit hrazených z veřejného zdravotního pojištění","Stanovisko - KNTB a.s., Zlín - litotryptor","https://ppo.mzcr.cz/upload/files/jednani-per-rollam-26-30-10-2020-obnovy-stanovisko-kntb-a-s-zlin-litotryptor-5fbd7663ec641.pdf",529731
66,"Komise pro posuzování rozmístění přístrojových zdravotnických prostředků a kapacit hrazených z veřejného zdravotního pojištění","Stanovisko - KNTB a.s., Zlín - mobilní intraoperativní RTG zobrazovací systém","https://ppo.mzcr.cz/upload/files/jednani-per-rollam-26-30-10-2020-obnovy-stanovisko-kntb-a-s-zlin-mobilni-intraoperativni-rtg-zobrazovaci-system-5fbd767177004.pdf",600504
66,"Komise pro posuzování rozmístění přístrojových zdravotnických prostředků a kapacit hrazených z veřejného zdravotního pojištění","Stanovisko - Krajská nemocnice Liberec, a.s. - skiagrafický RTG přístroj","https://ppo.mzcr.cz/upload/files/jednani-per-rollam-26-30-10-2020-obnovy-stanovisko-krajska-nemocnice-liberec-a-s-skiagraficky-rtg-pristroj-5fbd767e6504f.pdf",599354
66,"Komise pro posuzování rozmístění přístrojových zdravotnických prostředků a kapacit hrazených z veřejného zdravotního pojištění","Stanovisko - Krajská nemocnice Liberec, a.s. - skiaskopicko-skiagrafický komplet","https://ppo.mzcr.cz/upload/files/jednani-per-rollam-26-30-10-2020-obnovy-stanovisko-krajska-nemocnice-liberec-a-s-skiaskopicko-skiagraficky-komplet-5fbd76931baa7.pdf",527292
66,"Komise pro posuzování rozmístění přístrojových zdravotnických prostředků a kapacit hrazených z veřejného zdravotního pojištění","Stanovisko - Krajská nemocnice Liberec, a.s. - SPECT","https://ppo.mzcr.cz/upload/files/jednani-per-rollam-26-30-10-2020-obnovy-stanovisko-krajska-nemocnice-liberec-a-s-spect-5fbd76a15ccdb.pdf",519238
66,"Komise pro posuzování rozmístění přístrojových zdravotnických prostředků a kapacit hrazených z veřejného zdravotního pojištění","Stanovisko - Nemocnice AGEL Nový Jičín, a.s. - CT","https://ppo.mzcr.cz/upload/files/jednani-per-rollam-26-30-10-2020-obnovy-stanovisko-nemocnice-agel-novy-jicin-a-s-ct-5fbd76ad63a71.pdf",597678
66,"Komise pro posuzování rozmístění přístrojových zdravotnických prostředků a kapacit hrazených z veřejného zdravotního pojištění","Stanovisko - Nemocnice AGEL Nový Jičín, a.s. - lineární urychlovač","https://ppo.mzcr.cz/upload/files/jednani-per-rollam-26-30-10-2020-obnovy-stanovisko-nemocnice-agel-novy-jicin-a-s-linearni-urychlovac-5fbd76baf079b.pdf",594804
66,"Komise pro posuzování rozmístění přístrojových zdravotnických prostředků a kapacit hrazených z veřejného zdravotního pojištění","Stanovisko - Nemocnice AGEL Nový Jičín, a.s. - litotryptor","https://ppo.mzcr.cz/upload/files/jednani-per-rollam-26-30-10-2020-obnovy-stanovisko-nemocnice-agel-novy-jicin-a-s-litotryptor-5fbd76da92383.pdf",492761
66,"Komise pro posuzování rozmístění přístrojových zdravotnických prostředků a kapacit hrazených z veřejného zdravotního pojištění","Stanovisko - Nemocnice AGEL Nový Jičín, a.s. - MR 1,5T","https://ppo.mzcr.cz/upload/files/jednani-per-rollam-26-30-10-2020-obnovy-stanovisko-nemocnice-agel-novy-jicin-a-s-mr-1-5t-5fbd76e7704c8.pdf",539009
66,"Komise pro posuzování rozmístění přístrojových zdravotnických prostředků a kapacit hrazených z veřejného zdravotního pojištění","Stanovisko - Nemocnice AGEL Nový Jičín, a.s. - PET-CT","https://ppo.mzcr.cz/upload/files/jednani-per-rollam-26-30-10-2020-obnovy-stanovisko-nemocnice-agel-novy-jicin-a-s-pet-ct-5fbd76f4ab87c.pdf",511890
66,"Komise pro posuzování rozmístění přístrojových zdravotnických prostředků a kapacit hrazených z veřejného zdravotního pojištění","Stanovisko - Nemocnice AGEL Nový Jičín, a.s. - skiaskopicko-skiagrafická stěna","https://ppo.mzcr.cz/upload/files/jednani-per-rollam-26-30-10-2020-obnovy-stanovisko-nemocnice-agel-novy-jicin-a-s-skiaskopicko-skiagraficka-stena-5fbd7701e5d81.pdf",512225
66,"Komise pro posuzování rozmístění přístrojových zdravotnických prostředků a kapacit hrazených z veřejného zdravotního pojištění","Stanovisko - Nemocnice Jablonec nad Nisou - MR 1,5T","https://ppo.mzcr.cz/upload/files/jednani-per-rollam-26-30-10-2020-obnovy-stanovisko-nemocnice-jablonec-nad-nisou-mr-1-5t-5fbd771cd2c82.pdf",594617
66,"Komise pro posuzování rozmístění přístrojových zdravotnických prostředků a kapacit hrazených z veřejného zdravotního pojištění","Stanovisko - Nemocnice Jablonec nad Nisou, p.o. - CT","https://ppo.mzcr.cz/upload/files/jednani-per-rollam-26-30-10-2020-obnovy-stanovisko-nemocnice-jablonec-nad-nisou-p-o-ct-5fbd775131c99.pdf",541885
66,"Komise pro posuzování rozmístění přístrojových zdravotnických prostředků a kapacit hrazených z veřejného zdravotního pojištění","Stanovisko - Nemocnice Jindřichův Hradec, a.s. - CT","https://ppo.mzcr.cz/upload/files/jednani-per-rollam-26-30-10-2020-obnovy-stanovisko-nemocnice-jindrichuv-hradec-a-s-ct-5fbd775e53e99.pdf",614922
66,"Komise pro posuzování rozmístění přístrojových zdravotnických prostředků a kapacit hrazených z veřejného zdravotního pojištění","Stanovisko - Nemocnice Pardubického kraje, a.s. - angiografický komplet","https://ppo.mzcr.cz/upload/files/jednani-per-rollam-26-30-10-2020-obnovy-stanovisko-nemocnice-pardubickeho-kraje-a-s-angiograficky-komplet-5fbd776f91bed.pdf",538921
66,"Komise pro posuzování rozmístění přístrojových zdravotnických prostředků a kapacit hrazených z veřejného zdravotního pojištění","Stanovisko - Nemocnice Pardubického kraje, a.s. - CT 1 - RDG odd.","https://ppo.mzcr.cz/upload/files/jednani-per-rollam-26-30-10-2020-obnovy-stanovisko-nemocnice-pardubickeho-kraje-a-s-ct-1-rdg-odd-5fbd77845df74.pdf",536645
66,"Komise pro posuzování rozmístění přístrojových zdravotnických prostředků a kapacit hrazených z veřejného zdravotního pojištění","Stanovisko - Nemocnice Pardubického kraje, a.s. - CT 2 - emergency","https://ppo.mzcr.cz/upload/files/jednani-per-rollam-26-30-10-2020-obnovy-stanovisko-nemocnice-pardubickeho-kraje-a-s-ct-2-emergency-5fbd7793cab61.pdf",543882
66,"Komise pro posuzování rozmístění přístrojových zdravotnických prostředků a kapacit hrazených z veřejného zdravotního pojištění","Stanovisko - Nemocnice Pardubického kraje, a.s. - MR 1,5T","https://ppo.mzcr.cz/upload/files/jednani-per-rollam-26-30-10-2020-obnovy-stanovisko-nemocnice-pardubickeho-kraje-a-s-mr-1-5t-5fbd77a28680d.pdf",532479
66,"Komise pro posuzování rozmístění přístrojových zdravotnických prostředků a kapacit hrazených z veřejného zdravotního pojištění","Stanovisko - Nemocnice Pardubického kraje, a.s. - mycí a dezinfekční automat","https://ppo.mzcr.cz/upload/files/jednani-per-rollam-26-30-10-2020-obnovy-stanovisko-nemocnice-pardubickeho-kraje-a-s-myci-a-dezinfekcni-automat-5fbd77af5de77.pdf",492683
66,"Komise pro posuzování rozmístění přístrojových zdravotnických prostředků a kapacit hrazených z veřejného zdravotního pojištění","Stanovisko - Nemocnice Pardubického kraje, a.s. - skiagrafický RTG přístroj","https://ppo.mzcr.cz/upload/files/jednani-per-rollam-26-30-10-2020-obnovy-stanovisko-nemocnice-pardubickeho-kraje-a-s-skiagraficky-rtg-pristroj-5fbd77bcbe75e.pdf",548652
66,"Komise pro posuzování rozmístění přístrojových zdravotnických prostředků a kapacit hrazených z veřejného zdravotního pojištění","Stanovisko - Nemocnice Pardubického kraje, a.s. - skiaskopicko-skiagrafický komplet","https://ppo.mzcr.cz/upload/files/jednani-per-rollam-26-30-10-2020-obnovy-stanovisko-nemocnice-pardubickeho-kraje-a-s-skiaskopicko-skiagraficky-komplet-5fbd77ca7b2ba.pdf",602763
66,"Komise pro posuzování rozmístění přístrojových zdravotnických prostředků a kapacit hrazených z veřejného zdravotního pojištění","Stanovisko - Nemocnice Pardubického kraje, a.s. - SPECT-CT","https://ppo.mzcr.cz/upload/files/jednani-per-rollam-26-30-10-2020-obnovy-stanovisko-nemocnice-pardubickeho-kraje-a-s-spect-ct-5fbd77d78082a.pdf",499797
66,"Komise pro posuzování rozmístění přístrojových zdravotnických prostředků a kapacit hrazených z veřejného zdravotního pojištění","Stanovisko - Nemocnice Prachatice, a.s. - CT","https://ppo.mzcr.cz/upload/files/jednani-per-rollam-26-30-10-2020-obnovy-stanovisko-nemocnice-prachatice-a-s-ct-5fbd77e4423cb.pdf",486053
66,"Komise pro posuzování rozmístění přístrojových zdravotnických prostředků a kapacit hrazených z veřejného zdravotního pojištění","Stanovisko - NEMOS SOKOLOV, s.r.o. - MR 1,5T upgrade","https://ppo.mzcr.cz/upload/files/jednani-per-rollam-26-30-10-2020-obnovy-stanovisko-nemos-sokolov-s-r-o-mr-1-5t-upgrade-5fbd77f0a96cc.pdf",519928
66,"Komise pro posuzování rozmístění přístrojových zdravotnických prostředků a kapacit hrazených z veřejného zdravotního pojištění","Stanovisko - Ústav leteckého zdravotnictví Praha - hyperbarické komory","https://ppo.mzcr.cz/upload/files/jednani-per-rollam-26-30-10-2020-obnovy-stanovisko-ustav-leteckeho-zdravotnictvi-praha-hyperbaricke-komory-5fbd77fe245ed.pdf",621521
66,"Komise pro posuzování rozmístění přístrojových zdravotnických prostředků a kapacit hrazených z veřejného zdravotního pojištění","Stanovisko - Ústřední vojenská nemocnice Praha - MR 1,5T","https://ppo.mzcr.cz/upload/files/jednani-per-rollam-26-30-10-2020-obnovy-stanovisko-ustredni-vojenska-nemocnice-praha-mr-1-5t-5fbd781082b5d.pdf",572510
66,"Komise pro posuzování rozmístění přístrojových zdravotnických prostředků a kapacit hrazených z veřejného zdravotního pojištění","Stanovisko - VFN - endoskopický vyšetřovací systém","https://ppo.mzcr.cz/upload/files/jednani-per-rollam-26-30-10-2020-obnovy-stanovisko-vfn-endoskopicky-vysetrovaci-system-5fbd781d107d0.pdf",519137
66,"Komise pro posuzování rozmístění přístrojových zdravotnických prostředků a kapacit hrazených z veřejného zdravotního pojištění","Stanovisko - VFN - ultrazvukový videogastroskop-endosonograf","https://ppo.mzcr.cz/upload/files/jednani-per-rollam-26-30-10-2020-obnovy-stanovisko-vfn-ultrazvukovy-videogastroskop-endosonograf-5fbd782ad448b.pdf",555338
66,"Komise pro posuzování rozmístění přístrojových zdravotnických prostředků a kapacit hrazených z veřejného zdravotního pojištění","IKEM - systém pro molekulární mikroskopii (nová technologie)","https://ppo.mzcr.cz/upload/files/jednani-18-6-2020-nove-kapacity-a-technologie-ikem-system-pro-molekularni-mikroskopii-nova-technologie-5f1324c48cc7e.pdf",831514
66,"Komise pro posuzování rozmístění přístrojových zdravotnických prostředků a kapacit hrazených z veřejného zdravotního pojištění","MR Centrum Mělník, s.r.o. - MR 1,5T","https://ppo.mzcr.cz/upload/files/jednani-18-6-2020-nove-kapacity-a-technologie-mr-centrum-melnik-s-r-o-mr-1-5t-5f1324c48f894.pdf",629504
66,"Komise pro posuzování rozmístění přístrojových zdravotnických prostředků a kapacit hrazených z veřejného zdravotního pojištění","Nemocnice Na Homolce - O-arm","https://ppo.mzcr.cz/upload/files/jednani-18-6-2020-nove-kapacity-a-technologie-nemocnice-na-homolce-o-arm-5f1324c49060f.pdf",571150
66,"Komise pro posuzování rozmístění přístrojových zdravotnických prostředků a kapacit hrazených z veřejného zdravotního pojištění","NsP Karviná-Ráj, p.o. - MR 1,5T","https://ppo.mzcr.cz/upload/files/jednani-18-6-2020-nove-kapacity-a-technologie-nsp-karvina-raj-p-o-mr-1-5t-5f1324c491211.pdf",786886
66,"Komise pro posuzování rozmístění přístrojových zdravotnických prostředků a kapacit hrazených z veřejného zdravotního pojištění","NÚDZ - MR 3T","https://ppo.mzcr.cz/upload/files/jednani-18-6-2020-nove-kapacity-a-technologie-nudz-mr-3t-5f1324c492341.pdf",632090
66,"Komise pro posuzování rozmístění přístrojových zdravotnických prostředků a kapacit hrazených z veřejného zdravotního pojištění","Oblastní nemocnice Kolín, a.s. - MR 3T","https://ppo.mzcr.cz/upload/files/jednani-18-6-2020-nove-kapacity-a-technologie-oblastni-nemocnice-kolin-a-s-mr-3t-5f1324c493123.pdf",816600
66,"Komise pro posuzování rozmístění přístrojových zdravotnických prostředků a kapacit hrazených z veřejného zdravotního pojištění","ÚVN - operační mikroskop","https://ppo.mzcr.cz/upload/files/jednani-18-6-2020-nove-kapacity-a-technologie-uvn-operacni-mikroskop-5f1324c493f2c.pdf",597737
66,"Komise pro posuzování rozmístění přístrojových zdravotnických prostředků a kapacit hrazených z veřejného zdravotního pojištění","FN Brno - excimerový laser","https://ppo.mzcr.cz/upload/files/jednani-18-6-2020-obnovy-a-upgrade-fn-brno-excimerovy-laser-5f132519188cc.pdf",589071
66,"Komise pro posuzování rozmístění přístrojových zdravotnických prostředků a kapacit hrazených z veřejného zdravotního pojištění","FN Motol - genetický analyzátor - sekvenátor","https://ppo.mzcr.cz/upload/files/jednani-18-6-2020-obnovy-a-upgrade-fn-motol-geneticky-analyzator-sekvenator-5f13253429043.pdf",548000
66,"Komise pro posuzování rozmístění přístrojových zdravotnických prostředků a kapacit hrazených z veřejného zdravotního pojištění","FN Motol - operační mikroskop (1) neurochirurgie","https://ppo.mzcr.cz/upload/files/jednani-18-6-2020-obnovy-a-upgrade-fn-motol-operacni-mikroskop-1-neurochirurgie-5f13254dcd297.pdf",627178
66,"Komise pro posuzování rozmístění přístrojových zdravotnických prostředků a kapacit hrazených z veřejného zdravotního pojištění","FN Motol - operační mikroskop (2) ORL","https://ppo.mzcr.cz/upload/files/jednani-18-6-2020-obnovy-a-upgrade-fn-motol-operacni-mikroskop-2-orl-5f13256b65cf5.pdf",592844
66,"Komise pro posuzování rozmístění přístrojových zdravotnických prostředků a kapacit hrazených z veřejného zdravotního pojištění","FN Motol - průtokový cytometr","https://ppo.mzcr.cz/upload/files/jednani-18-6-2020-obnovy-a-upgrade-fn-motol-prutokovy-cytometr-5f132579058ca.pdf",537373
66,"Komise pro posuzování rozmístění přístrojových zdravotnických prostředků a kapacit hrazených z veřejného zdravotního pojištění","FN Olomouc - chromatograf s hmotnostním spektrometrem","https://ppo.mzcr.cz/upload/files/jednani-18-6-2020-obnovy-a-upgrade-fn-olomouc-chromatograf-s-hmotnostnim-spektrometrem-5f1325998e1b3.pdf",569519
66,"Komise pro posuzování rozmístění přístrojových zdravotnických prostředků a kapacit hrazených z veřejného zdravotního pojištění","FN Olomouc - inokulační automat","https://ppo.mzcr.cz/upload/files/jednani-18-6-2020-obnovy-a-upgrade-fn-olomouc-inokulacni-automat-5f1325a92e4dc.pdf",578285
66,"Komise pro posuzování rozmístění přístrojových zdravotnických prostředků a kapacit hrazených z veřejného zdravotního pojištění","FN Olomouc - přístroj pro mimotělní oběh (2ks)","https://ppo.mzcr.cz/upload/files/jednani-18-6-2020-obnovy-a-upgrade-fn-olomouc-pristroj-pro-mimotelni-obeh-2ks-5f1325b9dd057.pdf",574858
66,"Komise pro posuzování rozmístění přístrojových zdravotnických prostředků a kapacit hrazených z veřejného zdravotního pojištění","FN Ostrava - CyberKnife","https://ppo.mzcr.cz/upload/files/jednani-18-6-2020-obnovy-a-upgrade-fn-ostrava-cyberknife-5f1325d29688e.pdf",630426
66,"Komise pro posuzování rozmístění přístrojových zdravotnických prostředků a kapacit hrazených z veřejného zdravotního pojištění","FN Ostrava - endosonografický systém","https://ppo.mzcr.cz/upload/files/jednani-18-6-2020-obnovy-a-upgrade-fn-ostrava-endosonograficky-system-5f1325de8f0fd.pdf",540720
66,"Komise pro posuzování rozmístění přístrojových zdravotnických prostředků a kapacit hrazených z veřejného zdravotního pojištění","FN Ostrava - ozařovač transfuzních přípravků","https://ppo.mzcr.cz/upload/files/jednani-18-6-2020-obnovy-a-upgrade-fn-ostrava-ozarovac-transfuznich-pripravku-5f1325f117d63.pdf",532913
66,"Komise pro posuzování rozmístění přístrojových zdravotnických prostředků a kapacit hrazených z veřejného zdravotního pojištění","FNHK - CT","https://ppo.mzcr.cz/upload/files/jednani-18-6-2020-obnovy-a-upgrade-fnhk-ct-5f1326013d91f.pdf",515968
66,"Komise pro posuzování rozmístění přístrojových zdravotnických prostředků a kapacit hrazených z veřejného zdravotního pojištění","FNHK - operační mikroskop neurochirurgie","https://ppo.mzcr.cz/upload/files/jednani-18-6-2020-obnovy-a-upgrade-fnhk-operacni-mikroskop-neurochirurgie-5f1ae5e44498d.pdf",534222
66,"Komise pro posuzování rozmístění přístrojových zdravotnických prostředků a kapacit hrazených z veřejného zdravotního pojištění","FNHK - ozařovač transfuzních přípravků","https://ppo.mzcr.cz/upload/files/jednani-18-6-2020-obnovy-a-upgrade-fnhk-ozarovac-transfuznich-pripravku-5f271542431e3.pdf",508454
66,"Komise pro posuzování rozmístění přístrojových zdravotnických prostředků a kapacit hrazených z veřejného zdravotního pojištění","FNHK - sekvenátor","https://ppo.mzcr.cz/upload/files/jednani-18-6-2020-obnovy-a-upgrade-fnhk-sekvenator-5f27158b8d420.pdf",531182
66,"Komise pro posuzování rozmístění přístrojových zdravotnických prostředků a kapacit hrazených z veřejného zdravotního pojištění","FNHK - systém pro elektrofyziologii","https://ppo.mzcr.cz/upload/files/jednani-18-6-2020-obnovy-a-upgrade-fnhk-system-pro-elektrofyziologii-5f271597e3ce5.pdf",481338
66,"Komise pro posuzování rozmístění přístrojových zdravotnických prostředků a kapacit hrazených z veřejného zdravotního pojištění","Kardiologické centrum AGEL a.s. - angiografická linka","https://ppo.mzcr.cz/upload/files/jednani-18-6-2020-obnovy-a-upgrade-kardiologicke-centrum-agel-a-s-angiograficka-linka-5f2715a4ba9ee.pdf",530269
66,"Komise pro posuzování rozmístění přístrojových zdravotnických prostředků a kapacit hrazených z veřejného zdravotního pojištění","Karlovarská krajská nemocnice a.s. - CT","https://ppo.mzcr.cz/upload/files/jednani-18-6-2020-obnovy-a-upgrade-karlovarska-krajska-nemocnice-a-s-ct-5f2715b03a772.pdf",609313
66,"Komise pro posuzování rozmístění přístrojových zdravotnických prostředků a kapacit hrazených z veřejného zdravotního pojištění","Karlovarská krajská nemocnice a.s. - MR 1,5T upgrade","https://ppo.mzcr.cz/upload/files/jednani-18-6-2020-obnovy-a-upgrade-karlovarska-krajska-nemocnice-a-s-mr-1-5t-upgrade-5f2715f407e03.pdf",831930
66,"Komise pro posuzování rozmístění přístrojových zdravotnických prostředků a kapacit hrazených z veřejného zdravotního pojištění","Krajská zdravotní a.s. - CT upgrade","https://ppo.mzcr.cz/upload/files/jednani-18-6-2020-obnovy-a-upgrade-krajska-zdravotni-a-s-ct-upgrade-5f2715ffe75c5.pdf",599618
66,"Komise pro posuzování rozmístění přístrojových zdravotnických prostředků a kapacit hrazených z veřejného zdravotního pojištění","Krajská zdravotní a.s. - MR 1,5T","https://ppo.mzcr.cz/upload/files/jednani-18-6-2020-obnovy-a-upgrade-krajska-zdravotni-a-s-mr-1-5t-5f27160d5330e.pdf",611681
66,"Komise pro posuzování rozmístění přístrojových zdravotnických prostředků a kapacit hrazených z veřejného zdravotního pojištění","Městská nemocnice Ostrava, p.o. - kardioangiografický přístroj","https://ppo.mzcr.cz/upload/files/jednani-18-6-2020-obnovy-a-upgrade-mestska-nemocnice-ostrava-p-o-kardioangiograficky-pristroj-5f27163036922.pdf",569987
66,"Komise pro posuzování rozmístění přístrojových zdravotnických prostředků a kapacit hrazených z veřejného zdravotního pojištění","Nemocnice České Budějovice, a.s. - SPECT-CT","https://ppo.mzcr.cz/upload/files/jednani-18-6-2020-obnovy-a-upgrade-nemocnice-ceske-budejovice-a-s-spect-ct-5f27163f81946.pdf",959825
66,"Komise pro posuzování rozmístění přístrojových zdravotnických prostředků a kapacit hrazených z veřejného zdravotního pojištění","Nemocnice Milosrdných sester sv. Karla Boromejského - CT","https://ppo.mzcr.cz/upload/files/jednani-18-6-2020-obnovy-a-upgrade-nemocnice-milosrdnych-sester-sv-karla-boromejskeho-ct-5f27164f3d104.pdf",583121
66,"Komise pro posuzování rozmístění přístrojových zdravotnických prostředků a kapacit hrazených z veřejného zdravotního pojištění","Nemocnice Na Homolce - angiografický systém","https://ppo.mzcr.cz/upload/files/jednani-18-6-2020-obnovy-a-upgrade-nemocnice-na-homolce-angiograficky-system-5f27166db535a.pdf",575757
66,"Komise pro posuzování rozmístění přístrojových zdravotnických prostředků a kapacit hrazených z veřejného zdravotního pojištění","Nemocnice Na Homolce - operační mikroskop neurochirurgie","https://ppo.mzcr.cz/upload/files/jednani-18-6-2020-obnovy-a-upgrade-nemocnice-na-homolce-operacni-mikroskop-neurochirurgie-5f27167dc920b.pdf",532056
66,"Komise pro posuzování rozmístění přístrojových zdravotnických prostředků a kapacit hrazených z veřejného zdravotního pojištění","Nemocnice Na Homolce - SPECT","https://ppo.mzcr.cz/upload/files/jednani-18-6-2020-obnovy-a-upgrade-nemocnice-na-homolce-spect-5f27169302ed4.pdf",517969
66,"Komise pro posuzování rozmístění přístrojových zdravotnických prostředků a kapacit hrazených z veřejného zdravotního pojištění","Poliklinika Žďár nad Sázavou. p.o. - skiagrafický RTG přístroj","https://ppo.mzcr.cz/upload/files/jednani-18-6-2020-obnovy-a-upgrade-poliklinika-zdar-nad-sazavou-p-o-skiagraficky-rtg-pristroj-5f2716a103467.pdf",838406
66,"Komise pro posuzování rozmístění přístrojových zdravotnických prostředků a kapacit hrazených z veřejného zdravotního pojištění","VFN - endoskopický systém pro bronchologii","https://ppo.mzcr.cz/upload/files/jednani-18-6-2020-obnovy-a-upgrade-vfn-endoskopicky-system-pro-bronchologii-5f2716ac81937.pdf",546898
66,"Komise pro posuzování rozmístění přístrojových zdravotnických prostředků a kapacit hrazených z veřejného zdravotního pojištění","1._stanovisko_Nemocnice_Ivančice,_p.o._-_CT","https://ppo.mzcr.cz/upload/files/jednani-27-2-2020-obnovy-1-stanovisko-nemocnice-ivancice-p-o-ct-5f27171ebb4ab.pdf",537100
66,"Komise pro posuzování rozmístění přístrojových zdravotnických prostředků a kapacit hrazených z veřejného zdravotního pojištění","2._stanovisko_Fakultní_nemocnice_v_Motole_-_angiografický_systém","https://ppo.mzcr.cz/upload/files/jednani-27-2-2020-obnovy-2-stanovisko-fakultni-nemocnice-v-motole-angiograficky-system-5f27171ebe394.pdf",344288
66,"Komise pro posuzování rozmístění přístrojových zdravotnických prostředků a kapacit hrazených z veřejného zdravotního pojištění","3._stanovisko_ÚVN_-_skiaskopicko-skiagrafický_RTG","https://ppo.mzcr.cz/upload/files/jednani-27-2-2020-obnovy-3-stanovisko-uvn-skiaskopicko-skiagraficky-rtg-5f27171ec0428.pdf",357366
66,"Komise pro posuzování rozmístění přístrojových zdravotnických prostředků a kapacit hrazených z veřejného zdravotního pojištění","4._stanovisko_ÚVN_-_robotický_systém_Da_Vinci","https://ppo.mzcr.cz/upload/files/jednani-27-2-2020-obnovy-4-stanovisko-uvn-roboticky-system-da-vinci-5f27171ec13fc.pdf",366313
66,"Komise pro posuzování rozmístění přístrojových zdravotnických prostředků a kapacit hrazených z veřejného zdravotního pojištění","5._stanovisko_VFN_-_angiografický_RTG","https://ppo.mzcr.cz/upload/files/jednani-27-2-2020-obnovy-5-stanovisko-vfn-angiograficky-rtg-5f27171ec23cd.pdf",347409
66,"Komise pro posuzování rozmístění přístrojových zdravotnických prostředků a kapacit hrazených z veřejného zdravotního pojištění","6._stanovisko_Nemocnice_Na_Pleši_s.r.o._-_LU","https://ppo.mzcr.cz/upload/files/jednani-27-2-2020-obnovy-6-stanovisko-nemocnice-na-plesi-s-r-o-lu-5f27171ec374b.pdf",346405
66,"Komise pro posuzování rozmístění přístrojových zdravotnických prostředků a kapacit hrazených z veřejného zdravotního pojištění","7._stanovisko_FN_Hradec_Králové_-_PET-CT","https://ppo.mzcr.cz/upload/files/jednani-27-2-2020-obnovy-7-stanovisko-fn-hradec-kralove-pet-ct-5f27171ec4bc9.pdf",329807
66,"Komise pro posuzování rozmístění přístrojových zdravotnických prostředků a kapacit hrazených z veřejného zdravotního pojištění","8._stanovisko_FN_Hradec_Králové_-_SPECT_(1)","https://ppo.mzcr.cz/upload/files/jednani-27-2-2020-obnovy-8-stanovisko-fn-hradec-kralove-spect-1-5f27171ec5918.pdf",332226
66,"Komise pro posuzování rozmístění přístrojových zdravotnických prostředků a kapacit hrazených z veřejného zdravotního pojištění","9._stanovisko_FN_Hradec_Králové_-_SPECT_(2)","https://ppo.mzcr.cz/upload/files/jednani-27-2-2020-obnovy-9-stanovisko-fn-hradec-kralove-spect-2-5f27171ec6b65.pdf",330867
66,"Komise pro posuzování rozmístění přístrojových zdravotnických prostředků a kapacit hrazených z veřejného zdravotního pojištění","10._stanovisko_Nemocnice_Písek,_a.s._-_MR_1,5T","https://ppo.mzcr.cz/upload/files/jednani-27-2-2020-obnovy-10-stanovisko-nemocnice-pisek-a-s-mr-1-5t-5f27171ec7c95.pdf",328449
66,"Komise pro posuzování rozmístění přístrojových zdravotnických prostředků a kapacit hrazených z veřejného zdravotního pojištění","11._stanovisko_FN_Brno_-_skiagrafický_RTG","https://ppo.mzcr.cz/upload/files/jednani-27-2-2020-obnovy-11-stanovisko-fn-brno-skiagraficky-rtg-5f27171ec8df2.pdf",326910
66,"Komise pro posuzování rozmístění přístrojových zdravotnických prostředků a kapacit hrazených z veřejného zdravotního pojištění","12._stanovisko_FN_Olomouc_-_CT","https://ppo.mzcr.cz/upload/files/jednani-27-2-2020-obnovy-12-stanovisko-fn-olomouc-ct-5f27171eca0f8.pdf",325452
66,"Komise pro posuzování rozmístění přístrojových zdravotnických prostředků a kapacit hrazených z veřejného zdravotního pojištění","13._stanovisko_KZ_a.s._-_UZ_přístroj","https://ppo.mzcr.cz/upload/files/jednani-27-2-2020-obnovy-13-stanovisko-kz-a-s-uz-pristroj-5f27171ecbee1.pdf",366776
66,"Komise pro posuzování rozmístění přístrojových zdravotnických prostředků a kapacit hrazených z veřejného zdravotního pojištění","14._stanovisko_NsP_Karviná-Ráj,_p.o._-_skiagrafický_RTG","https://ppo.mzcr.cz/upload/files/jednani-27-2-2020-obnovy-14-stanovisko-nsp-karvina-raj-p-o-skiagraficky-rtg-5f27171ecd971.pdf",339626
66,"Komise pro posuzování rozmístění přístrojových zdravotnických prostředků a kapacit hrazených z veřejného zdravotního pojištění","15._stanovisko_KN_Liberec,_a.s._-_CT","https://ppo.mzcr.cz/upload/files/jednani-27-2-2020-obnovy-15-stanovisko-kn-liberec-a-s-ct-5f27171eceaa0.pdf",329381
66,"Komise pro posuzování rozmístění přístrojových zdravotnických prostředků a kapacit hrazených z veřejného zdravotního pojištění","16._stanovisko_NPK_a.s._-_CT","https://ppo.mzcr.cz/upload/files/jednani-27-2-2020-obnovy-16-stanovisko-npk-a-s-ct-5f27171ed025d.pdf",341273
66,"Komise pro posuzování rozmístění přístrojových zdravotnických prostředků a kapacit hrazených z veřejného zdravotního pojištění","17._stanovisko_NPK_a.s._-_skiagraficko-skiaskopický_komplet","https://ppo.mzcr.cz/upload/files/jednani-27-2-2020-obnovy-17-stanovisko-npk-a-s-skiagraficko-skiaskopicky-komplet-5f27171ed1843.pdf",367347
66,"Komise pro posuzování rozmístění přístrojových zdravotnických prostředků a kapacit hrazených z veřejného zdravotního pojištění","18._stanovisko_Nemocnice_Šumperk_a.s._-_skiaskopicko-skiagrafický_RTG","https://ppo.mzcr.cz/upload/files/jednani-27-2-2020-obnovy-18-stanovisko-nemocnice-sumperk-a-s-skiaskopicko-skiagraficky-rtg-5f27171ed27a1.pdf",350047
66,"Komise pro posuzování rozmístění přístrojových zdravotnických prostředků a kapacit hrazených z veřejného zdravotního pojištění","19._stanovisko_Uherskohradišťská_nemocnice_a.s._-_SPECT-CT","https://ppo.mzcr.cz/upload/files/jednani-27-2-2020-obnovy-19-stanovisko-uherskohradistska-nemocnice-a-s-spect-ct-5f27171ed3fee.pdf",356698
66,"Komise pro posuzování rozmístění přístrojových zdravotnických prostředků a kapacit hrazených z veřejného zdravotního pojištění","20._stanovisko_Radioterapie_Holešov_s.r.o._-_radioterapeutický_simulátor","https://ppo.mzcr.cz/upload/files/jednani-27-2-2020-obnovy-20-stanovisko-radioterapie-holesov-s-r-o-radioterapeuticky-simulator-5f27171ed57e2.pdf",347676
66,"Komise pro posuzování rozmístění přístrojových zdravotnických prostředků a kapacit hrazených z veřejného zdravotního pojištění","21._stanovisko_VFN_-_skiagraf","https://ppo.mzcr.cz/upload/files/jednani-27-2-2020-obnovy-21-stanovisko-vfn-skiagraf-5f27171ed6a2d.pdf",353441
66,"Komise pro posuzování rozmístění přístrojových zdravotnických prostředků a kapacit hrazených z veřejného zdravotního pojištění","22._stanovisko_VFN_-_skiaskopicko-skiagrafický_přístroj","https://ppo.mzcr.cz/upload/files/jednani-27-2-2020-obnovy-22-stanovisko-vfn-skiaskopicko-skiagraficky-pristroj-5f27171ed8352.pdf",353489
66,"Komise pro posuzování rozmístění přístrojových zdravotnických prostředků a kapacit hrazených z veřejného zdravotního pojištění","01.Krajská_zdravotní,Ústí_n-L_-_lineární_urychlovač,obnova","https://ppo.mzcr.cz/upload/files/jednani-9-5-2019-obnovy-01-krajska-zdravotni-usti-n-l-linearni-urychlovac-obnova-5f39680d9a5a0.pdf",224634
66,"Komise pro posuzování rozmístění přístrojových zdravotnických prostředků a kapacit hrazených z veřejného zdravotního pojištění","1._KZ_Ústí-stanovisko","https://ppo.mzcr.cz/upload/files/jednani-9-5-2019-obnovy-1-kz-usti-stanovisko-5f3968198ff3d.pdf",147197
66,"Komise pro posuzování rozmístění přístrojových zdravotnických prostředků a kapacit hrazených z veřejného zdravotního pojištění","02.FN_Královské_Vinohrady_-_lineární_urychlovač-obnova","https://ppo.mzcr.cz/upload/files/jednani-9-5-2019-obnovy-02-fn-kralovske-vinohrady-linearni-urychlovac-obnova-5f3968244d4bb.pdf",80075
66,"Komise pro posuzování rozmístění přístrojových zdravotnických prostředků a kapacit hrazených z veřejného zdravotního pojištění","2._FN_Královské_Vinohrady-stanovisko","https://ppo.mzcr.cz/upload/files/jednani-9-5-2019-obnovy-2-fn-kralovske-vinohrady-stanovisko-5f39682e9bc22.pdf",140101
66,"Komise pro posuzování rozmístění přístrojových zdravotnických prostředků a kapacit hrazených z veřejného zdravotního pojištění","03.FN_Královské_Vinohrady_-_radioterapeutický_simulátor-obnova","https://ppo.mzcr.cz/upload/files/jednani-9-5-2019-obnovy-03-fn-kralovske-vinohrady-radioterapeuticky-simulator-obnova-5f39683adbcde.pdf",79401
66,"Komise pro posuzování rozmístění přístrojových zdravotnických prostředků a kapacit hrazených z veřejného zdravotního pojištění","3._FN_Královské_Vinohrady-stanovisko","https://ppo.mzcr.cz/upload/files/jednani-9-5-2019-obnovy-3-fn-kralovske-vinohrady-stanovisko-5f3968455cf8e.pdf",177571
66,"Komise pro posuzování rozmístění přístrojových zdravotnických prostředků a kapacit hrazených z veřejného zdravotního pojištění","04.-05.Nemocnice_Na_Bulovce_-_linerání_urychlovač_2x-obnova","https://ppo.mzcr.cz/upload/files/jednani-9-5-2019-obnovy-04-05-nemocnice-na-bulovce-linerani-urychlovac-2x-obnova-5f3968515e49c.pdf",260386
66,"Komise pro posuzování rozmístění přístrojových zdravotnických prostředků a kapacit hrazených z veřejného zdravotního pojištění","4.-5._Nemocnice_Na_Bulovce-stanovisko","https://ppo.mzcr.cz/upload/files/jednani-9-5-2019-obnovy-4-5-nemocnice-na-bulovce-stanovisko-5f39685acd31d.pdf",166022
66,"Komise pro posuzování rozmístění přístrojových zdravotnických prostředků a kapacit hrazených z veřejného zdravotního pojištění","06.-09.FN_Plzeň_-_lineární_urychlovač-obnova","https://ppo.mzcr.cz/upload/files/jednani-9-5-2019-obnovy-06-09-fn-plzen-linearni-urychlovac-obnova-5f3968715b633.pdf",161749
66,"Komise pro posuzování rozmístění přístrojových zdravotnických prostředků a kapacit hrazených z veřejného zdravotního pojištění","6.-9._FN_Plzeň-stanovisko","https://ppo.mzcr.cz/upload/files/jednani-9-5-2019-obnovy-6-9-fn-plzen-stanovisko-5f39687bccf8e.pdf",129611
66,"Komise pro posuzování rozmístění přístrojových zdravotnických prostředků a kapacit hrazených z veřejného zdravotního pojištění","07.Nemos_Plus-výpočetní_tomografie,RTG_CT-_odloženo","https://ppo.mzcr.cz/upload/files/jednani-9-5-2019-obnovy-07-nemos-plus-vypocetni-tomografie-rtg-ct-odlozeno-5f3968871e059.pdf",240574
66,"Komise pro posuzování rozmístění přístrojových zdravotnických prostředků a kapacit hrazených z veřejného zdravotního pojištění","7. Nemos_Plus-stanovisko_PK","https://ppo.mzcr.cz/upload/files/jednani-9-5-2019-obnovy-7-nemos-plus-stanovisko-pk-5f396892d6917.pdf",131793
66,"Komise pro posuzování rozmístění přístrojových zdravotnických prostředků a kapacit hrazených z veřejného zdravotního pojištění","10._Nemocnice_Písek-stanovisko","https://ppo.mzcr.cz/upload/files/jednani-9-5-2019-obnovy-10-nemocnice-pisek-stanovisko-5f3968a8eae16.pdf",137101
66,"Komise pro posuzování rozmístění přístrojových zdravotnických prostředků a kapacit hrazených z veřejného zdravotního pojištění","10.Nemocnice_Písek_-_CT-obnova","https://ppo.mzcr.cz/upload/files/jednani-9-5-2019-obnovy-10-nemocnice-pisek-ct-obnova-5f3968b40d86a.pdf",165568
66,"Komise pro posuzování rozmístění přístrojových zdravotnických prostředků a kapacit hrazených z veřejného zdravotního pojištění","11._Dopravní_zdravotnictví-stanovisko","https://ppo.mzcr.cz/upload/files/jednani-9-5-2019-obnovy-11-dopravni-zdravotnictvi-stanovisko-5fbcc21113afe.pdf",137778
66,"Komise pro posuzování rozmístění přístrojových zdravotnických prostředků a kapacit hrazených z veřejného zdravotního pojištění","11.Dopravní_zdravotnictví_a.s._-_CT-obnova","https://ppo.mzcr.cz/upload/files/jednani-9-5-2019-obnovy-11-dopravni-zdravotnictvi-a-s-ct-obnova-5fbcc22df2d74.pdf",214067
66,"Komise pro posuzování rozmístění přístrojových zdravotnických prostředků a kapacit hrazených z veřejného zdravotního pojištění","12._Novojičínské_diagnostické_centrum-stanovisko","https://ppo.mzcr.cz/upload/files/jednani-9-5-2019-obnovy-12-novojicinske-diagnosticke-centrum-stanovisko-5fbcc23b4b92c.pdf",141730
66,"Komise pro posuzování rozmístění přístrojových zdravotnických prostředků a kapacit hrazených z veřejného zdravotního pojištění","12.Novojičínské_diagnostické_centrum-mamograf-obnova","https://ppo.mzcr.cz/upload/files/jednani-9-5-2019-obnovy-12-novojicinske-diagnosticke-centrum-mamograf-obnova-5fbcc248836f0.pdf",181983
66,"Komise pro posuzování rozmístění přístrojových zdravotnických prostředků a kapacit hrazených z veřejného zdravotního pojištění","13._IKEM-stanovisko","https://ppo.mzcr.cz/upload/files/jednani-9-5-2019-obnovy-13-ikem-stanovisko-5fbcc25be3ba1.pdf",136939
66,"Komise pro posuzování rozmístění přístrojových zdravotnických prostředků a kapacit hrazených z veřejného zdravotního pojištění","13.IKEM-Spect-CT,gamakamera-obnova","https://ppo.mzcr.cz/upload/files/jednani-9-5-2019-obnovy-13-ikem-spect-ct-gamakamera-obnova-5fbcc26a2c891.pdf",153178
66,"Komise pro posuzování rozmístění přístrojových zdravotnických prostředků a kapacit hrazených z veřejného zdravotního pojištění","14._Vítkovická_nemocnice-stanovisko","https://ppo.mzcr.cz/upload/files/jednani-9-5-2019-obnovy-14-vitkovicka-nemocnice-stanovisko-5fbcca9f6ba49.pdf",140092
66,"Komise pro posuzování rozmístění přístrojových zdravotnických prostředků a kapacit hrazených z veřejného zdravotního pojištění","14.Vítkovická_nemocnice-magnetická_rezonance_1,5T-obnova","https://ppo.mzcr.cz/upload/files/jednani-9-5-2019-obnovy-14-vitkovicka-nemocnice-magneticka-rezonance-1-5t-obnova-5fbd6c1b39d8b.pdf",204460
66,"Komise pro posuzování rozmístění přístrojových zdravotnických prostředků a kapacit hrazených z veřejného zdravotního pojištění","15._Vítkovická_nemocnice-stanovisko","https://ppo.mzcr.cz/upload/files/jednani-9-5-2019-obnovy-15-vitkovicka-nemocnice-stanovisko-5fbd6c3db17a8.pdf",127007
66,"Komise pro posuzování rozmístění přístrojových zdravotnických prostředků a kapacit hrazených z veřejného zdravotního pojištění","15.Vítkovická_nemocnice-skiaskopicko-skiagrafický_komplet-obnova","https://ppo.mzcr.cz/upload/files/jednani-9-5-2019-obnovy-15-vitkovicka-nemocnice-skiaskopicko-skiagraficky-komplet-obnova-5fbd6c4af3a35.pdf",162621
66,"Komise pro posuzování rozmístění přístrojových zdravotnických prostředků a kapacit hrazených z veřejného zdravotního pojištění","16._Vítkovická_nemocnice-stanovisko","https://ppo.mzcr.cz/upload/files/jednani-9-5-2019-obnovy-16-vitkovicka-nemocnice-stanovisko-5fbd6c59200fe.pdf",120741
66,"Komise pro posuzování rozmístění přístrojových zdravotnických prostředků a kapacit hrazených z veřejného zdravotního pojištění","16.Vítkovická_nemocnice-skiagrafický_přístroj_s_4_detektory-obnova","https://ppo.mzcr.cz/upload/files/jednani-9-5-2019-obnovy-16-vitkovicka-nemocnice-skiagraficky-pristroj-s-4-detektory-obnova-5fbd6c66c6ef0.pdf",185095
66,"Komise pro posuzování rozmístění přístrojových zdravotnických prostředků a kapacit hrazených z veřejného zdravotního pojištění","17._Vítkovická_nemocnice-stanovisko","https://ppo.mzcr.cz/upload/files/jednani-9-5-2019-obnovy-17-vitkovicka-nemocnice-stanovisko-5fbd6c79c52f3.pdf",116611
66,"Komise pro posuzování rozmístění přístrojových zdravotnických prostředků a kapacit hrazených z veřejného zdravotního pojištění","17.Vítkovická_nemocnice-angiografická_linka-obnova","https://ppo.mzcr.cz/upload/files/jednani-9-5-2019-obnovy-17-vitkovicka-nemocnice-angiograficka-linka-obnova-5fbd6caa659ac.pdf",186885
66,"Komise pro posuzování rozmístění přístrojových zdravotnických prostředků a kapacit hrazených z veřejného zdravotního pojištění","18._Vítkovická_nemocnice-stanovisko","https://ppo.mzcr.cz/upload/files/jednani-9-5-2019-obnovy-18-vitkovicka-nemocnice-stanovisko-5fbd6d6decc48.pdf",122001
66,"Komise pro posuzování rozmístění přístrojových zdravotnických prostředků a kapacit hrazených z veřejného zdravotního pojištění","18.Vítkovická_nemocnice-skiagraf_s_plochým_detektorem-obnova","https://ppo.mzcr.cz/upload/files/jednani-9-5-2019-obnovy-18-vitkovicka-nemocnice-skiagraf-s-plochym-detektorem-obnova-5fbd6d891bfb0.pdf",208823
66,"Komise pro posuzování rozmístění přístrojových zdravotnických prostředků a kapacit hrazených z veřejného zdravotního pojištění","19._FN_HK-stanovisko","https://ppo.mzcr.cz/upload/files/jednani-9-5-2019-obnovy-19-fn-hk-stanovisko-5fbd6da3dd6e2.pdf",117367
66,"Komise pro posuzování rozmístění přístrojových zdravotnických prostředků a kapacit hrazených z veřejného zdravotního pojištění","19.FN_Hradec_Králové-mimotělní_oběh-obnova","https://ppo.mzcr.cz/upload/files/jednani-9-5-2019-obnovy-19-fn-hradec-kralove-mimotelni-obeh-obnova-5fbd6de0b00a9.pdf",200343
66,"Komise pro posuzování rozmístění přístrojových zdravotnických prostředků a kapacit hrazených z veřejného zdravotního pojištění","20.-21._FN_HK-stanovisko","https://ppo.mzcr.cz/upload/files/jednani-9-5-2019-obnovy-20-21-fn-hk-stanovisko-5fbd6ded80059.pdf",123635
66,"Komise pro posuzování rozmístění přístrojových zdravotnických prostředků a kapacit hrazených z veřejného zdravotního pojištění","20.FN_Hradec_Králové-diagnostický_mamograf-obnova","https://ppo.mzcr.cz/upload/files/jednani-9-5-2019-obnovy-20-fn-hradec-kralove-diagnosticky-mamograf-obnova-5fbd6dfd2647e.pdf",304382
66,"Komise pro posuzování rozmístění přístrojových zdravotnických prostředků a kapacit hrazených z veřejného zdravotního pojištění","21.FN_Hradec_Králové-srceeningový_mamograf-obnova","https://ppo.mzcr.cz/upload/files/jednani-9-5-2019-obnovy-21-fn-hradec-kralove-srceeningovy-mamograf-obnova-5fbd6e1f428b3.pdf",286139
66,"Komise pro posuzování rozmístění přístrojových zdravotnických prostředků a kapacit hrazených z veřejného zdravotního pojištění","22._Nemocnice_Strakonice-stanovisko","https://ppo.mzcr.cz/upload/files/jednani-9-5-2019-obnovy-22-nemocnice-strakonice-stanovisko-5fbd6e3767c0d.pdf",114265
66,"Komise pro posuzování rozmístění přístrojových zdravotnických prostředků a kapacit hrazených z veřejného zdravotního pojištění","22.Nemocnice_Strakonice-Spect_kamera-obnova","https://ppo.mzcr.cz/upload/files/jednani-9-5-2019-obnovy-22-nemocnice-strakonice-spect-kamera-obnova-5fbd6e4590d94.pdf",197283
66,"Komise pro posuzování rozmístění přístrojových zdravotnických prostředků a kapacit hrazených z veřejného zdravotního pojištění","23._KOC_Pardubice,Multiscan-stanovisko","https://ppo.mzcr.cz/upload/files/jednani-9-5-2019-obnovy-23-koc-pardubice-multiscan-stanovisko-5fbd6e5d8f65d.pdf",122239
66,"Komise pro posuzování rozmístění přístrojových zdravotnických prostředků a kapacit hrazených z veřejného zdravotního pojištění","23.KOC_Pardubického_kraje-Multiscan-lineární_urychlovač-obnova","https://ppo.mzcr.cz/upload/files/jednani-9-5-2019-obnovy-23-koc-pardubickeho-kraje-multiscan-linearni-urychlovac-obnova-5fbd6ed036e29.pdf",225375
66,"Komise pro posuzování rozmístění přístrojových zdravotnických prostředků a kapacit hrazených z veřejného zdravotního pojištění","24._KZ_Ústí-Teplice-stanovisko","https://ppo.mzcr.cz/upload/files/jednani-9-5-2019-obnovy-24-kz-usti-teplice-stanovisko-5fbd6ede91303.pdf",130809
66,"Komise pro posuzování rozmístění přístrojových zdravotnických prostředků a kapacit hrazených z veřejného zdravotního pojištění","24.Krajská_zdravotní,Teplice-skiaskopicko-skiagrafický_RTG-obnova","https://ppo.mzcr.cz/upload/files/jednani-9-5-2019-obnovy-24-krajska-zdravotni-teplice-skiaskopicko-skiagraficky-rtg-obnova-5fbd6eeeaf79c.pdf",287961
66,"Komise pro posuzování rozmístění přístrojových zdravotnických prostředků a kapacit hrazených z veřejného zdravotního pojištění","25._KZ_Ústí-Děčín-stanovisko","https://ppo.mzcr.cz/upload/files/jednani-9-5-2019-obnovy-25-kz-usti-decin-stanovisko-5fbd6f093d5a9.pdf",147716
66,"Komise pro posuzování rozmístění přístrojových zdravotnických prostředků a kapacit hrazených z veřejného zdravotního pojištění","25.Krajská_zdravotní,Děčín-skiaskopicko-skiagrafický_komplet_s_C_ramenem-obnova","https://ppo.mzcr.cz/upload/files/jednani-9-5-2019-obnovy-25-krajska-zdravotni-decin-skiaskopicko-skiagraficky-komplet-s-c-ramenem-obnova-5fbd6f2055b13.pdf",183421
66,"Komise pro posuzování rozmístění přístrojových zdravotnických prostředků a kapacit hrazených z veřejného zdravotního pojištění","26._KZ_Ústí-Děčín-stanovisko","https://ppo.mzcr.cz/upload/files/jednani-9-5-2019-obnovy-26-kz-usti-decin-stanovisko-5fbd6f2be0135.pdf",139965
66,"Komise pro posuzování rozmístění přístrojových zdravotnických prostředků a kapacit hrazených z veřejného zdravotního pojištění","26.Krajská_zdravotní,Děčín-multidetektorové_CT-obnova","https://ppo.mzcr.cz/upload/files/jednani-9-5-2019-obnovy-26-krajska-zdravotni-decin-multidetektorove-ct-obnova-5fbd6f37b7c76.pdf",189579
66,"Komise pro posuzování rozmístění přístrojových zdravotnických prostředků a kapacit hrazených z veřejného zdravotního pojištění","27._KZ_Ústí-Most-stanovisko","https://ppo.mzcr.cz/upload/files/jednani-9-5-2019-obnovy-27-kz-usti-most-stanovisko-5fbd6f4a8dfc0.pdf",170316
66,"Komise pro posuzování rozmístění přístrojových zdravotnických prostředků a kapacit hrazených z veřejného zdravotního pojištění","27.Krajská_zdravotní,Most-litotryptor-obnova","https://ppo.mzcr.cz/upload/files/jednani-9-5-2019-obnovy-27-krajska-zdravotni-most-litotryptor-obnova-5fbd6faa6cc55.pdf",194662
66,"Komise pro posuzování rozmístění přístrojových zdravotnických prostředků a kapacit hrazených z veřejného zdravotního pojištění","28._FN_Ostrava-stanovisko","https://ppo.mzcr.cz/upload/files/jednani-9-5-2019-obnovy-28-fn-ostrava-stanovisko-5fbd6fb816e4a.pdf",146837
66,"Komise pro posuzování rozmístění přístrojových zdravotnických prostředků a kapacit hrazených z veřejného zdravotního pojištění","28.FN_Ostrava-angiografický_komplet-obnova","https://ppo.mzcr.cz/upload/files/jednani-9-5-2019-obnovy-28-fn-ostrava-angiograficky-komplet-obnova-5fbd70303e941.pdf",259591
66,"Komise pro posuzování rozmístění přístrojových zdravotnických prostředků a kapacit hrazených z veřejného zdravotního pojištění","29._FN_Motol-stanovisko","https://ppo.mzcr.cz/upload/files/jednani-9-5-2019-obnovy-29-fn-motol-stanovisko-5fbd706e5b8d0.pdf",162502
66,"Komise pro posuzování rozmístění přístrojových zdravotnických prostředků a kapacit hrazených z veřejného zdravotního pojištění","29.FN_v_Motole-neurochirurgický_navigační_systém-obnova","https://ppo.mzcr.cz/upload/files/jednani-9-5-2019-obnovy-29-fn-v-motole-neurochirurgicky-navigacni-system-obnova-5fbd707d882de.pdf",206735
66,"Komise pro posuzování rozmístění přístrojových zdravotnických prostředků a kapacit hrazených z veřejného zdravotního pojištění","30._VFN-stanovisko","https://ppo.mzcr.cz/upload/files/jednani-9-5-2019-obnovy-30-vfn-stanovisko-5fbd7089ee291.pdf",151198
66,"Komise pro posuzování rozmístění přístrojových zdravotnických prostředků a kapacit hrazených z veřejného zdravotního pojištění","30.Všeobecná_fakultní_nemocnice-mobilní_RTG_s_C_ramenem-obnova","https://ppo.mzcr.cz/upload/files/jednani-9-5-2019-obnovy-30-vseobecna-fakultni-nemocnice-mobilni-rtg-s-c-ramenem-obnova-5fbd70a02626e.pdf",210045
66,"Komise pro posuzování rozmístění přístrojových zdravotnických prostředků a kapacit hrazených z veřejného zdravotního pojištění","31._Jesenická_nemocnice-stanovisko","https://ppo.mzcr.cz/upload/files/jednani-9-5-2019-obnovy-31-jesenicka-nemocnice-stanovisko-5fbd70fd510a6.pdf",149436
66,"Komise pro posuzování rozmístění přístrojových zdravotnických prostředků a kapacit hrazených z veřejného zdravotního pojištění","31.Jesenická_nemocnice-výpočetní_CT-obnova","https://ppo.mzcr.cz/upload/files/jednani-9-5-2019-obnovy-31-jesenicka-nemocnice-vypocetni-ct-obnova-5fbd710aae1ea.pdf",263978
66,"Komise pro posuzování rozmístění přístrojových zdravotnických prostředků a kapacit hrazených z veřejného zdravotního pojištění","32._Nemocnice_Pardubice-Ustí_n-Orlicí-stanovisko","https://ppo.mzcr.cz/upload/files/jednani-9-5-2019-obnovy-32-nemocnice-pardubice-usti-n-orlici-stanovisko-5fbd711a4965e.pdf",129760
66,"Komise pro posuzování rozmístění přístrojových zdravotnických prostředků a kapacit hrazených z veřejného zdravotního pojištění","32.Nemocnice_Pardubického_kraje,Ústí_n.Orlicí-magnetická_rezonance_1,5T-obnova","https://ppo.mzcr.cz/upload/files/jednani-9-5-2019-obnovy-32-nemocnice-pardubickeho-kraje-usti-n-orlici-magneticka-rezonance-1-5t-obnova-5fbd712735180.pdf",85963
66,"Komise pro posuzování rozmístění přístrojových zdravotnických prostředků a kapacit hrazených z veřejného zdravotního pojištění","33._Nemocnice_Pardubice-Ustí_n-Orlicí-stanovisko_k_CT","https://ppo.mzcr.cz/upload/files/jednani-9-5-2019-obnovy-33-nemocnice-pardubice-usti-n-orlici-stanovisko-k-ct-5fbd713c85f4b.pdf",124981
66,"Komise pro posuzování rozmístění přístrojových zdravotnických prostředků a kapacit hrazených z veřejného zdravotního pojištění","33.Nemocnice_Pardubického_kraje,Ústí_n.Orlicí-výpočetní_CT-obnova","https://ppo.mzcr.cz/upload/files/jednani-9-5-2019-obnovy-33-nemocnice-pardubickeho-kraje-usti-n-orlici-vypocetni-ct-obnova-5fbd7180c68b6.pdf",94732
66,"Komise pro posuzování rozmístění přístrojových zdravotnických prostředků a kapacit hrazených z veřejného zdravotního pojištění","34._Nemocnice_Pardubice-Ústí_n-Orlicí-stanovisko","https://ppo.mzcr.cz/upload/files/jednani-9-5-2019-obnovy-34-nemocnice-pardubice-usti-n-orlici-stanovisko-5fbd7192326c2.pdf",140069
66,"Komise pro posuzování rozmístění přístrojových zdravotnických prostředků a kapacit hrazených z veřejného zdravotního pojištění","34.Nemocnice_Pardubického_kraje,Ústí_n.Orlicí-laboratorní_linka,obnova","https://ppo.mzcr.cz/upload/files/jednani-9-5-2019-obnovy-34-nemocnice-pardubickeho-kraje-usti-n-orlici-laboratorni-linka-obnova-5fbd71a484152.pdf",85992
66,"Komise pro posuzování rozmístění přístrojových zdravotnických prostředků a kapacit hrazených z veřejného zdravotního pojištění","35._Nemocnice_Pardubice-Svitavy-stanovisko","https://ppo.mzcr.cz/upload/files/jednani-9-5-2019-obnovy-35-nemocnice-pardubice-svitavy-stanovisko-5fbd71b7eee57.pdf",134882
66,"Komise pro posuzování rozmístění přístrojových zdravotnických prostředků a kapacit hrazených z veřejného zdravotního pojištění","35.Nemocnice_Pardubického_kraje,Svitavy-multidetektorový_CT,obnova","https://ppo.mzcr.cz/upload/files/jednani-9-5-2019-obnovy-35-nemocnice-pardubickeho-kraje-svitavy-multidetektorovy-ct-obnova-5fbd71d1a7e5e.pdf",91746
66,"Komise pro posuzování rozmístění přístrojových zdravotnických prostředků a kapacit hrazených z veřejného zdravotního pojištění","36._Nemocnice_Pardubice-Litomyšl-stanovisko","https://ppo.mzcr.cz/upload/files/jednani-9-5-2019-obnovy-36-nemocnice-pardubice-litomysl-stanovisko-5fbd71e787293.pdf",134414
66,"Komise pro posuzování rozmístění přístrojových zdravotnických prostředků a kapacit hrazených z veřejného zdravotního pojištění","36._Nemocnice_Pardubice-Litomyšl-stanovisko","https://ppo.mzcr.cz/upload/files/jednani-9-5-2019-obnovy-36-nemocnice-pardubice-litomysl-stanovisko-5fbd71e7d2a18.pdf",134414
66,"Komise pro posuzování rozmístění přístrojových zdravotnických prostředků a kapacit hrazených z veřejného zdravotního pojištění","37._Nemocnice_Pardubice-Litomyšl-stanovisko_PK","https://ppo.mzcr.cz/upload/files/jednani-9-5-2019-obnovy-37-nemocnice-pardubice-litomysl-stanovisko-pk-5fbd722cb2cf3.pdf",140994
66,"Komise pro posuzování rozmístění přístrojových zdravotnických prostředků a kapacit hrazených z veřejného zdravotního pojištění","37.Nemocnice_Pardubického_kraje,Litomyšl-mamograf,obnova","https://ppo.mzcr.cz/upload/files/jednani-9-5-2019-obnovy-37-nemocnice-pardubickeho-kraje-litomysl-mamograf-obnova-5fbd7240dd53d.pdf",77207
66,"Komise pro posuzování rozmístění přístrojových zdravotnických prostředků a kapacit hrazených z veřejného zdravotního pojištění","38._Nemocnice_Pardubice-stanovisko","https://ppo.mzcr.cz/upload/files/jednani-9-5-2019-obnovy-38-nemocnice-pardubice-stanovisko-5fbd7256177ec.pdf",140862
66,"Komise pro posuzování rozmístění přístrojových zdravotnických prostředků a kapacit hrazených z veřejného zdravotního pojištění","38.Nemocnice_Pardubického_kraje-mamograf,obnova","https://ppo.mzcr.cz/upload/files/jednani-9-5-2019-obnovy-38-nemocnice-pardubickeho-kraje-mamograf-obnova-5fbd7265e941b.pdf",95345
66,"Komise pro posuzování rozmístění přístrojových zdravotnických prostředků a kapacit hrazených z veřejného zdravotního pojištění","39.Krajská_nemocnice_Liberec,a.s.-CT_simulátor,obnova","https://ppo.mzcr.cz/upload/files/jednani-9-5-2019-obnovy-39-krajska-nemocnice-liberec-a-s-ct-simulator-obnova-5fbd7276e83a7.pdf",235373
66,"Komise pro posuzování rozmístění přístrojových zdravotnických prostředků a kapacit hrazených z veřejného zdravotního pojištění","39.Krajská_nemocnice_Liberec,a.s.-CT_simulátor,obnova","https://ppo.mzcr.cz/upload/files/jednani-9-5-2019-obnovy-39-krajska-nemocnice-liberec-a-s-ct-simulator-obnova-5fbd728f34c75.pdf",235373
66,"Komise pro posuzování rozmístění přístrojových zdravotnických prostředků a kapacit hrazených z veřejného zdravotního pojištění","40._FN_Plzeň-stanovisko","https://ppo.mzcr.cz/upload/files/jednani-9-5-2019-obnovy-40-fn-plzen-stanovisko-5fbd72a748357.pdf",142300
66,"Komise pro posuzování rozmístění přístrojových zdravotnických prostředků a kapacit hrazených z veřejného zdravotního pojištění","40.FN_Plzeň-angiografický_kardiologický_systém,obnova","https://ppo.mzcr.cz/upload/files/jednani-9-5-2019-obnovy-40-fn-plzen-angiograficky-kardiologicky-system-obnova-5fbd72b6d19f2.pdf",139076
66,"Komise pro posuzování rozmístění přístrojových zdravotnických prostředků a kapacit hrazených z veřejného zdravotního pojištění","41.Nemocnice_s_poliklinikou_Havířov,_p.o.-stanovisko","https://ppo.mzcr.cz/upload/files/jednani-9-5-2019-obnovy-41-nemocnice-s-poliklinikou-havirov-p-o-stanovisko-5fbd72c9df6ee.pdf",147727
66,"Komise pro posuzování rozmístění přístrojových zdravotnických prostředků a kapacit hrazených z veřejného zdravotního pojištění","41.Nemocnice_s_poliklinikou_Havířov,p.o.-skiagraficko-skiaskopický_RTG,obnova","https://ppo.mzcr.cz/upload/files/jednani-9-5-2019-obnovy-41-nemocnice-s-poliklinikou-havirov-p-o-skiagraficko-skiaskopicky-rtg-obnova-5fbd72e1c7362.pdf",597096
66,"Komise pro posuzování rozmístění přístrojových zdravotnických prostředků a kapacit hrazených z veřejného zdravotního pojištění","42._FN_u_sv.Anny_v_Brně-stanovisko","https://ppo.mzcr.cz/upload/files/jednani-9-5-2019-obnovy-42-fn-u-sv-anny-v-brne-stanovisko-5fbd72f7b2867.pdf",185933
66,"Komise pro posuzování rozmístění přístrojových zdravotnických prostředků a kapacit hrazených z veřejného zdravotního pojištění","42.FN_u_sv.Anny_v_Brně-magnetická_rezonance_3,0T,obnova","https://ppo.mzcr.cz/upload/files/jednani-9-5-2019-obnovy-42-fn-u-sv-anny-v-brne-magneticka-rezonance-3-0t-obnova-5fbd73099471a.pdf",12083
66,"Komise pro posuzování rozmístění přístrojových zdravotnických prostředků a kapacit hrazených z veřejného zdravotního pojištění","1.Discare_CZ-stanovisko","https://ppo.mzcr.cz/upload/files/jednani-9-5-2019-nove-kapacity-1-discare-cz-stanovisko-5f39616826dbd.pdf",179930
66,"Komise pro posuzování rozmístění přístrojových zdravotnických prostředků a kapacit hrazených z veřejného zdravotního pojištění","1.Discare-magnetická_rezonance-nová_kapacita","https://ppo.mzcr.cz/upload/files/jednani-9-5-2019-nove-kapacity-1-discare-magneticka-rezonance-nova-kapacita-5f396172210dc.pdf",165963
66,"Komise pro posuzování rozmístění přístrojových zdravotnických prostředků a kapacit hrazených z veřejného zdravotního pojištění","2.Discare_CZ,a.s._Praha-stanovisko","https://ppo.mzcr.cz/upload/files/jednani-9-5-2019-nove-kapacity-2-discare-cz-a-s-praha-stanovisko-5f39617dac88c.pdf",205573
66,"Komise pro posuzování rozmístění přístrojových zdravotnických prostředků a kapacit hrazených z veřejného zdravotního pojištění","2.Discare-výpočetní_tomografie,nová_kapacita","https://ppo.mzcr.cz/upload/files/jednani-9-5-2019-nove-kapacity-2-discare-vypocetni-tomografie-nova-kapacita-5f39618a12bfc.pdf",163919
66,"Komise pro posuzování rozmístění přístrojových zdravotnických prostředků a kapacit hrazených z veřejného zdravotního pojištění","3.MMN,a.s._Nemocnice_Jilemnice-magnetická_rezonance_1,5","https://ppo.mzcr.cz/upload/files/jednani-9-5-2019-nove-kapacity-3-mmn-a-s-nemocnice-jilemnice-magneticka-rezonance-1-5-5f39619933dbb.pdf",307038
66,"Komise pro posuzování rozmístění přístrojových zdravotnických prostředků a kapacit hrazených z veřejného zdravotního pojištění","3.MMN,a.s.-Nemocnice_Jilemnice-stanovisko","https://ppo.mzcr.cz/upload/files/jednani-9-5-2019-nove-kapacity-3-mmn-a-s-nemocnice-jilemnice-stanovisko-5f3961a4a6699.pdf",182554
66,"Komise pro posuzování rozmístění přístrojových zdravotnických prostředků a kapacit hrazených z veřejného zdravotního pojištění","4.Nemocnice_Pardubice-stanovisko","https://ppo.mzcr.cz/upload/files/jednani-9-5-2019-nove-kapacity-4-nemocnice-pardubice-stanovisko-5f3961aeecfea.pdf",146918
66,"Komise pro posuzování rozmístění přístrojových zdravotnických prostředků a kapacit hrazených z veřejného zdravotního pojištění","4.Nemocnice_Pardubického_kraje-litotryptor","https://ppo.mzcr.cz/upload/files/jednani-9-5-2019-nove-kapacity-4-nemocnice-pardubickeho-kraje-litotryptor-5f3961ba64b02.pdf",91460
66,"Komise pro posuzování rozmístění přístrojových zdravotnických prostředků a kapacit hrazených z veřejného zdravotního pojištění","5.Affidea_Praha-magnetická_rezonance_MR_1,5T-upgrade","https://ppo.mzcr.cz/upload/files/jednani-9-5-2019-nove-kapacity-5-affidea-praha-magneticka-rezonance-mr-1-5t-upgrade-5f3961c6b4c3f.pdf",160030
66,"Komise pro posuzování rozmístění přístrojových zdravotnických prostředků a kapacit hrazených z veřejného zdravotního pojištění","5.Affidea_Praha-stanovisko","https://ppo.mzcr.cz/upload/files/jednani-9-5-2019-nove-kapacity-5-affidea-praha-stanovisko-5f3961d269e2e.pdf",143331
66,"Komise pro posuzování rozmístění přístrojových zdravotnických prostředků a kapacit hrazených z veřejného zdravotního pojištění","6.Fakultní_nemocnice_HK-magnetická_rezonance,MR_1,5_upgrade","https://ppo.mzcr.cz/upload/files/jednani-9-5-2019-nove-kapacity-6-fakultni-nemocnice-hk-magneticka-rezonance-mr-1-5-upgrade-5f3961dcdbe0f.pdf",202463
66,"Komise pro posuzování rozmístění přístrojových zdravotnických prostředků a kapacit hrazených z veřejného zdravotního pojištění","6.FN_HK-stanovisko","https://ppo.mzcr.cz/upload/files/jednani-9-5-2019-nove-kapacity-6-fn-hk-stanovisko-5f3961e956844.pdf",138709
66,"Komise pro posuzování rozmístění přístrojových zdravotnických prostředků a kapacit hrazených z veřejného zdravotního pojištění","01_Nemos_Plus-RTG_tomograf,obnova","https://ppo.mzcr.cz/upload/files/jednani-25-2-2019-obnovy-01-nemos-plus-rtg-tomograf-obnova-5f3936fd7d54e.pdf",277399
66,"Komise pro posuzování rozmístění přístrojových zdravotnických prostředků a kapacit hrazených z veřejného zdravotního pojištění","01_stanovisko_PK_-_Nemos_Plus","https://ppo.mzcr.cz/upload/files/jednani-25-2-2019-obnovy-01-stanovisko-pk-nemos-plus-5f3937266f34a.pdf",731791
66,"Komise pro posuzování rozmístění přístrojových zdravotnických prostředků a kapacit hrazených z veřejného zdravotního pojištění","02_Nemocnice_Čáslav-počítačový_tomograf,obnova","https://ppo.mzcr.cz/upload/files/jednani-25-2-2019-obnovy-02-nemocnice-caslav-pocitacovy-tomograf-obnova-5f39373331f89.pdf",128633
66,"Komise pro posuzování rozmístění přístrojových zdravotnických prostředků a kapacit hrazených z veřejného zdravotního pojištění","02_stanovisko_PK_-_Městská_nemocnice_Čáslav","https://ppo.mzcr.cz/upload/files/jednani-25-2-2019-obnovy-02-stanovisko-pk-mestska-nemocnice-caslav-5f3937488a78d.pdf",891166
66,"Komise pro posuzování rozmístění přístrojových zdravotnických prostředků a kapacit hrazených z veřejného zdravotního pojištění","03_Krajská_zdravotní-Ústí_n-L-lineární_urychlovač,obnova","https://ppo.mzcr.cz/upload/files/jednani-25-2-2019-obnovy-03-krajska-zdravotni-usti-n-l-linearni-urychlovac-obnova-5f393756ae766.pdf",952438
66,"Komise pro posuzování rozmístění přístrojových zdravotnických prostředků a kapacit hrazených z veřejného zdravotního pojištění","03_stanovisko_PK_-_Krajská_zdravotní,_Ústí","https://ppo.mzcr.cz/upload/files/jednani-25-2-2019-obnovy-03-stanovisko-pk-krajska-zdravotni-usti-5f393763a70ad.pdf",1278609
66,"Komise pro posuzování rozmístění přístrojových zdravotnických prostředků a kapacit hrazených z veřejného zdravotního pojištění","04_Krajská_zdravotní-Ústí_n-L-Terapeutický_hloubkový_rentgen,obnova","https://ppo.mzcr.cz/upload/files/jednani-25-2-2019-obnovy-04-krajska-zdravotni-usti-n-l-terapeuticky-hloubkovy-rentgen-obnova-5f39377821c91.pdf",184522
66,"Komise pro posuzování rozmístění přístrojových zdravotnických prostředků a kapacit hrazených z veřejného zdravotního pojištění","04_stanovisko_PK_-_Krajská_zdravotní,Ústí","https://ppo.mzcr.cz/upload/files/jednani-25-2-2019-obnovy-04-stanovisko-pk-krajska-zdravotni-usti-5f39378584ed7.pdf",529690
66,"Komise pro posuzování rozmístění přístrojových zdravotnických prostředků a kapacit hrazených z veřejného zdravotního pojištění","05_Krajská_zdravotní-Chomutov-Spect_skener","https://ppo.mzcr.cz/upload/files/jednani-25-2-2019-obnovy-05-krajska-zdravotni-chomutov-spect-skener-5f39379245241.pdf",106184
66,"Komise pro posuzování rozmístění přístrojových zdravotnických prostředků a kapacit hrazených z veřejného zdravotního pojištění","05_stanovisko_PK_-_Krajská_zdravotní,_a.s.,_Ústí-Chomutov,Spect_skener","https://ppo.mzcr.cz/upload/files/jednani-25-2-2019-obnovy-05-stanovisko-pk-krajska-zdravotni-a-s-usti-chomutov-spect-skener-5f3937a0e7dc7.pdf",264199
66,"Komise pro posuzování rozmístění přístrojových zdravotnických prostředků a kapacit hrazených z veřejného zdravotního pojištění","06_IKEM-angiografický_systém,obnova","https://ppo.mzcr.cz/upload/files/jednani-25-2-2019-obnovy-06-ikem-angiograficky-system-obnova-5f39382feb864.pdf",274599
66,"Komise pro posuzování rozmístění přístrojových zdravotnických prostředků a kapacit hrazených z veřejného zdravotního pojištění","06_stanovisko_PK_-_IKEM","https://ppo.mzcr.cz/upload/files/jednani-25-2-2019-obnovy-06-stanovisko-pk-ikem-5f39383d9c4a3.pdf",1018475
66,"Komise pro posuzování rozmístění přístrojových zdravotnických prostředků a kapacit hrazených z veřejného zdravotního pojištění","07_Nemocnice_Litoměřice,a.s.-skiaskopicko-skiagrafický_RTG","https://ppo.mzcr.cz/upload/files/jednani-25-2-2019-obnovy-07-nemocnice-litomerice-a-s-skiaskopicko-skiagraficky-rtg-5f39384a3b3b2.pdf",184368
66,"Komise pro posuzování rozmístění přístrojových zdravotnických prostředků a kapacit hrazených z veřejného zdravotního pojištění","07_stanovisko_PK_-_Nemocnice_Litoměřice,_a.s.","https://ppo.mzcr.cz/upload/files/jednani-25-2-2019-obnovy-07-stanovisko-pk-nemocnice-litomerice-a-s-5f393859c8665.pdf",763212
66,"Komise pro posuzování rozmístění přístrojových zdravotnických prostředků a kapacit hrazených z veřejného zdravotního pojištění","08_stanovisko_PK_-_Thomayerova_nemocnice,_skiagrafický_RTG_A4","https://ppo.mzcr.cz/upload/files/jednani-25-2-2019-obnovy-08-stanovisko-pk-thomayerova-nemocnice-skiagraficky-rtg-a4-5f39387bd0b57.pdf",449844
66,"Komise pro posuzování rozmístění přístrojových zdravotnických prostředků a kapacit hrazených z veřejného zdravotního pojištění","08_Thomayerova_nemocnice-skiagrafický_RTG,obnova","https://ppo.mzcr.cz/upload/files/jednani-25-2-2019-obnovy-08-thomayerova-nemocnice-skiagraficky-rtg-obnova-5f39388aded3d.pdf",209498
66,"Komise pro posuzování rozmístění přístrojových zdravotnických prostředků a kapacit hrazených z veřejného zdravotního pojištění","09_stanovisko_PK_-_Thomayerova_nemocnice,skiaskopický_RTG_B3","https://ppo.mzcr.cz/upload/files/jednani-25-2-2019-obnovy-09-stanovisko-pk-thomayerova-nemocnice-skiaskopicky-rtg-b3-5f393899920af.pdf",481667
66,"Komise pro posuzování rozmístění přístrojových zdravotnických prostředků a kapacit hrazených z veřejného zdravotního pojištění","09_Thomayerova_nemocnice-skiaskopický_RTG_B3,obnova","https://ppo.mzcr.cz/upload/files/jednani-25-2-2019-obnovy-09-thomayerova-nemocnice-skiaskopicky-rtg-b3-obnova-5f3938a7e82a3.pdf",208742
66,"Komise pro posuzování rozmístění přístrojových zdravotnických prostředků a kapacit hrazených z veřejného zdravotního pojištění","10_stanovisko_PK_-_Thomayerova_nemocnice,skiagrafický_RTG_G3","https://ppo.mzcr.cz/upload/files/jednani-25-2-2019-obnovy-10-stanovisko-pk-thomayerova-nemocnice-skiagraficky-rtg-g3-5f3938c135248.pdf",449321
66,"Komise pro posuzování rozmístění přístrojových zdravotnických prostředků a kapacit hrazených z veřejného zdravotního pojištění","10_Thomayerova_nemocnice-skiagrafický_RTG_G3,obnova","https://ppo.mzcr.cz/upload/files/jednani-25-2-2019-obnovy-10-thomayerova-nemocnice-skiagraficky-rtg-g3-obnova-5f3938d2914cb.pdf",204667
66,"Komise pro posuzování rozmístění přístrojových zdravotnických prostředků a kapacit hrazených z veřejného zdravotního pojištění","11_stanovisko_PK_-_Thomayerova_nemocnice,magnetická_rezonance","https://ppo.mzcr.cz/upload/files/jednani-25-2-2019-obnovy-11-stanovisko-pk-thomayerova-nemocnice-magneticka-rezonance-5f395d88dc485.pdf",794388
66,"Komise pro posuzování rozmístění přístrojových zdravotnických prostředků a kapacit hrazených z veřejného zdravotního pojištění","11_Thomayerova_nemocnice-magnetická_rezonance_MR_1,5T,obnova","https://ppo.mzcr.cz/upload/files/jednani-25-2-2019-obnovy-11-thomayerova-nemocnice-magneticka-rezonance-mr-1-5t-obnova-5f395da32c8e8.pdf",202742
66,"Komise pro posuzování rozmístění přístrojových zdravotnických prostředků a kapacit hrazených z veřejného zdravotního pojištění","12_FN_Královské_Vinohrady-lineární_urychllovač,obnova","https://ppo.mzcr.cz/upload/files/jednani-25-2-2019-obnovy-12-fn-kralovske-vinohrady-linearni-urychllovac-obnova-5f395dc293dde.pdf",216774
66,"Komise pro posuzování rozmístění přístrojových zdravotnických prostředků a kapacit hrazených z veřejného zdravotního pojištění","12_stanovisko_PK_-_FN_Královské_Vinohrady,lineární_urychlovač","https://ppo.mzcr.cz/upload/files/jednani-25-2-2019-obnovy-12-stanovisko-pk-fn-kralovske-vinohrady-linearni-urychlovac-5f395e2696bbb.pdf",909843
66,"Komise pro posuzování rozmístění přístrojových zdravotnických prostředků a kapacit hrazených z veřejného zdravotního pojištění","13_FN_Královské_Vinohrady_radioterapeutický_stimulátor,obnova","https://ppo.mzcr.cz/upload/files/jednani-25-2-2019-obnovy-13-fn-kralovske-vinohrady-radioterapeuticky-stimulator-obnova-5f395e35ec9d1.pdf",242695
66,"Komise pro posuzování rozmístění přístrojových zdravotnických prostředků a kapacit hrazených z veřejného zdravotního pojištění","13_stanovisko_PK_-_FN_Královské_Vinohrady,radioterapeutický_simulátor","https://ppo.mzcr.cz/upload/files/jednani-25-2-2019-obnovy-13-stanovisko-pk-fn-kralovske-vinohrady-radioterapeuticky-simulator-5f395e429a6e9.pdf",801830
66,"Komise pro posuzování rozmístění přístrojových zdravotnických prostředků a kapacit hrazených z veřejného zdravotního pojištění","14_FN_Olomouc-RTG_přístroj_s_přímou_digitalizací-skiagrafický_RTG,obnova","https://ppo.mzcr.cz/upload/files/jednani-25-2-2019-obnovy-14-fn-olomouc-rtg-pristroj-s-primou-digitalizaci-skiagraficky-rtg-obnova-5f395e5ef2227.pdf",345393
66,"Komise pro posuzování rozmístění přístrojových zdravotnických prostředků a kapacit hrazených z veřejného zdravotního pojištění","14_stanovisko_PK_-_FN_Olomouc,skiagrafický_RTG","https://ppo.mzcr.cz/upload/files/jednani-25-2-2019-obnovy-14-stanovisko-pk-fn-olomouc-skiagraficky-rtg-5f395e6ba7f80.pdf",512467
66,"Komise pro posuzování rozmístění přístrojových zdravotnických prostředků a kapacit hrazených z veřejného zdravotního pojištění","15_FN_Olomouc-stacionární_RTG_přístroj_pro_elektrofyziologii,obnova","https://ppo.mzcr.cz/upload/files/jednani-25-2-2019-obnovy-15-fn-olomouc-stacionarni-rtg-pristroj-pro-elektrofyziologii-obnova-5f395eb2a6b07.pdf",361753
66,"Komise pro posuzování rozmístění přístrojových zdravotnických prostředků a kapacit hrazených z veřejného zdravotního pojištění","15_stanovisko_PK_-_FN_Olomouc,RTG_stacionární_pro_elektrofyziologii","https://ppo.mzcr.cz/upload/files/jednani-25-2-2019-obnovy-15-stanovisko-pk-fn-olomouc-rtg-stacionarni-pro-elektrofyziologii-5f395ec1b12e8.pdf",485487
66,"Komise pro posuzování rozmístění přístrojových zdravotnických prostředků a kapacit hrazených z veřejného zdravotního pojištění","16_FN_Ostrava-chromatograf,_obnova","https://ppo.mzcr.cz/upload/files/jednani-25-2-2019-obnovy-16-fn-ostrava-chromatograf-obnova-5f395fa534c2a.pdf",849389
66,"Komise pro posuzování rozmístění přístrojových zdravotnických prostředků a kapacit hrazených z veřejného zdravotního pojištění","16_stanovisko_PK_-_FN_Ostrava,chromatograf","https://ppo.mzcr.cz/upload/files/jednani-25-2-2019-obnovy-16-stanovisko-pk-fn-ostrava-chromatograf-5f395fb0f1aac.pdf",872399
66,"Komise pro posuzování rozmístění přístrojových zdravotnických prostředků a kapacit hrazených z veřejného zdravotního pojištění","17_Nemocnice_Blansko-mamograf,obnova","https://ppo.mzcr.cz/upload/files/jednani-25-2-2019-obnovy-17-nemocnice-blansko-mamograf-obnova-5f395fbd8b96c.pdf",244104
66,"Komise pro posuzování rozmístění přístrojových zdravotnických prostředků a kapacit hrazených z veřejného zdravotního pojištění","17_stanovisko_PK_-_Nemocnice_Blansko,mamograf","https://ppo.mzcr.cz/upload/files/jednani-25-2-2019-obnovy-17-stanovisko-pk-nemocnice-blansko-mamograf-5f395fccbb663.pdf",725054
66,"Komise pro posuzování rozmístění přístrojových zdravotnických prostředků a kapacit hrazených z veřejného zdravotního pojištění","18_FN_u_sv._Anny_v_Brně-kardioangiografický_přístroj,obnova","https://ppo.mzcr.cz/upload/files/jednani-25-2-2019-obnovy-18-fn-u-sv-anny-v-brne-kardioangiograficky-pristroj-obnova-5f395fe26c96f.pdf",212798
66,"Komise pro posuzování rozmístění přístrojových zdravotnických prostředků a kapacit hrazených z veřejného zdravotního pojištění","18_stanovisko_PK_-_FN_u_sv._Anny_v_Brně,kardioangiografický_přístroj","https://ppo.mzcr.cz/upload/files/jednani-25-2-2019-obnovy-18-stanovisko-pk-fn-u-sv-anny-v-brne-kardioangiograficky-pristroj-5f395fefa1ca0.pdf",879115
66,"Komise pro posuzování rozmístění přístrojových zdravotnických prostředků a kapacit hrazených z veřejného zdravotního pojištění","19_Nemocnice_Pelhřimov-SPECT-CT,obnova","https://ppo.mzcr.cz/upload/files/jednani-25-2-2019-obnovy-19-nemocnice-pelhrimov-spect-ct-obnova-5f395ffba7d36.pdf",175674
66,"Komise pro posuzování rozmístění přístrojových zdravotnických prostředků a kapacit hrazených z veřejného zdravotního pojištění","19_stanovisko_PK_-_Nemocnice_Pelhřimov,spect-ct","https://ppo.mzcr.cz/upload/files/jednani-25-2-2019-obnovy-19-stanovisko-pk-nemocnice-pelhrimov-spect-ct-5f396005dbf7e.pdf",521937
66,"Komise pro posuzování rozmístění přístrojových zdravotnických prostředků a kapacit hrazených z veřejného zdravotního pojištění","20_Nemocnice_Pelhřimov-skiaskopicko-skiagrafický_RTG_přístroj,obnova","https://ppo.mzcr.cz/upload/files/jednani-25-2-2019-obnovy-20-nemocnice-pelhrimov-skiaskopicko-skiagraficky-rtg-pristroj-obnova-5f3960112b5a0.pdf",163450
66,"Komise pro posuzování rozmístění přístrojových zdravotnických prostředků a kapacit hrazených z veřejného zdravotního pojištění","20_stanovisko_PK_-_Nemocnice_Pelhřimov,skiaskopicko-skiagrafický_RTG","https://ppo.mzcr.cz/upload/files/jednani-25-2-2019-obnovy-20-stanovisko-pk-nemocnice-pelhrimov-skiaskopicko-skiagraficky-rtg-5f39601cbd960.pdf",492889
66,"Komise pro posuzování rozmístění přístrojových zdravotnických prostředků a kapacit hrazených z veřejného zdravotního pojištění","21-22_Nemocnice_Na_Bulovce-Lineární_urychlovač_2_ks,obnova","https://ppo.mzcr.cz/upload/files/jednani-25-2-2019-obnovy-21-22-nemocnice-na-bulovce-linearni-urychlovac-2-ks-obnova-5f396030c3181.pdf",235748
66,"Komise pro posuzování rozmístění přístrojových zdravotnických prostředků a kapacit hrazených z veřejného zdravotního pojištění","21-22_stanovisko_PK_-_Nemocnice_Na_Bulovce,lineární_urychlovač","https://ppo.mzcr.cz/upload/files/jednani-25-2-2019-obnovy-21-22-stanovisko-pk-nemocnice-na-bulovce-linearni-urychlovac-5f39605441151.pdf",788442
66,"Komise pro posuzování rozmístění přístrojových zdravotnických prostředků a kapacit hrazených z veřejného zdravotního pojištění","23-26_FN_Plzeň-lineární_urychlovač_4ks,obnova","https://ppo.mzcr.cz/upload/files/jednani-25-2-2019-obnovy-23-26-fn-plzen-linearni-urychlovac-4ks-obnova-5f396060b0872.pdf",159980
66,"Komise pro posuzování rozmístění přístrojových zdravotnických prostředků a kapacit hrazených z veřejného zdravotního pojištění","23-26_stanovisko_PK_-_FN_Plzeň,lineární_urychlovač","https://ppo.mzcr.cz/upload/files/jednani-25-2-2019-obnovy-23-26-stanovisko-pk-fn-plzen-linearni-urychlovac-5f39606ee7c6e.pdf",790722
66,"Komise pro posuzování rozmístění přístrojových zdravotnických prostředků a kapacit hrazených z veřejného zdravotního pojištění","27-28_FN_Plzeň-přístroj_pro_mimotělní_oběh_2_ks,obnova","https://ppo.mzcr.cz/upload/files/jednani-25-2-2019-obnovy-27-28-fn-plzen-pristroj-pro-mimotelni-obeh-2-ks-obnova-5f39607fcad4a.pdf",167721
66,"Komise pro posuzování rozmístění přístrojových zdravotnických prostředků a kapacit hrazených z veřejného zdravotního pojištění","27-28_FN_Plzeň-přístroj_pro_mimotělní_oběh_2_ks,obnova","https://ppo.mzcr.cz/upload/files/jednani-25-2-2019-obnovy-27-28-fn-plzen-pristroj-pro-mimotelni-obeh-2-ks-obnova-5f396080531a6.pdf",167721
66,"Komise pro posuzování rozmístění přístrojových zdravotnických prostředků a kapacit hrazených z veřejného zdravotního pojištění","29_FN_Plzeň-SPECT-CT,obnova","https://ppo.mzcr.cz/upload/files/jednani-25-2-2019-obnovy-29-fn-plzen-spect-ct-obnova-5f39608cbb8ab.pdf",156842
66,"Komise pro posuzování rozmístění přístrojových zdravotnických prostředků a kapacit hrazených z veřejného zdravotního pojištění","29_stanovisko_PK_-_FN_Plzeň,spect-ct","https://ppo.mzcr.cz/upload/files/jednani-25-2-2019-obnovy-29-stanovisko-pk-fn-plzen-spect-ct-5f3960999af58.pdf",757434
66,"Komise pro posuzování rozmístění přístrojových zdravotnických prostředků a kapacit hrazených z veřejného zdravotního pojištění","01_Nemocnice_Havlíčkův_Brod-magnetická_rezonance_MR_1,5T,nová_kapacita_","https://ppo.mzcr.cz/upload/files/jednani-25-2-2019-nove-kapacity-01-nemocnice-havlickuv-brod-magneticka-rezonance-mr-1-5t-nova-kapacita-5f133491790f2.pdf",199844
66,"Komise pro posuzování rozmístění přístrojových zdravotnických prostředků a kapacit hrazených z veřejného zdravotního pojištění","01_stanovisko_PK_-_Nemocnice_Havlíčkův_Brod","https://ppo.mzcr.cz/upload/files/jednani-25-2-2019-nove-kapacity-01-stanovisko-pk-nemocnice-havlickuv-brod-5f13349e4a8d4.pdf",750425
66,"Komise pro posuzování rozmístění přístrojových zdravotnických prostředků a kapacit hrazených z veřejného zdravotního pojištění","02_Nemocnice_Břeclav-magnetická_rezonance_MR_1,5T,nová_kapacita","https://ppo.mzcr.cz/upload/files/jednani-25-2-2019-nove-kapacity-02-nemocnice-breclav-magneticka-rezonance-mr-1-5t-nova-kapacita-5f1334a85bda8.pdf",149682
66,"Komise pro posuzování rozmístění přístrojových zdravotnických prostředků a kapacit hrazených z veřejného zdravotního pojištění","02_stanovisko_PK_-_Nemocnice_Břeclav","https://ppo.mzcr.cz/upload/files/jednani-25-2-2019-nove-kapacity-02-stanovisko-pk-nemocnice-breclav-5f1334b44274c.pdf",614288
66,"Komise pro posuzování rozmístění přístrojových zdravotnických prostředků a kapacit hrazených z veřejného zdravotního pojištění","03_FN_Ostrava-sekvenátor,nová_kapacita","https://ppo.mzcr.cz/upload/files/jednani-25-2-2019-nove-kapacity-03-fn-ostrava-sekvenator-nova-kapacita-5f1334bf40b4b.pdf",211271
66,"Komise pro posuzování rozmístění přístrojových zdravotnických prostředků a kapacit hrazených z veřejného zdravotního pojištění","03_stanovisko_PK_-_FN_Ostrava","https://ppo.mzcr.cz/upload/files/jednani-25-2-2019-nove-kapacity-03-stanovisko-pk-fn-ostrava-5f1334cab58c0.pdf",643630
66,"Komise pro posuzování rozmístění přístrojových zdravotnických prostředků a kapacit hrazených z veřejného zdravotního pojištění","04_stanovisko_PK_-_Uherskohradišťská_nemocnice","https://ppo.mzcr.cz/upload/files/jednani-25-2-2019-nove-kapacity-04-stanovisko-pk-uherskohradistska-nemocnice-5f1334d655ecc.pdf",530966
66,"Komise pro posuzování rozmístění přístrojových zdravotnických prostředků a kapacit hrazených z veřejného zdravotního pojištění","04_Uherskohradišťská_nemocnice-upgrade_MR,nová_kapacita","https://ppo.mzcr.cz/upload/files/jednani-25-2-2019-nove-kapacity-04-uherskohradistska-nemocnice-upgrade-mr-nova-kapacita-5f1334e9500fd.pdf",123480
66,"Komise pro posuzování rozmístění přístrojových zdravotnických prostředků a kapacit hrazených z veřejného zdravotního pojištění","05_NÚDZ-MRI_3T","https://ppo.mzcr.cz/upload/files/jednani-25-2-2019-nove-kapacity-05-nudz-mri-3t-5f1334f759104.pdf",175568
66,"Komise pro posuzování rozmístění přístrojových zdravotnických prostředků a kapacit hrazených z veřejného zdravotního pojištění","05_stanovisko_PK_-_Národní_ústav_duševního_zdraví","https://ppo.mzcr.cz/upload/files/jednani-25-2-2019-nove-kapacity-05-stanovisko-pk-narodni-ustav-dusevniho-zdravi-5f13351ba0106.pdf",643031
66,"Komise pro posuzování rozmístění přístrojových zdravotnických prostředků a kapacit hrazených z veřejného zdravotního pojištění","06_Masarykův_onkologický_ústav-hmotnostní_spektrometr","https://ppo.mzcr.cz/upload/files/jednani-25-2-2019-nove-kapacity-06-masarykuv-onkologicky-ustav-hmotnostni-spektrometr-5f133528719ec.pdf",168840
66,"Komise pro posuzování rozmístění přístrojových zdravotnických prostředků a kapacit hrazených z veřejného zdravotního pojištění","06_stanovisko_PK_-_Masarykův_onkologický_ústav","https://ppo.mzcr.cz/upload/files/jednani-25-2-2019-nove-kapacity-06-stanovisko-pk-masarykuv-onkologicky-ustav-5f13353938fb5.pdf",542592
66,"Komise pro posuzování rozmístění přístrojových zdravotnických prostředků a kapacit hrazených z veřejného zdravotního pojištění","01._žádost_Thomayerova_nemocnice-lineární_urychlovač-obnova","https://ppo.mzcr.cz/upload/files/jednani-24-10-2018-obnovy-01-zadost-thomayerova-nemocnice-linearni-urychlovac-obnova-5f132fd75942a.pdf",313833
66,"Komise pro posuzování rozmístění přístrojových zdravotnických prostředků a kapacit hrazených z veřejného zdravotního pojištění","1.stanovisko_PK-obnova-Thomayer.nem","https://ppo.mzcr.cz/upload/files/jednani-24-10-2018-obnovy-1-stanovisko-pk-obnova-thomayer-nem-5f132fe274aaa.pdf",690002
66,"Komise pro posuzování rozmístění přístrojových zdravotnických prostředků a kapacit hrazených z veřejného zdravotního pojištění","02._žádost_Nemocnice_Homolka-angiografický_RTG-obnova","https://ppo.mzcr.cz/upload/files/jednani-24-10-2018-obnovy-02-zadost-nemocnice-homolka-angiograficky-rtg-obnova-5f132feecdad9.pdf",516757
66,"Komise pro posuzování rozmístění přístrojových zdravotnických prostředků a kapacit hrazených z veřejného zdravotního pojištění","2.stanovisko_PK-obnova-Nemocnice_Homolka","https://ppo.mzcr.cz/upload/files/jednani-24-10-2018-obnovy-2-stanovisko-pk-obnova-nemocnice-homolka-5f132ffb59ca8.pdf",737993
66,"Komise pro posuzování rozmístění přístrojových zdravotnických prostředků a kapacit hrazených z veřejného zdravotního pojištění","03._žádost_Nemocnice_Homolka-skiagrafický_RTG-obnova","https://ppo.mzcr.cz/upload/files/jednani-24-10-2018-obnovy-03-zadost-nemocnice-homolka-skiagraficky-rtg-obnova-5f13300c49b18.pdf",725592
66,"Komise pro posuzování rozmístění přístrojových zdravotnických prostředků a kapacit hrazených z veřejného zdravotního pojištění","3.stanovisko_PK-obnova-Nemocnice_Homolka","https://ppo.mzcr.cz/upload/files/jednani-24-10-2018-obnovy-3-stanovisko-pk-obnova-nemocnice-homolka-5f133019127c0.pdf",619652
66,"Komise pro posuzování rozmístění přístrojových zdravotnických prostředků a kapacit hrazených z veřejného zdravotního pojištění","04._žádost_Krajská_zdravotní,UL-skiagraf_RTG_komplet(RDG_klin.UL)-obnova","https://ppo.mzcr.cz/upload/files/jednani-24-10-2018-obnovy-04-zadost-krajska-zdravotni-ul-skiagraf-rtg-komplet-rdg-klin-ul-obnova-5f13302c36faa.pdf",148939
66,"Komise pro posuzování rozmístění přístrojových zdravotnických prostředků a kapacit hrazených z veřejného zdravotního pojištění","4.stanovisko_PK-obnova-Krajská_zdrav._Ústí","https://ppo.mzcr.cz/upload/files/jednani-24-10-2018-obnovy-4-stanovisko-pk-obnova-krajska-zdrav-usti-5f13303b634e6.pdf",845198
66,"Komise pro posuzování rozmístění přístrojových zdravotnických prostředků a kapacit hrazených z veřejného zdravotního pojištění","05._žádost_Krajská_zdravotní,UL-skiagraf.RTG_komplet(RDG_odd.Most)-obnova","https://ppo.mzcr.cz/upload/files/jednani-24-10-2018-obnovy-05-zadost-krajska-zdravotni-ul-skiagraf-rtg-komplet-rdg-odd-most-obnova-5f133048aadc9.pdf",127107
66,"Komise pro posuzování rozmístění přístrojových zdravotnických prostředků a kapacit hrazených z veřejného zdravotního pojištění","06._žádost_Krajská_zdravotní,UL-skiagrafický_RTG_komplet_(plicní_odd-Most)-obnova","https://ppo.mzcr.cz/upload/files/jednani-24-10-2018-obnovy-06-zadost-krajska-zdravotni-ul-skiagraficky-rtg-komplet-plicni-odd-most-obnova-5f13305f05590.pdf",112768
66,"Komise pro posuzování rozmístění přístrojových zdravotnických prostředků a kapacit hrazených z veřejného zdravotního pojištění","6.stanovisko_PK-obnova-Krajská_zdrav._Most,plicní","https://ppo.mzcr.cz/upload/files/jednani-24-10-2018-obnovy-6-stanovisko-pk-obnova-krajska-zdrav-most-plicni-5f13306ea40b4.pdf",631509
66,"Komise pro posuzování rozmístění přístrojových zdravotnických prostředků a kapacit hrazených z veřejného zdravotního pojištění","07._žádost_Nemos_Plus_s.r.o.-tomograf_CT-obnova","https://ppo.mzcr.cz/upload/files/jednani-24-10-2018-obnovy-07-zadost-nemos-plus-s-r-o-tomograf-ct-obnova-5f13307e28661.pdf",1732902
66,"Komise pro posuzování rozmístění přístrojových zdravotnických prostředků a kapacit hrazených z veřejného zdravotního pojištění","7.stanovisko_PK-obnova-Nemos_Plus","https://ppo.mzcr.cz/upload/files/jednani-24-10-2018-obnovy-7-stanovisko-pk-obnova-nemos-plus-5f1330899aa7a.pdf",827303
66,"Komise pro posuzování rozmístění přístrojových zdravotnických prostředků a kapacit hrazených z veřejného zdravotního pojištění","08._žádost_Nemocnice_Vrchlabí-tomograf_CT-obnova_","https://ppo.mzcr.cz/upload/files/jednani-24-10-2018-obnovy-08-zadost-nemocnice-vrchlabi-tomograf-ct-obnova-5f133099eaca4.pdf",172355
66,"Komise pro posuzování rozmístění přístrojových zdravotnických prostředků a kapacit hrazených z veřejného zdravotního pojištění","8.stanovisko_PK-obnova-Nemocnice_Vrchlabí","https://ppo.mzcr.cz/upload/files/jednani-24-10-2018-obnovy-8-stanovisko-pk-obnova-nemocnice-vrchlabi-5f1330b701b27.pdf",817802
66,"Komise pro posuzování rozmístění přístrojových zdravotnických prostředků a kapacit hrazených z veřejného zdravotního pojištění","09._žádost_FN_u_sv._Anny-skiagraf.RTG_(KZM)-obnova","https://ppo.mzcr.cz/upload/files/jednani-24-10-2018-obnovy-09-zadost-fn-u-sv-anny-skiagraf-rtg-kzm-obnova-5f1330c74780c.pdf",212003
66,"Komise pro posuzování rozmístění přístrojových zdravotnických prostředků a kapacit hrazených z veřejného zdravotního pojištění","9.stanovisko_PK-obnova_FN_u_sv._Anny_v_Brně","https://ppo.mzcr.cz/upload/files/jednani-24-10-2018-obnovy-9-stanovisko-pk-obnova-fn-u-sv-anny-v-brne-5f1330d70b2d9.pdf",846407
66,"Komise pro posuzování rozmístění přístrojových zdravotnických prostředků a kapacit hrazených z veřejného zdravotního pojištění","10._žádost_FN_u_sv._Anny-RTG_(ORTK)-obnova","https://ppo.mzcr.cz/upload/files/jednani-24-10-2018-obnovy-10-zadost-fn-u-sv-anny-rtg-ortk-obnova-5f1330e2e6c75.pdf",212459
66,"Komise pro posuzování rozmístění přístrojových zdravotnických prostředků a kapacit hrazených z veřejného zdravotního pojištění","10.stanovisko_PK-obnova-FN_u_sv._Anny_v_Brně","https://ppo.mzcr.cz/upload/files/jednani-24-10-2018-obnovy-10-stanovisko-pk-obnova-fn-u-sv-anny-v-brne-5f1330f452543.pdf",821067
66,"Komise pro posuzování rozmístění přístrojových zdravotnických prostředků a kapacit hrazených z veřejného zdravotního pojištění","11._žádost_FN_Brno-průtokový_cytometr-obnova_","https://ppo.mzcr.cz/upload/files/jednani-24-10-2018-obnovy-11-zadost-fn-brno-prutokovy-cytometr-obnova-5f13310104815.pdf",316779
66,"Komise pro posuzování rozmístění přístrojových zdravotnických prostředků a kapacit hrazených z veřejného zdravotního pojištění","11.stanovisko_PK-obnova-FN_Brno","https://ppo.mzcr.cz/upload/files/jednani-24-10-2018-obnovy-11-stanovisko-pk-obnova-fn-brno-5f13310c7c005.pdf",808135
66,"Komise pro posuzování rozmístění přístrojových zdravotnických prostředků a kapacit hrazených z veřejného zdravotního pojištění","12._žádost_Novojičínské_diagnostické_centrum-mamograf_s_3D-obnova_","https://ppo.mzcr.cz/upload/files/jednani-24-10-2018-obnovy-12-zadost-novojicinske-diagnosticke-centrum-mamograf-s-3d-obnova-5f133119cc206.pdf",446031
66,"Komise pro posuzování rozmístění přístrojových zdravotnických prostředků a kapacit hrazených z veřejného zdravotního pojištění","12.stanovisko_PK-obnova-Novojičínské_centrum","https://ppo.mzcr.cz/upload/files/jednani-24-10-2018-obnovy-12-stanovisko-pk-obnova-novojicinske-centrum-5f13314a4e2c6.pdf",616872
66,"Komise pro posuzování rozmístění přístrojových zdravotnických prostředků a kapacit hrazených z veřejného zdravotního pojištění","13._žádost_FN_Olomouc-SPECT_kamera-obnova","https://ppo.mzcr.cz/upload/files/jednani-24-10-2018-obnovy-13-zadost-fn-olomouc-spect-kamera-obnova-5f13315a469a2.pdf",1407321
66,"Komise pro posuzování rozmístění přístrojových zdravotnických prostředků a kapacit hrazených z veřejného zdravotního pojištění","13.stanovisko_PK-obnova-FN_Olomouc","https://ppo.mzcr.cz/upload/files/jednani-24-10-2018-obnovy-13-stanovisko-pk-obnova-fn-olomouc-5f133168c730b.pdf",667697
66,"Komise pro posuzování rozmístění přístrojových zdravotnických prostředků a kapacit hrazených z veřejného zdravotního pojištění","14.-16.stanovisko_PK-obnova-FN_Olomouc","https://ppo.mzcr.cz/upload/files/jednani-24-10-2018-obnovy-14-16-stanovisko-pk-obnova-fn-olomouc-5f13317644ea8.pdf",762738
66,"Komise pro posuzování rozmístění přístrojových zdravotnických prostředků a kapacit hrazených z veřejného zdravotního pojištění","14.-16_žádost_FN_Olomouc-_lineární_urychlovače_3_ks-obnova","https://ppo.mzcr.cz/upload/files/jednani-24-10-2018-obnovy-14-16-zadost-fn-olomouc-linearni-urychlovace-3-ks-obnova-5f13318df2791.pdf",3673153
66,"Komise pro posuzování rozmístění přístrojových zdravotnických prostředků a kapacit hrazených z veřejného zdravotního pojištění","17._žádost_Vsetínská_nemocnice_a.s.-CT-obnova","https://ppo.mzcr.cz/upload/files/jednani-24-10-2018-obnovy-17-zadost-vsetinska-nemocnice-a-s-ct-obnova-5f1331aa7d98e.pdf",355680
66,"Komise pro posuzování rozmístění přístrojových zdravotnických prostředků a kapacit hrazených z veřejného zdravotního pojištění","17.stanovisko_PK-obnova-Vsetínská_nemocnice","https://ppo.mzcr.cz/upload/files/jednani-24-10-2018-obnovy-17-stanovisko-pk-obnova-vsetinska-nemocnice-5f1331b772288.pdf",788230
66,"Komise pro posuzování rozmístění přístrojových zdravotnických prostředků a kapacit hrazených z veřejného zdravotního pojištění","18._žádost_KKN-angiograf.RTG-nová_kapacita","https://ppo.mzcr.cz/upload/files/jednani-24-10-2018-obnovy-18-zadost-kkn-angiograf-rtg-nova-kapacita-5f1331c37aeae.pdf",396173
66,"Komise pro posuzování rozmístění přístrojových zdravotnických prostředků a kapacit hrazených z veřejného zdravotního pojištění","18.stanovisko_PK-obnova-Karlovarská_kraj.nemocnice","https://ppo.mzcr.cz/upload/files/jednani-24-10-2018-obnovy-18-stanovisko-pk-obnova-karlovarska-kraj-nemocnice-5f1331e589af2.pdf",838068
66,"Komise pro posuzování rozmístění přístrojových zdravotnických prostředků a kapacit hrazených z veřejného zdravotního pojištění","19._žádost_KKN-skiaskop.-skiagr.RTGkomplet-nová_kapacita","https://ppo.mzcr.cz/upload/files/jednani-24-10-2018-obnovy-19-zadost-kkn-skiaskop-skiagr-rtgkomplet-nova-kapacita-5f1331fa1f8b5.pdf",281638
66,"Komise pro posuzování rozmístění přístrojových zdravotnických prostředků a kapacit hrazených z veřejného zdravotního pojištění","19.stanovisko_PK-obnova-Karlovarská_kraj.nemocnice","https://ppo.mzcr.cz/upload/files/jednani-24-10-2018-obnovy-19-stanovisko-pk-obnova-karlovarska-kraj-nemocnice-5f1332085a386.pdf",851876
66,"Komise pro posuzování rozmístění přístrojových zdravotnických prostředků a kapacit hrazených z veřejného zdravotního pojištění","01._žádost_Nem._Č._Budějovice-robotický_systém_da_Vinci-nová_kapacita","https://ppo.mzcr.cz/upload/files/jednani-24-10-2018-nove-kapacity-01-zadost-nem-c-budejovice-roboticky-system-da-vinci-nova-kapacita-5f132d7b34d6a.pdf",157839
66,"Komise pro posuzování rozmístění přístrojových zdravotnických prostředků a kapacit hrazených z veřejného zdravotního pojištění","1.stanovisko_PK-nová_kapacita-Nemocnice_ČB","https://ppo.mzcr.cz/upload/files/jednani-24-10-2018-nove-kapacity-1-stanovisko-pk-nova-kapacita-nemocnice-cb-5f132d8a35536.pdf",848985
66,"Komise pro posuzování rozmístění přístrojových zdravotnických prostředků a kapacit hrazených z veřejného zdravotního pojištění","02.žádost_Nemocnice_Třebíč-magnetická_rezonance-nová_kapacita","https://ppo.mzcr.cz/upload/files/jednani-24-10-2018-nove-kapacity-02-zadost-nemocnice-trebic-magneticka-rezonance-nova-kapacita-5f132d9861187.pdf",140941
66,"Komise pro posuzování rozmístění přístrojových zdravotnických prostředků a kapacit hrazených z veřejného zdravotního pojištění","2.stanovisko_PK-nová_kapacita-Nemocnice_Třebíč","https://ppo.mzcr.cz/upload/files/jednani-24-10-2018-nove-kapacity-2-stanovisko-pk-nova-kapacita-nemocnice-trebic-5f132dada6584.pdf",807506
66,"Komise pro posuzování rozmístění přístrojových zdravotnických prostředků a kapacit hrazených z veřejného zdravotního pojištění","03._žádost_Nemocnice_na_Pleši-CT_simulátor-nová_kapacita","https://ppo.mzcr.cz/upload/files/jednani-24-10-2018-nove-kapacity-03-zadost-nemocnice-na-plesi-ct-simulator-nova-kapacita-5f132dce826b9.pdf",535177
66,"Komise pro posuzování rozmístění přístrojových zdravotnických prostředků a kapacit hrazených z veřejného zdravotního pojištění","3.stanovisko_PK-nová_kapacita-Nemocnice_na_Pleši","https://ppo.mzcr.cz/upload/files/jednani-24-10-2018-nove-kapacity-3-stanovisko-pk-nova-kapacita-nemocnice-na-plesi-5f132ddadb825.pdf",821387
66,"Komise pro posuzování rozmístění přístrojových zdravotnických prostředků a kapacit hrazených z veřejného zdravotního pojištění","04._žádost_NH_Hospital-Nemocnice_Hořovice-PC_tomograf_CT-nová_kapacita","https://ppo.mzcr.cz/upload/files/jednani-24-10-2018-nove-kapacity-04-zadost-nh-hospital-nemocnice-horovice-pc-tomograf-ct-nova-kapacita-5f132deb55eb4.pdf",779983
66,"Komise pro posuzování rozmístění přístrojových zdravotnických prostředků a kapacit hrazených z veřejného zdravotního pojištění","4.stanovisko_PK-nová_kapacita-NH_Hospital-Nemocnice_Hořovice","https://ppo.mzcr.cz/upload/files/jednani-24-10-2018-nove-kapacity-4-stanovisko-pk-nova-kapacita-nh-hospital-nemocnice-horovice-5f132dfbb738e.pdf",836246
66,"Komise pro posuzování rozmístění přístrojových zdravotnických prostředků a kapacit hrazených z veřejného zdravotního pojištění","05._žádost_NH_Hospital-Nem._Hořovice-MR_3T-nová_kapacita","https://ppo.mzcr.cz/upload/files/jednani-24-10-2018-nove-kapacity-05-zadost-nh-hospital-nem-horovice-mr-3t-nova-kapacita-5f132e13dfca4.pdf",6014080
66,"Komise pro posuzování rozmístění přístrojových zdravotnických prostředků a kapacit hrazených z veřejného zdravotního pojištění","5.stanovisko_PK-nová_kapacita-NH_Hospital-Nemocnice_Hořovice","https://ppo.mzcr.cz/upload/files/jednani-24-10-2018-nove-kapacity-5-stanovisko-pk-nova-kapacita-nh-hospital-nemocnice-horovice-5f132e2979214.pdf",946068
66,"Komise pro posuzování rozmístění přístrojových zdravotnických prostředků a kapacit hrazených z veřejného zdravotního pojištění","06._žádost_FN_Královské_Vinohrady-robotický_syst._da_Vinci_X-nová_kapac","https://ppo.mzcr.cz/upload/files/jednani-24-10-2018-nove-kapacity-06-zadost-fn-kralovske-vinohrady-roboticky-syst-da-vinci-x-nova-kapac-5f132e37a60bb.pdf",204292
66,"Komise pro posuzování rozmístění přístrojových zdravotnických prostředků a kapacit hrazených z veřejného zdravotního pojištění","6.stanovisko_PK-nová_kapacita-FNKV","https://ppo.mzcr.cz/upload/files/jednani-24-10-2018-nove-kapacity-6-stanovisko-pk-nova-kapacita-fnkv-5f132e430480e.pdf",804489
66,"Komise pro posuzování rozmístění přístrojových zdravotnických prostředků a kapacit hrazených z veřejného zdravotního pojištění","stanoviska_PK_ze_dne_27.6.2018","https://ppo.mzcr.cz/upload/files/jednani-27-6-2018-stanoviska-pk-ze-dne-27-6-2018-5f132807b2045.pdf",1650169
66,"Komise pro posuzování rozmístění přístrojových zdravotnických prostředků a kapacit hrazených z veřejného zdravotního pojištění","žádost_FN_Brno_-sekvenátor","https://ppo.mzcr.cz/upload/files/jednani-27-6-2018-zadost-fn-brno-sekvenator-5f13281679524.pdf",306837
66,"Komise pro posuzování rozmístění přístrojových zdravotnických prostředků a kapacit hrazených z veřejného zdravotního pojištění","žádost_FN_Brno-hematologická_linka","https://ppo.mzcr.cz/upload/files/jednani-27-6-2018-zadost-fn-brno-hematologicka-linka-5f1328255a23a.pdf",281570
66,"Komise pro posuzování rozmístění přístrojových zdravotnických prostředků a kapacit hrazených z veřejného zdravotního pojištění","žádost_FN_u_sv.Anny-mikroskop_neurochirurgický","https://ppo.mzcr.cz/upload/files/jednani-27-6-2018-zadost-fn-u-sv-anny-mikroskop-neurochirurgicky-5f13286c160eb.pdf",216357
66,"Komise pro posuzování rozmístění přístrojových zdravotnických prostředků a kapacit hrazených z veřejného zdravotního pojištění","žádost_KN_Liberec-angiografický_přístroj","https://ppo.mzcr.cz/upload/files/jednani-27-6-2018-zadost-kn-liberec-angiograficky-pristroj-5f13287b06227.pdf",1406889
66,"Komise pro posuzování rozmístění přístrojových zdravotnických prostředků a kapacit hrazených z veřejného zdravotního pojištění","žádost_KN_Liberec-robot_Da_Vinci_X","https://ppo.mzcr.cz/upload/files/jednani-27-6-2018-zadost-kn-liberec-robot-da-vinci-x-5f1329ce269f7.pdf",4020638
66,"Komise pro posuzování rozmístění přístrojových zdravotnických prostředků a kapacit hrazených z veřejného zdravotního pojištění","žádost_KN_Liberec-Terapeutický_RTG","https://ppo.mzcr.cz/upload/files/jednani-27-6-2018-zadost-kn-liberec-terapeuticky-rtg-5f132b3c2e3af.pdf",229258
66,"Komise pro posuzování rozmístění přístrojových zdravotnických prostředků a kapacit hrazených z veřejného zdravotního pojištění","žádost_Krajská_nem.T.Bati-UZ_s_navigací","https://ppo.mzcr.cz/upload/files/jednani-27-6-2018-zadost-krajska-nem-t-bati-uz-s-navigaci-5f132b4716bdb.pdf",245713
66,"Komise pro posuzování rozmístění přístrojových zdravotnických prostředků a kapacit hrazených z veřejného zdravotního pojištění","žádost_KZ_Ústí_-_kardio-angiografický_přístroj","https://ppo.mzcr.cz/upload/files/jednani-27-6-2018-zadost-kz-usti-kardio-angiograficky-pristroj-5f132b585db1e.pdf",225440
66,"Komise pro posuzování rozmístění přístrojových zdravotnických prostředků a kapacit hrazených z veřejného zdravotního pojištění","žádost_KZ_Ústí_-_MR_skener_celotělový","https://ppo.mzcr.cz/upload/files/jednani-27-6-2018-zadost-kz-usti-mr-skener-celotelovy-5f132b660da38.pdf",860036
66,"Komise pro posuzování rozmístění přístrojových zdravotnických prostředků a kapacit hrazených z veřejného zdravotního pojištění","žádost_MEDICON_Services_-MMG","https://ppo.mzcr.cz/upload/files/jednani-27-6-2018-zadost-medicon-services-mmg-5f132b769fccb.pdf",1685465
66,"Komise pro posuzování rozmístění přístrojových zdravotnických prostředků a kapacit hrazených z veřejného zdravotního pojištění","žádost_Nem.Rudolfa_a_Stefanie-skiaskopický_RTG","https://ppo.mzcr.cz/upload/files/jednani-27-6-2018-zadost-nem-rudolfa-a-stefanie-skiaskopicky-rtg-5f132b892a305.pdf",2762975
66,"Komise pro posuzování rozmístění přístrojových zdravotnických prostředků a kapacit hrazených z veřejného zdravotního pojištění","žádost_Nemocnice_Frýdek_Místek-MR_1,5T_celotělový","https://ppo.mzcr.cz/upload/files/jednani-27-6-2018-zadost-nemocnice-frydek-mistek-mr-1-5t-celotelovy-5f132b9b9ef9e.pdf",4009126
66,"Komise pro posuzování rozmístění přístrojových zdravotnických prostředků a kapacit hrazených z veřejného zdravotního pojištění","žádost_Nemocnice_Kadaň-CT","https://ppo.mzcr.cz/upload/files/jednani-27-6-2018-zadost-nemocnice-kadan-ct-5f132bb1b6fc7.pdf",4343967
66,"Komise pro posuzování rozmístění přístrojových zdravotnických prostředků a kapacit hrazených z veřejného zdravotního pojištění","žádost_Nemocnice_Na_Homolce-Angio_systém","https://ppo.mzcr.cz/upload/files/jednani-27-6-2018-zadost-nemocnice-na-homolce-angio-system-5f132bcdbb17e.pdf",8447486
66,"Komise pro posuzování rozmístění přístrojových zdravotnických prostředků a kapacit hrazených z veřejného zdravotního pojištění","žádost_Nemocnice_Na_Homolce-Leksellův_gama_nůž","https://ppo.mzcr.cz/upload/files/jednani-27-6-2018-zadost-nemocnice-na-homolce-lekselluv-gama-nuz-5f132beb291b2.pdf",7001347
66,"Komise pro posuzování rozmístění přístrojových zdravotnických prostředků a kapacit hrazených z veřejného zdravotního pojištění","žádost_Nemocnice_Třinec-_SKIA_RTG","https://ppo.mzcr.cz/upload/files/jednani-27-6-2018-zadost-nemocnice-trinec-skia-rtg-5f132c013f818.pdf",3055720
66,"Komise pro posuzování rozmístění přístrojových zdravotnických prostředků a kapacit hrazených z veřejného zdravotního pojištění","žádost_Nemocnice_Třinec-RTG_system","https://ppo.mzcr.cz/upload/files/jednani-27-6-2018-zadost-nemocnice-trinec-rtg-system-5f132c16d333f.pdf",3080653
66,"Komise pro posuzování rozmístění přístrojových zdravotnických prostředků a kapacit hrazených z veřejného zdravotního pojištění","žádost_Nemocnice_Valašské_Meziříčí-CT","https://ppo.mzcr.cz/upload/files/jednani-27-6-2018-zadost-nemocnice-valasske-mezirici-ct-5f132c25cba1a.pdf",220412
66,"Komise pro posuzování rozmístění přístrojových zdravotnických prostředků a kapacit hrazených z veřejného zdravotního pojištění","žádost_ON_Kladno-MR_1,5T","https://ppo.mzcr.cz/upload/files/jednani-27-6-2018-zadost-on-kladno-mr-1-5t-5f132c39c2207.pdf",2343832
66,"Komise pro posuzování rozmístění přístrojových zdravotnických prostředků a kapacit hrazených z veřejného zdravotního pojištění","žádost_ON_Náchod-_MR_1,5T","https://ppo.mzcr.cz/upload/files/jednani-27-6-2018-zadost-on-nachod-mr-1-5t-5f132c85e8844.pdf",1981557
66,"Komise pro posuzování rozmístění přístrojových zdravotnických prostředků a kapacit hrazených z veřejného zdravotního pojištění","žádost_Podhorská_nemocnice-CT","https://ppo.mzcr.cz/upload/files/jednani-27-6-2018-zadost-podhorska-nemocnice-ct-5f132c9010c47.pdf",233670
66,"Komise pro posuzování rozmístění přístrojových zdravotnických prostředků a kapacit hrazených z veřejného zdravotního pojištění","žádost_Sagena-MR_3T","https://ppo.mzcr.cz/upload/files/jednani-27-6-2018-zadost-sagena-mr-3t-5f132ca602971.pdf",5133507
66,"Komise pro posuzování rozmístění přístrojových zdravotnických prostředků a kapacit hrazených z veřejného zdravotního pojištění","žádost_ÚVN-skiagraf.vyšeřovna_se_skl.stěnou","https://ppo.mzcr.cz/upload/files/jednani-27-6-2018-zadost-uvn-skiagraf-vyserovna-se-skl-stenou-5f132cc2371fd.pdf",9245386
66,"Komise pro posuzování rozmístění přístrojových zdravotnických prostředků a kapacit hrazených z veřejného zdravotního pojištění","žádost_Vítkovická_nemocnice-mamograf","https://ppo.mzcr.cz/upload/files/jednani-27-6-2018-zadost-vitkovicka-nemocnice-mamograf-5f132ccf84db7.pdf",995462
66,"Komise pro posuzování rozmístění přístrojových zdravotnických prostředků a kapacit hrazených z veřejného zdravotního pojištění","Výsledek_hlasování_členů_odůvodnění_komise 11. 4. 2018","https://ppo.mzcr.cz/upload/files/jednani-11-4-2018-vysledek-hlasovani-clenu-oduvodneni-komise-11-4-2018-5f1324b6db882.docx",24157
66,"Komise pro posuzování rozmístění přístrojových zdravotnických prostředků a kapacit hrazených z veřejného zdravotního pojištění","Stanoviska_přístrojové_komise_ze_dne_11. 4. 2018","https://ppo.mzcr.cz/upload/files/jednani-11-4-2018-stanoviska-pristrojove-komise-ze-dne-11-4-2018-5f1324b6dd6f2.pdf",3880159
66,"Komise pro posuzování rozmístění přístrojových zdravotnických prostředků a kapacit hrazených z veřejného zdravotního pojištění","Žádost_FN_Hradec_Králové-přístroj_pro_mimotělní_oběh","https://ppo.mzcr.cz/upload/files/jednani-11-4-2018-zadost-fn-hradec-kralove-pristroj-pro-mimotelni-obeh-5f1324b6deda5.pdf",883847
66,"Komise pro posuzování rozmístění přístrojových zdravotnických prostředků a kapacit hrazených z veřejného zdravotního pojištění","Žádost_FN_v_Motole-hmotnostní_spektrometr","https://ppo.mzcr.cz/upload/files/jednani-11-4-2018-zadost-fn-v-motole-hmotnostni-spektrometr-5f1324b6e082b.pdf",1253220
66,"Komise pro posuzování rozmístění přístrojových zdravotnických prostředků a kapacit hrazených z veřejného zdravotního pojištění","Žádost_FN_v_Motole-traumatologický_skiagrafický_RTG","https://ppo.mzcr.cz/upload/files/jednani-11-4-2018-zadost-fn-v-motole-traumatologicky-skiagraficky-rtg-5f1324b6e3988.pdf",836997
66,"Komise pro posuzování rozmístění přístrojových zdravotnických prostředků a kapacit hrazených z veřejného zdravotního pojištění","Žádost_IKEM_skiaskopicko-skiagrafický_RTG_komplet","https://ppo.mzcr.cz/upload/files/jednani-11-4-2018-zadost-ikem-skiaskopicko-skiagraficky-rtg-komplet-5f1324b6e4e3b.pdf",1578933
66,"Komise pro posuzování rozmístění přístrojových zdravotnických prostředků a kapacit hrazených z veřejného zdravotního pojištění","Žádost_KZ_a.s.-prodloužení_platnosti_stanovisek","https://ppo.mzcr.cz/upload/files/jednani-11-4-2018-zadost-kz-a-s-prodlouzeni-platnosti-stanovisek-5f1324b6e6d64.pdf",622914
66,"Komise pro posuzování rozmístění přístrojových zdravotnických prostředků a kapacit hrazených z veřejného zdravotního pojištění","Žádost_Nemocnice_Jindřichův_Hradec_a.s._skiaskopický_RTG_přístroj_prodloužení_platnosti_stanoviska","https://ppo.mzcr.cz/upload/files/jednani-11-4-2018-zadost-nemocnice-jindrichuv-hradec-a-s-skiaskopicky-rtg-pristroj-prodlouzeni-platnosti-stanoviska-5f1324b6e7a96.pdf",316605
66,"Komise pro posuzování rozmístění přístrojových zdravotnických prostředků a kapacit hrazených z veřejného zdravotního pojištění","Žádost_Nemocnice_Kadaň_s.r.o._o_posouzení_umístění_a_provozu_přístrojových_zdravotnických_prostředků-počítačový_tomograf","https://ppo.mzcr.cz/upload/files/jednani-11-4-2018-zadost-nemocnice-kadan-s-r-o-o-posouzeni-umisteni-a-provozu-pristrojovych-zdravotnickych-prostredku-pocitacovy-tomograf-5f1324b6e8ad1.pdf",1119724
66,"Komise pro posuzování rozmístění přístrojových zdravotnických prostředků a kapacit hrazených z veřejného zdravotního pojištění","Žádost_Nemocnice_Na_Homolce_spektrometrický_analyzátor","https://ppo.mzcr.cz/upload/files/jednani-11-4-2018-zadost-nemocnice-na-homolce-spektrometricky-analyzator-5f1324b6ea0d6.pdf",904571
66,"Komise pro posuzování rozmístění přístrojových zdravotnických prostředků a kapacit hrazených z veřejného zdravotního pojištění","Žádost_NH_Hospital,a.s.,nem.Hořovice-CT","https://ppo.mzcr.cz/upload/files/jednani-11-4-2018-zadost-nh-hospital-a-s-nem-horovice-ct-5f1324b6ebf3f.pdf",1751460
66,"Komise pro posuzování rozmístění přístrojových zdravotnických prostředků a kapacit hrazených z veřejného zdravotního pojištění","Žádost_Slezská_nemocnice_v_Opavě-gamakamera_SPECT-CT","https://ppo.mzcr.cz/upload/files/jednani-11-4-2018-zadost-slezska-nemocnice-v-opave-gamakamera-spect-ct-5f1324b6edfe7.pdf",1558601
66,"Komise pro posuzování rozmístění přístrojových zdravotnických prostředků a kapacit hrazených z veřejného zdravotního pojištění","Žádost_ÚVN_litotryptor","https://ppo.mzcr.cz/upload/files/jednani-11-4-2018-zadost-uvn-litotryptor-5f1324b6efdb5.pdf",1670900
66,"Komise pro posuzování rozmístění přístrojových zdravotnických prostředků a kapacit hrazených z veřejného zdravotního pojištění","Žádost_ÚVN_o_posouzení_umístění_a_provozu_CT","https://ppo.mzcr.cz/upload/files/jednani-11-4-2018-zadost-uvn-o-posouzeni-umisteni-a-provozu-ct-5f1324b6f1351.pdf",3951152
66,"Komise pro posuzování rozmístění přístrojových zdravotnických prostředků a kapacit hrazených z veřejného zdravotního pojištění","Žádost_ÚVN_operační_mikroskop_pro_neurochirurgii","https://ppo.mzcr.cz/upload/files/jednani-11-4-2018-zadost-uvn-operacni-mikroskop-pro-neurochirurgii-5f1324b6f29ae.pdf",1299922
66,"Komise pro posuzování rozmístění přístrojových zdravotnických prostředků a kapacit hrazených z veřejného zdravotního pojištění","Žádost_ÚVN_přístroj_angiografický_kardiologický","https://ppo.mzcr.cz/upload/files/jednani-11-4-2018-zadost-uvn-pristroj-angiograficky-kardiologicky-5f1324b6f3e2c.pdf",1502489
66,"Komise pro posuzování rozmístění přístrojových zdravotnických prostředků a kapacit hrazených z veřejného zdravotního pojištění","Žádost_ÚVN_skiagrafický_RTG_přístroj","https://ppo.mzcr.cz/upload/files/jednani-11-4-2018-zadost-uvn-skiagraficky-rtg-pristroj-5f1324b701498.pdf",1705083
66,"Komise pro posuzování rozmístění přístrojových zdravotnických prostředků a kapacit hrazených z veřejného zdravotního pojištění","Žádost_ÚVN-opětovné_projednání-stereotaktické_neuroradiochirurgické_zařízení","https://ppo.mzcr.cz/upload/files/jednani-11-4-2018-zadost-uvn-opetovne-projednani-stereotakticke-neuroradiochirurgicke-zarizeni-5f1324b702e42.pdf",237187
72,"Vzdělávací rada lékařů","Jednání 7.11.2017","https://ppo.mzcr.cz/upload/files/terminy-jednani-jednani-7-11-2017-5b88e1511f835.pdf",185119
72,"Vzdělávací rada lékařů","Informace k jednání 7.11.2017","https://ppo.mzcr.cz/upload/files/terminy-jednani-informace-k-jednani-7-11-2017-5b88e16e4872e.pdf",192070
72,"Vzdělávací rada lékařů","Jednání 18.12.2017","https://ppo.mzcr.cz/upload/files/terminy-jednani-jednani-18-12-2017-5b88e18611d8e.pdf",169340
72,"Vzdělávací rada lékařů","Jednání 27.3.2018","https://ppo.mzcr.cz/upload/files/terminy-jednani-jednani-27-3-2018-5b88e19a098cb.pdf",189787
72,"Vzdělávací rada lékařů","Jednání 3.5.2018","https://ppo.mzcr.cz/upload/files/terminy-jednani-jednani-3-5-2018-5b88e1a92922f.pdf",188937
72,"Vzdělávací rada lékařů","Jednání 3.10.2018","https://ppo.mzcr.cz/upload/files/terminy-jednani-jednani-3-10-2018-5c6572fa6d0f9.pdf",196936
72,"Vzdělávací rada lékařů","Jednání 26.11.2018","https://ppo.mzcr.cz/upload/files/terminy-jednani-jednani-26-11-2018-5c657376c3aa1.pdf",188511
72,"Vzdělávací rada lékařů","Jednání 23.1.2019","https://ppo.mzcr.cz/upload/files/terminy-jednani-jednani-23-1-2019-5c65738c22611.pdf",187769
72,"Vzdělávací rada lékařů","Jednání 24.5.2019","https://ppo.mzcr.cz/upload/files/terminy-jednani-jednani-24-5-2019-5e2aeb99a95a7.pdf",134463
72,"Vzdělávací rada lékařů","Jednání 11.11.2019","https://ppo.mzcr.cz/upload/files/terminy-jednani-jednani-11-11-2019-5e2aebd5ad7ba.pdf",137507
72,"Vzdělávací rada lékařů","Jednání 02.12.2020","https://ppo.mzcr.cz/upload/files/terminy-jednani-jednani-02-12-2020-6095421a21d61.doc",124416
72,"Vzdělávací rada lékařů","Jednání 23.3.2021","https://ppo.mzcr.cz/upload/files/terminy-jednani-jednani-23-3-2021-6095429408825.pdf",150103
72,"Vzdělávací rada lékařů","Jednání 20.7.2021","https://ppo.mzcr.cz/upload/files/terminy-jednani-jednani-20-7-2021-6183b06b45df6.pdf",138460
72,"Vzdělávací rada lékařů","Jednání 2.9.2021","https://ppo.mzcr.cz/upload/files/terminy-jednani-jednani-2-9-2021-6183b0ab459ee.pdf",133265
72,"Vzdělávací rada lékařů","Jednání 8.12.2021","https://ppo.mzcr.cz/upload/files/terminy-jednani-jednani-8-12-2021-61d6f27739464.pdf",131247
86,"Pracovní skupina k rovným příležitostem pro ženy a muže","zápis z 1. jednání pracovní skupiny v roce 2018","https://ppo.mzcr.cz/upload/files/zapisy-z-jednani-pracovni-skupiny-zapis-z-1-jednani-pracovni-skupiny-v-roce-2018-5b8510b29c981.pdf",182728
86,"Pracovní skupina k rovným příležitostem pro ženy a muže","zápis z 2. jednání pracovní skupiny v roce 2018","https://ppo.mzcr.cz/upload/files/zapisy-z-jednani-pracovni-skupiny-zapis-z-2-jednani-pracovni-skupiny-v-roce-2018-5b8510e760f40.pdf",351209
86,"Pracovní skupina k rovným příležitostem pro ženy a muže","zápis z 3. jednání pracovní skupiny v roce 2018","https://ppo.mzcr.cz/upload/files/zapisy-z-jednani-pracovni-skupiny-zapis-z-3-jednani-pracovni-skupiny-v-roce-2018-5c61655024250.pdf",165664
86,"Pracovní skupina k rovným příležitostem pro ženy a muže","zápis z jednání pracovní skupiny dne 19. 12. 2019","https://ppo.mzcr.cz/upload/files/zapisy-z-jednani-pracovni-skupiny-zapis-z-jednani-pracovni-skupiny-dne-19-12-2019-627d182ebf00f.pdf",313039
86,"Pracovní skupina k rovným příležitostem pro ženy a muže","zápis z jednání pracovní skupiny dne 12. 8. 2021","https://ppo.mzcr.cz/upload/files/zapisy-z-jednani-pracovni-skupiny-zapis-z-jednani-pracovni-skupiny-dne-12-8-2021-627d1837c06ce.pdf",322817
86,"Pracovní skupina k rovným příležitostem pro ženy a muže","Zápis z jednání pracovní skupiny - 16.12.2022","https://ppo.mzcr.cz/upload/files/zapisy-z-jednani-pracovni-skupiny-zapis-z-jednani-pracovni-skupiny-16-12-2022-66ced7285466c.pdf",325213
86,"Pracovní skupina k rovným příležitostem pro ženy a muže","Zápis z jednání pracovní skupiny - 27. 6. 2023","https://ppo.mzcr.cz/upload/files/zapisy-z-jednani-pracovni-skupiny-zapis-z-jednani-pracovni-skupiny-27-6-2023-66ced734a29a9.pdf",303012
86,"Pracovní skupina k rovným příležitostem pro ženy a muže","Zápis z jednání pracovní skupiny - 21. 12. 2023","https://ppo.mzcr.cz/upload/files/zapisy-z-jednani-pracovni-skupiny-zapis-z-jednani-pracovni-skupiny-21-12-2023-66ced74905c38.pdf",341060
86,"Pracovní skupina k rovným příležitostem pro ženy a muže","Zápis z jednání pracovní skupiny - 26. 6. 2024","https://ppo.mzcr.cz/upload/files/zapisy-z-jednani-pracovni-skupiny-zapis-z-jednani-pracovni-skupiny-26-6-2024-66ced75417fc5.pdf",331502
91,"Komise pro řešení závažných hrozeb pro veřejné zdraví s možnými přeshraničními dopady (Ústřední epidemiologická komise)","usnesení vlády","https://ppo.mzcr.cz/upload/files/zapis-usneseni-vlady-5b83adb9f1fe3.pdf",462551
91,"Komise pro řešení závažných hrozeb pro veřejné zdraví s možnými přeshraničními dopady (Ústřední epidemiologická komise)","Usneseni_vlady_2021_1171","https://ppo.mzcr.cz/upload/files/zapis-usneseni-vlady-2021-1171-6543ac48572f0.pdf",205809
91,"Komise pro řešení závažných hrozeb pro veřejné zdraví s možnými přeshraničními dopady (Ústřední epidemiologická komise)","Statut ÚEK","https://ppo.mzcr.cz/upload/files/zapis-statut-uek-661ff7d73adc9.pdf",310457
103,"Pracovní skupina pro koncepční řešení poskytování domácí péče v ČR","zřizovací dekret","https://ppo.mzcr.cz/upload/files/prikaz-ministra-zrizovaci-dekret-67d1acf70979d.pdf",171995
103,"Pracovní skupina pro koncepční řešení poskytování domácí péče v ČR","1. jednání 27.6.2018","https://ppo.mzcr.cz/upload/files/harmonogram-jednani-1-jednani-27-6-2018-5c5ca74605e95.pdf",247036
103,"Pracovní skupina pro koncepční řešení poskytování domácí péče v ČR","2. jednání 19.9.2018","https://ppo.mzcr.cz/upload/files/harmonogram-jednani-2-jednani-19-9-2018-5c5ca74608441.pdf",236892
103,"Pracovní skupina pro koncepční řešení poskytování domácí péče v ČR","3. jednání 21.11.2018","https://ppo.mzcr.cz/upload/files/harmonogram-jednani-3-jednani-21-11-2018-5c5ca746098c2.pdf",228091
103,"Pracovní skupina pro koncepční řešení poskytování domácí péče v ČR","4. jednání 30.1.2019","https://ppo.mzcr.cz/upload/files/harmonogram-jednani-4-jednani-30-1-2019-5c5ca7460abb2.pdf",229345
103,"Pracovní skupina pro koncepční řešení poskytování domácí péče v ČR","5. jednání 20.3.2019","https://ppo.mzcr.cz/upload/files/harmonogram-jednani-5-jednani-20-3-2019-5c94de3873bb2.pdf",234768
103,"Pracovní skupina pro koncepční řešení poskytování domácí péče v ČR","6. jednání 24. 4. 2019","https://ppo.mzcr.cz/upload/files/harmonogram-jednani-6-jednani-24-4-2019-5cad9f62ec727.pdf",236311
103,"Pracovní skupina pro koncepční řešení poskytování domácí péče v ČR","7. jednání 26.6.2019","https://ppo.mzcr.cz/upload/files/harmonogram-jednani-7-jednani-26-6-2019-5d2d7fb7cf1f1.pdf",231721
103,"Pracovní skupina pro koncepční řešení poskytování domácí péče v ČR","8. jednání 11. 10. 2019","https://ppo.mzcr.cz/upload/files/harmonogram-jednani-8-jednani-11-10-2019-5d92f2eaa8398.pdf",45251
103,"Pracovní skupina pro koncepční řešení poskytování domácí péče v ČR","8. jednání 25. 11. 2019","https://ppo.mzcr.cz/upload/files/harmonogram-jednani-8-jednani-25-11-2019-5da071f87d32c.pdf",44897
103,"Pracovní skupina pro koncepční řešení poskytování domácí péče v ČR","9. jednání 3. 2. 2020","https://ppo.mzcr.cz/upload/files/harmonogram-jednani-9-jednani-3-2-2020-5df8993f93b98.pdf",46658
103,"Pracovní skupina pro koncepční řešení poskytování domácí péče v ČR","10. jednání 28.4.2021","https://ppo.mzcr.cz/upload/files/harmonogram-jednani-10-jednani-28-4-2021-6093c9d70ab78.docx",155897
103,"Pracovní skupina pro koncepční řešení poskytování domácí péče v ČR","11. jednání 19.10.2021","https://ppo.mzcr.cz/upload/files/harmonogram-jednani-11-jednani-19-10-2021-6183bd06e590e.pdf",139484
103,"Pracovní skupina pro koncepční řešení poskytování domácí péče v ČR","12. jednání 15. 3. 2022","https://ppo.mzcr.cz/upload/files/harmonogram-jednani-12-jednani-15-3-2022-6242c8cfb8032.docx",157728
103,"Pracovní skupina pro koncepční řešení poskytování domácí péče v ČR","13. jednání 8.12.2022","https://ppo.mzcr.cz/upload/files/harmonogram-jednani-13-jednani-8-12-2022-63ff77a1d3e19.pdf",228771
103,"Pracovní skupina pro koncepční řešení poskytování domácí péče v ČR","14. jednání 9.3.2023","https://ppo.mzcr.cz/upload/files/harmonogram-jednani-14-jednani-9-3-2023-63ff778d80112.pdf",229720
103,"Pracovní skupina pro koncepční řešení poskytování domácí péče v ČR","15. jednání 20.10.2023","https://ppo.mzcr.cz/upload/files/harmonogram-jednani-15-jednani-20-10-2023-6581a4372ac2e.pdf",219344
103,"Pracovní skupina pro koncepční řešení poskytování domácí péče v ČR","16. jednaní 22. 1. 2024","https://ppo.mzcr.cz/upload/files/harmonogram-jednani-16-jednani-22-1-2024-6698fbe622649.pdf",220645
103,"Pracovní skupina pro koncepční řešení poskytování domácí péče v ČR","17. jednání 25.3.2024","https://ppo.mzcr.cz/upload/files/harmonogram-jednani-17-jednani-25-3-2024-6698fd26dd0d9.pdf",218939
103,"Pracovní skupina pro koncepční řešení poskytování domácí péče v ČR","18. jednání 9. 5. 2024","https://ppo.mzcr.cz/upload/files/harmonogram-jednani-18-jednani-9-5-2024-6698fdba479ae.pdf",220075
103,"Pracovní skupina pro koncepční řešení poskytování domácí péče v ČR","19. jednání 30. 10. 2024","https://ppo.mzcr.cz/upload/files/harmonogram-jednani-19-jednani-30-10-2024-671a651491ae8.pdf",219386
103,"Pracovní skupina pro koncepční řešení poskytování domácí péče v ČR","20. jednání 21.1.2025","https://ppo.mzcr.cz/upload/files/harmonogram-jednani-20-jednani-21-1-2025-67d1abe8aa781.pdf",158583
103,"Pracovní skupina pro koncepční řešení poskytování domácí péče v ČR","21. jednání 10. 6. 2025","https://ppo.mzcr.cz/upload/files/harmonogram-jednani-21-jednani-10-6-2025-6845e3ddc5b7b.pdf",245383
103,"Pracovní skupina pro koncepční řešení poskytování domácí péče v ČR","22. jednání 19.11.2025","https://ppo.mzcr.cz/upload/files/harmonogram-jednani-22-jednani-19-11-2025-6943d0b066c52.pdf",259884
103,"Pracovní skupina pro koncepční řešení poskytování domácí péče v ČR","1. jednání 27.6.2018","https://ppo.mzcr.cz/upload/files/zapisy-jednani-1-jednani-27-6-2018-5c5ca569274ba.pdf",987878
103,"Pracovní skupina pro koncepční řešení poskytování domácí péče v ČR","2. jednání 19.9.2018","https://ppo.mzcr.cz/upload/files/zapisy-jednani-2-jednani-19-9-2018-5c5ca5a3d2ae4.pdf",2122088
103,"Pracovní skupina pro koncepční řešení poskytování domácí péče v ČR","3. jednání 21.11.2018","https://ppo.mzcr.cz/upload/files/zapisy-jednani-3-jednani-21-11-2018-5c5ca61509b9e.pdf",2156023
103,"Pracovní skupina pro koncepční řešení poskytování domácí péče v ČR","4. jednaní 30.1.2019","https://ppo.mzcr.cz/upload/files/zapisy-jednani-4-jednani-30-1-2019-5c77e343e6d86.pdf",2094231
103,"Pracovní skupina pro koncepční řešení poskytování domácí péče v ČR","5. jednání 20.3.2019","https://ppo.mzcr.cz/upload/files/zapisy-jednani-5-jednani-20-3-2019-5cad9f33ede57.pdf",1591884
103,"Pracovní skupina pro koncepční řešení poskytování domácí péče v ČR","6. jednání 24.4.2019","https://ppo.mzcr.cz/upload/files/zapisy-jednani-6-jednani-24-4-2019-5cd585549ce05.pdf",2700878
103,"Pracovní skupina pro koncepční řešení poskytování domácí péče v ČR","7. jednání 26.6.2019","https://ppo.mzcr.cz/upload/files/zapisy-jednani-7-jednani-26-6-2019-5d2d7fe5e0d4b.pdf",1800248
103,"Pracovní skupina pro koncepční řešení poskytování domácí péče v ČR","8. jednání 11. 10. 2019","https://ppo.mzcr.cz/upload/files/zapisy-jednani-8-jednani-11-10-2019-5da071b27fced.pdf",38832
103,"Pracovní skupina pro koncepční řešení poskytování domácí péče v ČR","8. jednani 25. 11. 2019","https://ppo.mzcr.cz/upload/files/zapisy-jednani-8-jednani-25-11-2019-5df35e986a5de.pdf",201760
103,"Pracovní skupina pro koncepční řešení poskytování domácí péče v ČR","9. jednání 3. 2. 2020","https://ppo.mzcr.cz/upload/files/zapisy-jednani-9-jednani-3-2-2020-5e74b0fa9aa38.pdf",244022
103,"Pracovní skupina pro koncepční řešení poskytování domácí péče v ČR","10. jednání 28.4.2021","https://ppo.mzcr.cz/upload/files/zapisy-jednani-10-jednani-28-4-2021-609bae1c1c12b.pdf",4783364
103,"Pracovní skupina pro koncepční řešení poskytování domácí péče v ČR","11. jednání 19.10.2021","https://ppo.mzcr.cz/upload/files/zapisy-jednani-11-jednani-19-10-2021-6183bd340841e.pdf",467792
103,"Pracovní skupina pro koncepční řešení poskytování domácí péče v ČR","12. jednání 15. 3. 2022","https://ppo.mzcr.cz/upload/files/zapisy-jednani-12-jednani-15-3-2022-6242f99a85a51.pdf",265933
103,"Pracovní skupina pro koncepční řešení poskytování domácí péče v ČR","příloha_k_zápisu_z_12. jednání","https://ppo.mzcr.cz/upload/files/zapisy-jednani-priloha-k-zapisu-z-12-jednani-626167c0f02bb.pptx",2058841
103,"Pracovní skupina pro koncepční řešení poskytování domácí péče v ČR","13. jednání 8.12.2022","https://ppo.mzcr.cz/upload/files/zapisy-jednani-13-jednani-8-12-2022-63a4290025be4.pdf",275409
103,"Pracovní skupina pro koncepční řešení poskytování domácí péče v ČR","příloha_c_1_k_zapisu_ze_13_jednani","https://ppo.mzcr.cz/upload/files/zapisy-jednani-priloha-c-1-k-zapisu-ze-13-jednani-63a429409d398.pptx",382434
103,"Pracovní skupina pro koncepční řešení poskytování domácí péče v ČR","priloha_c_2_k_zapisu_ze_13_jednani","https://ppo.mzcr.cz/upload/files/zapisy-jednani-priloha-c-2-k-zapisu-ze-13-jednani-63a42972591bd.ppt",392704
103,"Pracovní skupina pro koncepční řešení poskytování domácí péče v ČR","14. jednání 9.3.2023","https://ppo.mzcr.cz/upload/files/zapisy-jednani-14-jednani-9-3-2023-6438721dc1da3.zip",2873386
103,"Pracovní skupina pro koncepční řešení poskytování domácí péče v ČR","15. jednání 20.10.2023","https://ppo.mzcr.cz/upload/files/zapisy-jednani-15-jednani-20-10-2023-6581a49acbfc5.pdf",902997
103,"Pracovní skupina pro koncepční řešení poskytování domácí péče v ČR","16. jednaní 22. 1. 2024","https://ppo.mzcr.cz/upload/files/zapisy-jednani-16-jednani-22-1-2024-6698fc3ba889a.pdf",287569
103,"Pracovní skupina pro koncepční řešení poskytování domácí péče v ČR","příloha_ k_ zápisu_ ze_ 16_ jednání","https://ppo.mzcr.cz/upload/files/zapisy-jednani-priloha-k-zapisu-ze-16-jednani-6698fce6d453a.pptx",142910
103,"Pracovní skupina pro koncepční řešení poskytování domácí péče v ČR","17. jednání 25.3.2024","https://ppo.mzcr.cz/upload/files/zapisy-jednani-17-jednani-25-3-2024-6698fd45e2aa5.pdf",275165
103,"Pracovní skupina pro koncepční řešení poskytování domácí péče v ČR","18. jednání 9. 5. 2024","https://ppo.mzcr.cz/upload/files/zapisy-jednani-18-jednani-9-5-2024-6698fdd300ef2.pdf",234103
103,"Pracovní skupina pro koncepční řešení poskytování domácí péče v ČR","19. jednání 30. 10. 2024","https://ppo.mzcr.cz/upload/files/zapisy-jednani-19-jednani-30-10-2024-67d1ab6006717.pdf",302902
103,"Pracovní skupina pro koncepční řešení poskytování domácí péče v ČR","20. jednání 21.1.2025","https://ppo.mzcr.cz/upload/files/zapisy-jednani-20-jednani-21-1-2025-67d1ac0f6f172.pdf",379953
103,"Pracovní skupina pro koncepční řešení poskytování domácí péče v ČR","21. jednání 10. 6. 2025","https://ppo.mzcr.cz/upload/files/zapisy-jednani-21-jednani-10-6-2025-6943d0fad65d0.pdf",293359
103,"Pracovní skupina pro koncepční řešení poskytování domácí péče v ČR","příloha 1 _k_zaznamu_10_6_2025","https://ppo.mzcr.cz/upload/files/zapisy-jednani-priloha-1-k-zaznamu-10-6-2025-6943d15a0763c.",146944
103,"Pracovní skupina pro koncepční řešení poskytování domácí péče v ČR","Příloha 2 k záznamu_10_6_2025","https://ppo.mzcr.cz/upload/files/zapisy-jednani-priloha-2-k-zaznamu-10-6-2025-6943d1c15f6cb.pptx",829043
103,"Pracovní skupina pro koncepční řešení poskytování domácí péče v ČR","Příloha 3 k záznamu_10_6_2025","https://ppo.mzcr.cz/upload/files/zapisy-jednani-priloha-3-k-zaznamu-10-6-2025-6943d1e4f1448.pptx",195533
103,"Pracovní skupina pro koncepční řešení poskytování domácí péče v ČR","22. jednání 19. 11. 2025","https://ppo.mzcr.cz/upload/files/zapisy-jednani-22-jednani-19-11-2025-6943d246d50ac.pdf",410952
103,"Pracovní skupina pro koncepční řešení poskytování domácí péče v ČR","Koncepce domácí péče","https://ppo.mzcr.cz/upload/files/vystupy-koncepce-domaci-pece-6188f8fb575e2.pdf",2518182
103,"Pracovní skupina pro koncepční řešení poskytování domácí péče v ČR","Akční plán ke Koncepci domácí péče","https://ppo.mzcr.cz/upload/files/vystupy-akcni-plan-ke-koncepci-domaci-pece-6188fa716e68c.zip",986904
103,"Pracovní skupina pro koncepční řešení poskytování domácí péče v ČR","2. Akční plán ke Koncepci domácí péče","https://ppo.mzcr.cz/upload/files/vystupy-2-akcni-plan-ke-koncepci-domaci-pece-671b839ee36fc.zip",614281
111,"Vzdělávací rada zubních lékařů","Jednání 18.4.2018","https://ppo.mzcr.cz/upload/files/terminy-jednani-jednani-18-4-2018-5b88e497bfe09.pdf",188169
111,"Vzdělávací rada zubních lékařů","Jednání 25.6.2018","https://ppo.mzcr.cz/upload/files/terminy-jednani-jednani-25-6-2018-5b88e4aa082a0.pdf",189609
111,"Vzdělávací rada zubních lékařů","Jednání 22.5.2019","https://ppo.mzcr.cz/upload/files/terminy-jednani-jednani-22-5-2019-5e2aecbc6c6c5.pdf",135056
112,"Vzdělávací rada farmaceutů","Jednání 16.4.2018","https://ppo.mzcr.cz/upload/files/terminy-jednani-jednani-16-4-2018-5b88e89623aa7.pdf",189423
112,"Vzdělávací rada farmaceutů","Jednání 15.5.2018","https://ppo.mzcr.cz/upload/files/terminy-jednani-jednani-15-5-2018-5b88e8b551767.pdf",188957
112,"Vzdělávací rada farmaceutů","Jednání 19.6.2018","https://ppo.mzcr.cz/upload/files/terminy-jednani-jednani-19-6-2018-5b88e8c6e7f66.pdf",189017
112,"Vzdělávací rada farmaceutů","Jednání 9.9.2019","https://ppo.mzcr.cz/upload/files/terminy-jednani-jednani-9-9-2019-5e2aed1aa8cf3.pdf",133997
112,"Vzdělávací rada farmaceutů","Jednání 5.3.2020","https://ppo.mzcr.cz/upload/files/terminy-jednani-jednani-5-3-2020-609543827db0f.pdf",133378
112,"Vzdělávací rada farmaceutů","Jednání 2.4.2020","https://ppo.mzcr.cz/upload/files/terminy-jednani-jednani-2-4-2020-609543976e7ee.pdf",137956
112,"Vzdělávací rada farmaceutů","Jednání 30.6.2020","https://ppo.mzcr.cz/upload/files/terminy-jednani-jednani-30-6-2020-609543adaf0f9.pdf",133081
114,"Pracovní komise pro systémové řešení urgentních příjmů","Zápis z 1. jednání","https://ppo.mzcr.cz/upload/files/zapisy-zapis-z-1-jednani-5cab421b5514d.pdf",617850
114,"Pracovní komise pro systémové řešení urgentních příjmů","Zápis z 2. jednání","https://ppo.mzcr.cz/upload/files/zapisy-zapis-z-2-jednani-5cab423146658.pdf",486607
114,"Pracovní komise pro systémové řešení urgentních příjmů","Zápis z 3. jednání","https://ppo.mzcr.cz/upload/files/zapisy-zapis-z-3-jednani-5ce413c6aafc8.pdf",558639
121,"Komise pro kategorizaci a úhradovou regulaci zdravotnických prostředků","Komise pro kategorizaci a úhradovou regulaci ZP","https://ppo.mzcr.cz/upload/files/metodika-komise-pro-kategorizaci-a-uhradovou-regulaci-zp-661d03d4313e6.pdf",702093
121,"Komise pro kategorizaci a úhradovou regulaci zdravotnických prostředků","Návrh na novou úhradovou skupinu ZP","https://ppo.mzcr.cz/upload/files/formulare-navrh-na-novou-uhradovou-skupinu-zp-63ce93baedb91.doc",178176
121,"Komise pro kategorizaci a úhradovou regulaci zdravotnických prostředků","Návrh na úpravu úhradové skupiny ZP","https://ppo.mzcr.cz/upload/files/formulare-navrh-na-upravu-uhradove-skupiny-zp-63ce93ef4c4b1.doc",166400
121,"Komise pro kategorizaci a úhradovou regulaci zdravotnických prostředků","Žádost o udělení souhlasu ministerstva zdravotnictví ČR s úhradou 50% pro nekategorizovaný ZP","https://ppo.mzcr.cz/upload/files/formulare-zadost-o-udeleni-souhlasu-ministerstva-zdravotnictvi-cr-s-uhradou-50-pro-nekategorizovany-zp-63ce9438a3834.doc",242688
121,"Komise pro kategorizaci a úhradovou regulaci zdravotnických prostředků","Přehled výsledků jednání Komise za rok 2019","https://ppo.mzcr.cz/upload/files/prehled-vysledku-jednani-komise-prehled-vysledku-jednani-komise-za-rok-2019-5ecba27aae7d4.xlsx",47784
121,"Komise pro kategorizaci a úhradovou regulaci zdravotnických prostředků","Přehled výsledků jednání Komise do dubna 2020","https://ppo.mzcr.cz/upload/files/prehled-vysledku-jednani-komise-prehled-vysledku-jednani-komise-do-dubna-2020-618934550591a.xlsx",172678
121,"Komise pro kategorizaci a úhradovou regulaci zdravotnických prostředků","Přehled výsledků jednání Komise do října 2021 (návrhy schválené do dubna 2020 jsou již součástí novely ZVZP - č. 371/2021 Sb.)","https://ppo.mzcr.cz/upload/files/prehled-vysledku-jednani-komise-prehled-vysledku-jednani-komise-do-rijna-2021-navrhy-schvalene-do-dubna-2020-jsou-jiz-soucasti-novely-zvzp-c-371-2021-sb-619227e6b1d74.xlsx",196940
121,"Komise pro kategorizaci a úhradovou regulaci zdravotnických prostředků","Změny v úhradách zdravotnických prostředků na poukaz od 1. ledna 2022","https://ppo.mzcr.cz/upload/files/prehled-vysledku-jednani-komise-zmeny-v-uhradach-zdravotnickych-prostredku-na-poukaz-od-1-ledna-2022-619e0a59957fd.pdf",168321
121,"Komise pro kategorizaci a úhradovou regulaci zdravotnických prostředků","Podklady 14. 3., pozvánka a prezentace předsedy","https://ppo.mzcr.cz/upload/files/1-jednani-komise-14-3-2019-podklady-14-3-pozvanka-a-prezentace-predsedy-61964b3173fd0.zip",5789635
121,"Komise pro kategorizaci a úhradovou regulaci zdravotnických prostředků","Zápis 14. 3.","https://ppo.mzcr.cz/upload/files/1-jednani-komise-14-3-2019-zapis-14-3-61964b317b141.pdf",301004
121,"Komise pro kategorizaci a úhradovou regulaci zdravotnických prostředků","Zápis 15. 4.","https://ppo.mzcr.cz/upload/files/2-jednani-komise-15-4-2019-zapis-15-4-61964b3b73779.pdf",249052
121,"Komise pro kategorizaci a úhradovou regulaci zdravotnických prostředků","Podklady 15. 4.","https://ppo.mzcr.cz/upload/files/2-jednani-komise-15-4-2019-podklady-15-4-61964b3b788bf.zip",1227651
121,"Komise pro kategorizaci a úhradovou regulaci zdravotnických prostředků","Program 15. 4. + číslování návrhů","https://ppo.mzcr.cz/upload/files/2-jednani-komise-15-4-2019-program-15-4-cislovani-navrhu-61964b3b76f8a.pdf",153318
121,"Komise pro kategorizaci a úhradovou regulaci zdravotnických prostředků","Zápis 27. 5. 2019","https://ppo.mzcr.cz/upload/files/3-jednani-komise-27-5-2019-zapis-27-5-2019-61964b48addf4.pdf",314110
121,"Komise pro kategorizaci a úhradovou regulaci zdravotnických prostředků","Prezenční listina 27. 5. 2019","https://ppo.mzcr.cz/upload/files/3-jednani-komise-27-5-2019-prezencni-listina-27-5-2019-61964b48b2ecc.pdf",1268341
121,"Komise pro kategorizaci a úhradovou regulaci zdravotnických prostředků","Program 27. 5. 2019","https://ppo.mzcr.cz/upload/files/3-jednani-komise-27-5-2019-program-27-5-2019-61964b48b80db.pdf",163486
121,"Komise pro kategorizaci a úhradovou regulaci zdravotnických prostředků","Podklady 7-20/19 a dodatečná stanoviska","https://ppo.mzcr.cz/upload/files/3-jednani-komise-27-5-2019-podklady-7-20-19-a-dodatecna-stanoviska-61964b48b93a1.zip",6240640
121,"Komise pro kategorizaci a úhradovou regulaci zdravotnických prostředků","Podklad 21/19 N","https://ppo.mzcr.cz/upload/files/3-jednani-komise-27-5-2019-podklad-21-19-n-61964b48bd0b1.zip",8660880
121,"Komise pro kategorizaci a úhradovou regulaci zdravotnických prostředků","Podklady 22-26/19","https://ppo.mzcr.cz/upload/files/3-jednani-komise-27-5-2019-podklady-22-26-19-61964b48bfba1.zip",5674927
121,"Komise pro kategorizaci a úhradovou regulaci zdravotnických prostředků","N1-3/19 Orthovisc, Monovisc, Cingal","https://ppo.mzcr.cz/upload/files/podklady-nekategorizovane-27-5-2019-n1-3-19-orthovisc-monovisc-cingal-5dfcac7899fb3.zip",7083428
121,"Komise pro kategorizaci a úhradovou regulaci zdravotnických prostředků","N4/19 Sinovial 0,8","https://ppo.mzcr.cz/upload/files/podklady-nekategorizovane-27-5-2019-n4-19-sinovial-0-8-5dfcac8135112.zip",7061758
121,"Komise pro kategorizaci a úhradovou regulaci zdravotnických prostředků","N5/19 Sinovial ONE","https://ppo.mzcr.cz/upload/files/podklady-nekategorizovane-27-5-2019-n5-19-sinovial-one-5dfcac8922626.zip",6723201
121,"Komise pro kategorizaci a úhradovou regulaci zdravotnických prostředků","N6/19 Sinovial HL","https://ppo.mzcr.cz/upload/files/podklady-nekategorizovane-27-5-2019-n6-19-sinovial-hl-5dfcac9552329.zip",6475026
121,"Komise pro kategorizaci a úhradovou regulaci zdravotnických prostředků","N7/19 Fermathron","https://ppo.mzcr.cz/upload/files/podklady-nekategorizovane-27-5-2019-n7-19-fermathron-5dfcac9caa328.zip",6136898
121,"Komise pro kategorizaci a úhradovou regulaci zdravotnických prostředků","N8/19 Fermathron plus","https://ppo.mzcr.cz/upload/files/podklady-nekategorizovane-27-5-2019-n8-19-fermathron-plus-5dfcaca2d7236.zip",6788944
121,"Komise pro kategorizaci a úhradovou regulaci zdravotnických prostředků","N9/19 Hyalone","https://ppo.mzcr.cz/upload/files/podklady-nekategorizovane-27-5-2019-n9-19-hyalone-5dfcaca97b1e9.zip",7117118
121,"Komise pro kategorizaci a úhradovou regulaci zdravotnických prostředků","N10/19 Hyalubrix","https://ppo.mzcr.cz/upload/files/podklady-nekategorizovane-27-5-2019-n10-19-hyalubrix-5dfcacaf17727.zip",5599704
121,"Komise pro kategorizaci a úhradovou regulaci zdravotnických prostředků","N11/19 Durolane","https://ppo.mzcr.cz/upload/files/podklady-nekategorizovane-27-5-2019-n11-19-durolane-5dfcacb4b6188.zip",6152984
121,"Komise pro kategorizaci a úhradovou regulaci zdravotnických prostředků","stanovisko ČSOT elastoviskózní roztoky","https://ppo.mzcr.cz/upload/files/podklady-nekategorizovane-27-5-2019-stanovisko-csot-elastoviskozni-roztoky-5dd68870d679b.pdf",432189
121,"Komise pro kategorizaci a úhradovou regulaci zdravotnických prostředků","Prezenční listina 25. 6. 2019","https://ppo.mzcr.cz/upload/files/4-jednani-komise-25-6-2019-prezencni-listina-25-6-2019-61964b5f5b4cc.pdf",1347447
121,"Komise pro kategorizaci a úhradovou regulaci zdravotnických prostředků","Zápis 25. 6. 2019","https://ppo.mzcr.cz/upload/files/4-jednani-komise-25-6-2019-zapis-25-6-2019-61964b5f5fcd5.pdf",471813
121,"Komise pro kategorizaci a úhradovou regulaci zdravotnických prostředků","Doplnění k zápisu 25. 6. 2019 - VZP a SZP odsouhlasili návrh DUPV","https://ppo.mzcr.cz/upload/files/4-jednani-komise-25-6-2019-doplneni-k-zapisu-25-6-2019-vzp-a-szp-odsouhlasili-navrh-dupv-61964b5f6793c.xlsx",14008
121,"Komise pro kategorizaci a úhradovou regulaci zdravotnických prostředků","Program 25. 6. 2019","https://ppo.mzcr.cz/upload/files/4-jednani-komise-25-6-2019-program-25-6-2019-61964b5f6891e.pdf",168569
121,"Komise pro kategorizaci a úhradovou regulaci zdravotnických prostředků","Podklady - nové návrhy 27-32/19 N","https://ppo.mzcr.cz/upload/files/4-jednani-komise-25-6-2019-podklady-nove-navrhy-27-32-19-n-61964b5f69f4e.zip",7848843
121,"Komise pro kategorizaci a úhradovou regulaci zdravotnických prostředků","Podklady - změnové návrhy (2. projednání)","https://ppo.mzcr.cz/upload/files/4-jednani-komise-25-6-2019-podklady-zmenove-navrhy-2-projednani-61964b5f6d147.zip",1492337
121,"Komise pro kategorizaci a úhradovou regulaci zdravotnických prostředků","Podklady - různé 16+17/19 N","https://ppo.mzcr.cz/upload/files/4-jednani-komise-25-6-2019-podklady-ruzne-16-17-19-n-61964b5f536be.zip",3956831
121,"Komise pro kategorizaci a úhradovou regulaci zdravotnických prostředků","Podklady - různé 21/19 N+Z(2.)","https://ppo.mzcr.cz/upload/files/4-jednani-komise-25-6-2019-podklady-ruzne-21-19-n-z-2-61964b5f56d26.zip",9942150
121,"Komise pro kategorizaci a úhradovou regulaci zdravotnických prostředků","Podklady - různé 33/19 N","https://ppo.mzcr.cz/upload/files/4-jednani-komise-25-6-2019-podklady-ruzne-33-19-n-61964b5f4e23b.zip",6384353
121,"Komise pro kategorizaci a úhradovou regulaci zdravotnických prostředků","Podklady - nekategorizované 50 % N 12/19","https://ppo.mzcr.cz/upload/files/4-jednani-komise-25-6-2019-podklady-nekategorizovane-50-n-12-19-61964b5f712e4.zip",8682622
121,"Komise pro kategorizaci a úhradovou regulaci zdravotnických prostředků","Podklady - nekategorizované 50 % N 13/19","https://ppo.mzcr.cz/upload/files/4-jednani-komise-25-6-2019-podklady-nekategorizovane-50-n-13-19-61964b5f75f03.zip",7477917
121,"Komise pro kategorizaci a úhradovou regulaci zdravotnických prostředků","Podklady - nekategorizované 50 % N 14/19","https://ppo.mzcr.cz/upload/files/4-jednani-komise-25-6-2019-podklady-nekategorizovane-50-n-14-19-61964b5f61f8b.zip",7778404
121,"Komise pro kategorizaci a úhradovou regulaci zdravotnických prostředků","Podklady - nekategorizované 50 % N 15/19","https://ppo.mzcr.cz/upload/files/4-jednani-komise-25-6-2019-podklady-nekategorizovane-50-n-15-19-61964b5f7937a.zip",6581188
121,"Komise pro kategorizaci a úhradovou regulaci zdravotnických prostředků","Podklady - nekategorizované 50 % N 16/19","https://ppo.mzcr.cz/upload/files/4-jednani-komise-25-6-2019-podklady-nekategorizovane-50-n-16-19-61964b5f7d863.zip",9179547
121,"Komise pro kategorizaci a úhradovou regulaci zdravotnických prostředků","Podklady - nekategorizované 50 % N 17+18/19","https://ppo.mzcr.cz/upload/files/4-jednani-komise-25-6-2019-podklady-nekategorizovane-50-n-17-18-19-61964b5f822fc.zip",8123519
121,"Komise pro kategorizaci a úhradovou regulaci zdravotnických prostředků","Podklady - nekategorizované 50 % N 19+20/19","https://ppo.mzcr.cz/upload/files/4-jednani-komise-25-6-2019-podklady-nekategorizovane-50-n-19-20-19-61964b5f86844.zip",3269016
121,"Komise pro kategorizaci a úhradovou regulaci zdravotnických prostředků","Podklady - nekategorizované 50 % N 21/19","https://ppo.mzcr.cz/upload/files/4-jednani-komise-25-6-2019-podklady-nekategorizovane-50-n-21-19-61964b5f8a753.zip",8304596
121,"Komise pro kategorizaci a úhradovou regulaci zdravotnických prostředků","Podklady - nekategorizované 50 % N 22/19","https://ppo.mzcr.cz/upload/files/4-jednani-komise-25-6-2019-podklady-nekategorizovane-50-n-22-19-61964b5f8d46e.zip",8130883
121,"Komise pro kategorizaci a úhradovou regulaci zdravotnických prostředků","Podklady - nekategorizované 50 % N 23/19","https://ppo.mzcr.cz/upload/files/4-jednani-komise-25-6-2019-podklady-nekategorizovane-50-n-23-19-61964b5f919a7.zip",5529416
121,"Komise pro kategorizaci a úhradovou regulaci zdravotnických prostředků","Prezenční listina","https://ppo.mzcr.cz/upload/files/5-jednani-komise-18-9-2019-prezencni-listina-61964b6ce4cee.pdf",1099326
121,"Komise pro kategorizaci a úhradovou regulaci zdravotnických prostředků","Zápis 18. 9. 2019 (aktualizováno ORL)","https://ppo.mzcr.cz/upload/files/5-jednani-komise-18-9-2019-zapis-18-9-2019-aktualizovano-orl-61964b6ce8c0b.pdf",413064
121,"Komise pro kategorizaci a úhradovou regulaci zdravotnických prostředků","Program 18. 9. 2019","https://ppo.mzcr.cz/upload/files/5-jednani-komise-18-9-2019-program-18-9-2019-61964b6ceaf92.pdf",168594
121,"Komise pro kategorizaci a úhradovou regulaci zdravotnických prostředků","Prezentace k jednání (SÚKL, prof. Chrobok)","https://ppo.mzcr.cz/upload/files/5-jednani-komise-18-9-2019-prezentace-k-jednani-sukl-prof-chrobok-61964b6cd6c6b.zip",1039406
121,"Komise pro kategorizaci a úhradovou regulaci zdravotnických prostředků","Podklady 34-36/19","https://ppo.mzcr.cz/upload/files/5-jednani-komise-18-9-2019-podklady-34-36-19-61964b6cdc63b.zip",8584211
121,"Komise pro kategorizaci a úhradovou regulaci zdravotnických prostředků","Podklady 23/19 Z; 37-39/19; zápis MPSV","https://ppo.mzcr.cz/upload/files/5-jednani-komise-18-9-2019-podklady-23-19-z-37-39-19-zapis-mpsv-61964b6ce0b8a.zip",4133680
121,"Komise pro kategorizaci a úhradovou regulaci zdravotnických prostředků","Program","https://ppo.mzcr.cz/upload/files/6-jednani-komise-23-1-2020-program-61964b7a5f74c.pdf",200943
121,"Komise pro kategorizaci a úhradovou regulaci zdravotnických prostředků","Podklady","https://ppo.mzcr.cz/upload/files/6-jednani-komise-23-1-2020-podklady-61964b7a61eba.zip",1181492
121,"Komise pro kategorizaci a úhradovou regulaci zdravotnických prostředků","Prim. Moses - výsledná stupnice k hodnocení rizika dekubitů","https://ppo.mzcr.cz/upload/files/6-jednani-komise-23-1-2020-prim-moses-vysledna-stupnice-k-hodnoceni-rizika-dekubitu-61964b7a753d0.docx",17202
121,"Komise pro kategorizaci a úhradovou regulaci zdravotnických prostředků","50% N1/20 Crespine gel","https://ppo.mzcr.cz/upload/files/6-jednani-komise-23-1-2020-50-n1-20-crespine-gel-61964b7a66930.zip",1992349
121,"Komise pro kategorizaci a úhradovou regulaci zdravotnických prostředků","50% N2/20 Crespine gel plus","https://ppo.mzcr.cz/upload/files/6-jednani-komise-23-1-2020-50-n2-20-crespine-gel-plus-61964b7a6aeae.zip",1994468
121,"Komise pro kategorizaci a úhradovou regulaci zdravotnických prostředků","Prezenční listina 23. 1. 2020","https://ppo.mzcr.cz/upload/files/6-jednani-komise-23-1-2020-prezencni-listina-23-1-2020-61964b7a6f125.pdf",1044073
121,"Komise pro kategorizaci a úhradovou regulaci zdravotnických prostředků","Zápis 23. 1. 2020","https://ppo.mzcr.cz/upload/files/6-jednani-komise-23-1-2020-zapis-23-1-2020-61964b7a72cab.pdf",482624
121,"Komise pro kategorizaci a úhradovou regulaci zdravotnických prostředků","Dodatečné podklady k diskuzi","https://ppo.mzcr.cz/upload/files/6-jednani-komise-23-1-2020-dodatecne-podklady-k-diskuzi-61964b7a76215.zip",3704898
121,"Komise pro kategorizaci a úhradovou regulaci zdravotnických prostředků","Doplnění k zápisu ORL - formální změny","https://ppo.mzcr.cz/upload/files/6-jednani-komise-23-1-2020-doplneni-k-zapisu-orl-formalni-zmeny-61964b7a7a48b.pdf",186521
121,"Komise pro kategorizaci a úhradovou regulaci zdravotnických prostředků","Podklady 3-13/20","https://ppo.mzcr.cz/upload/files/7-jednani-komise-22-4-2020-per-rollam-podklady-3-13-20-61964bd6426c3.zip",4032988
121,"Komise pro kategorizaci a úhradovou regulaci zdravotnických prostředků","Seznam podkladů k jednání per rollam","https://ppo.mzcr.cz/upload/files/7-jednani-komise-22-4-2020-per-rollam-seznam-podkladu-k-jednani-per-rollam-61964bd646c6f.docx",50855
121,"Komise pro kategorizaci a úhradovou regulaci zdravotnických prostředků","50 % 3/20 Hyruan one","https://ppo.mzcr.cz/upload/files/7-jednani-komise-22-4-2020-per-rollam-50-3-20-hyruan-one-61964bd6476bc.zip",4912177
121,"Komise pro kategorizaci a úhradovou regulaci zdravotnických prostředků","6/20 stanovisko předsednictva ČLS JEP k ORT","https://ppo.mzcr.cz/upload/files/7-jednani-komise-22-4-2020-per-rollam-6-20-stanovisko-predsednictva-cls-jep-k-ort-61964bd64bd78.pdf",172773
121,"Komise pro kategorizaci a úhradovou regulaci zdravotnických prostředků","Zápis z jednání per rollam duben 2020","https://ppo.mzcr.cz/upload/files/7-jednani-komise-22-4-2020-per-rollam-zapis-z-jednani-per-rollam-duben-2020-61964bd64a37d.pdf",565149
121,"Komise pro kategorizaci a úhradovou regulaci zdravotnických prostředků","Seznam návrhů k jednání per rollam","https://ppo.mzcr.cz/upload/files/8-jednani-komise-15-10-2020-per-rollam-seznam-navrhu-k-jednani-per-rollam-61964c51c4827.pdf",114246
121,"Komise pro kategorizaci a úhradovou regulaci zdravotnických prostředků","Podklady říjen 2020","https://ppo.mzcr.cz/upload/files/8-jednani-komise-15-10-2020-per-rollam-podklady-rijen-2020-61964c51c70b7.zip",5218464
121,"Komise pro kategorizaci a úhradovou regulaci zdravotnických prostředků","50 % 27_20 Joyflex One","https://ppo.mzcr.cz/upload/files/8-jednani-komise-15-10-2020-per-rollam-50-27-20-joyflex-one-61964c51cc0e2.zip",7624523
121,"Komise pro kategorizaci a úhradovou regulaci zdravotnických prostředků","Zápis z jednání per rollam říjen 2020","https://ppo.mzcr.cz/upload/files/8-jednani-komise-15-10-2020-per-rollam-zapis-z-jednani-per-rollam-rijen-2020-61964c51d042b.pdf",334411
121,"Komise pro kategorizaci a úhradovou regulaci zdravotnických prostředků","50 % 1/21 Joyflex 2 %","https://ppo.mzcr.cz/upload/files/9-jednani-komise-13-7-2021-per-rollam-50-1-21-joyflex-2-61964cb1adec4.zip",3814889
121,"Komise pro kategorizaci a úhradovou regulaci zdravotnických prostředků","Zápis z jednání per rollam červenec 2021","https://ppo.mzcr.cz/upload/files/9-jednani-komise-13-7-2021-per-rollam-zapis-z-jednani-per-rollam-cervenec-2021-61964cb1b4f4a.pdf",242706
121,"Komise pro kategorizaci a úhradovou regulaci zdravotnických prostředků","Jednání zrušeno - nezaslán žádný návrh k projednání","https://ppo.mzcr.cz/upload/files/10-jednani-komise-13-10-2021-jednani-zruseno-nezaslan-zadny-navrh-k-projednani-61964cf676f34.pdf",102263
121,"Komise pro kategorizaci a úhradovou regulaci zdravotnických prostředků","Seznam návrhů a žádostí listopad 2021 per rollam","https://ppo.mzcr.cz/upload/files/11-jednani-komise-30-11-2021-per-rollam-seznam-navrhu-a-zadosti-listopad-2021-per-rollam-61964cdfc3cf1.pdf",215642
121,"Komise pro kategorizaci a úhradovou regulaci zdravotnických prostředků","Podklady k vyjádření členů Komise","https://ppo.mzcr.cz/upload/files/11-jednani-komise-30-11-2021-per-rollam-podklady-k-vyjadreni-clenu-komise-61964cdfbf392.zip",12601941
121,"Komise pro kategorizaci a úhradovou regulaci zdravotnických prostředků","Podklady pro informaci","https://ppo.mzcr.cz/upload/files/11-jednani-komise-30-11-2021-per-rollam-podklady-pro-informaci-61964cdfc4be2.zip",4122022
121,"Komise pro kategorizaci a úhradovou regulaci zdravotnických prostředků","Zápis z jednání per rollam listopad 2021","https://ppo.mzcr.cz/upload/files/11-jednani-komise-30-11-2021-per-rollam-zapis-z-jednani-per-rollam-listopad-2021-61bb3bd9df10b.pdf",519088
121,"Komise pro kategorizaci a úhradovou regulaci zdravotnických prostředků","podklady Z1/22 (MZDR 17605/2022)","https://ppo.mzcr.cz/upload/files/12-jednani-komise-2-11-2022-podklady-z1-22-mzdr-17605-2022-63f373d629f81.zip",1314390
121,"Komise pro kategorizaci a úhradovou regulaci zdravotnických prostředků","podklady Z2/22 (MZDR 30461/2022)","https://ppo.mzcr.cz/upload/files/12-jednani-komise-2-11-2022-podklady-z2-22-mzdr-30461-2022-63f374408ab56.zip",809109
121,"Komise pro kategorizaci a úhradovou regulaci zdravotnických prostředků","podklady N1/22 (MZDR 29422/2022)","https://ppo.mzcr.cz/upload/files/12-jednani-komise-2-11-2022-podklady-n1-22-mzdr-29422-2022-63f3744a35543.zip",2557705
121,"Komise pro kategorizaci a úhradovou regulaci zdravotnických prostředků","podklady N2/22 (MZDR 30459/2022)","https://ppo.mzcr.cz/upload/files/12-jednani-komise-2-11-2022-podklady-n2-22-mzdr-30459-2022-63f3745b87ca5.zip",10577591
121,"Komise pro kategorizaci a úhradovou regulaci zdravotnických prostředků","podklady N3/22 (MZDR 30460/2022)","https://ppo.mzcr.cz/upload/files/12-jednani-komise-2-11-2022-podklady-n3-22-mzdr-30460-2022-63f3746c61fba.zip",1301294
121,"Komise pro kategorizaci a úhradovou regulaci zdravotnických prostředků","Příloha č.3 - Interpunkční novela","https://ppo.mzcr.cz/upload/files/12-jednani-komise-2-11-2022-priloha-c-3-interpunkcni-novela-634db813c2b35.doc",2297344
121,"Komise pro kategorizaci a úhradovou regulaci zdravotnických prostředků","Zápis z jednání Komise 2. 11. 2022","https://ppo.mzcr.cz/upload/files/12-jednani-komise-2-11-2022-zapis-z-jednani-komise-2-11-2022-64393d7a3e712.pdf",730638
121,"Komise pro kategorizaci a úhradovou regulaci zdravotnických prostředků","Kompletní návrhy","https://ppo.mzcr.cz/upload/files/13-jednani-komise-9-3-2023-kompletni-navrhy-63f7661a88384.zip",27077772
121,"Komise pro kategorizaci a úhradovou regulaci zdravotnických prostředků","Nekompletní návrhy (ke 23. 2. 2023)","https://ppo.mzcr.cz/upload/files/13-jednani-komise-9-3-2023-nekompletni-navrhy-ke-23-2-2023-63f7b33e798c9.zip",4429815
121,"Komise pro kategorizaci a úhradovou regulaci zdravotnických prostředků","Nekompletní návrhy - aktualizované","https://ppo.mzcr.cz/upload/files/13-jednani-komise-9-3-2023-nekompletni-navrhy-aktualizovane-642d4d291bf55.zip",2415763
121,"Komise pro kategorizaci a úhradovou regulaci zdravotnických prostředků","N1 2023 mobilizační podprsenka - aktualizované","https://ppo.mzcr.cz/upload/files/13-jednani-komise-9-3-2023-n1-2023-mobilizacni-podprsenka-aktualizovane-642d523c84940.zip",3788891
121,"Komise pro kategorizaci a úhradovou regulaci zdravotnických prostředků","Zápis z 13. jednání Komise 9. 3. 2023","https://ppo.mzcr.cz/upload/files/13-jednani-komise-9-3-2023-zapis-z-13-jednani-komise-9-3-2023-6465eac36e65e.pdf",1042790
121,"Komise pro kategorizaci a úhradovou regulaci zdravotnických prostředků","Zápis z hlasování - interpunkční novela přílohy č.3 zákona č.48/1997 Sb.","https://ppo.mzcr.cz/upload/files/interpunkcni-novela-kategorizacni-strom-zp-per-rollam-zapis-z-hlasovani-interpunkcni-novela-prilohy-c-3-zakona-c-48-1997-sb-6548fc3a50b43.pdf",218530
121,"Komise pro kategorizaci a úhradovou regulaci zdravotnických prostředků","Jednání ZRUŠENO - MZ neobdrželo žádné návrhy ani žádosti","https://ppo.mzcr.cz/upload/files/14-jednani-komise-22-6-2023-jednani-zruseno-mz-neobdrzelo-zadne-navrhy-ani-zadosti-6548fc84dc02e.pdf",431383
121,"Komise pro kategorizaci a úhradovou regulaci zdravotnických prostředků","Kompletní návrhy 5.10.2023","https://ppo.mzcr.cz/upload/files/15-jednani-komise-5-10-2023-kompletni-navrhy-5-10-2023-6548fcf354a27.zip",15085292
121,"Komise pro kategorizaci a úhradovou regulaci zdravotnických prostředků","Nekompletní návrh 5.10.2023","https://ppo.mzcr.cz/upload/files/15-jednani-komise-5-10-2023-nekompletni-navrh-5-10-2023-6548fd15a7cc9.zip",15558597
121,"Komise pro kategorizaci a úhradovou regulaci zdravotnických prostředků","Zápis z 15. jednání Komise 5. 10. 2023_změna termínu další Komise","https://ppo.mzcr.cz/upload/files/15-jednani-komise-5-10-2023-zapis-z-15-jednani-komise-5-10-2023-zmena-terminu-dalsi-komise-65a822c461f06.pdf",126728
121,"Komise pro kategorizaci a úhradovou regulaci zdravotnických prostředků","Podklady k jednání","https://ppo.mzcr.cz/upload/files/16-jednani-komise-31-1-2024-podklady-k-jednani-65a81fbb4921e.zip",8343168
121,"Komise pro kategorizaci a úhradovou regulaci zdravotnických prostředků","Zápis ze 16. jednání Komise 31. 1. 2024","https://ppo.mzcr.cz/upload/files/16-jednani-komise-31-1-2024-zapis-ze-16-jednani-komise-31-1-2024-65eb08d457e95.pdf",857009
121,"Komise pro kategorizaci a úhradovou regulaci zdravotnických prostředků","UHS 04.06.01.03 Rozšíření preskripce o PRL-podklady","https://ppo.mzcr.cz/upload/files/mammarni-epitezy-per-rollam-uhs-04-06-01-03-rozsireni-preskripce-o-prl-podklady-660189630c65e.zip",2201284
121,"Komise pro kategorizaci a úhradovou regulaci zdravotnických prostředků","Podklady k jednání","https://ppo.mzcr.cz/upload/files/17-jednani-komise-24-4-2024-podklady-k-jednani-6616a54f82234.zip",21184232
121,"Komise pro kategorizaci a úhradovou regulaci zdravotnických prostředků","Doplnění k podáním","https://ppo.mzcr.cz/upload/files/17-jednani-komise-24-4-2024-doplneni-k-podanim-661e658097449.zip",267224
121,"Komise pro kategorizaci a úhradovou regulaci zdravotnických prostředků","Zápis ze 17. jednání Komise 24. 4. 2024","https://ppo.mzcr.cz/upload/files/17-jednani-komise-24-4-2024-zapis-ze-17-jednani-komise-24-4-2024-668e63a497fbf.pdf",351690
121,"Komise pro kategorizaci a úhradovou regulaci zdravotnických prostředků","Quickclean_podklady","https://ppo.mzcr.cz/upload/files/zp-quickclean-souhlas-mz-se-zarazenim-mezi-nekategorizovane-zp-per-rollam-quickclean-podklady-668e64ab0d987.zip",6656418
121,"Komise pro kategorizaci a úhradovou regulaci zdravotnických prostředků","Zápis z hlasování","https://ppo.mzcr.cz/upload/files/zp-quickclean-souhlas-mz-se-zarazenim-mezi-nekategorizovane-zp-per-rollam-zapis-z-hlasovani-668e64ab13235.pdf",174128
121,"Komise pro kategorizaci a úhradovou regulaci zdravotnických prostředků","Jednání ZRUŠENO - MZ neobdrželo žádné návrhy ani žádosti","https://ppo.mzcr.cz/upload/files/18-jednani-komise-26-6-2024-jednani-zruseno-mz-neobdrzelo-zadne-navrhy-ani-zadosti-66a8addc6bd7e.docx",41906
121,"Komise pro kategorizaci a úhradovou regulaci zdravotnických prostředků","Zápis z jednání Komise dne 11. 3. 2025","https://ppo.mzcr.cz/upload/files/jednani-komise-dne-11-3-2025-zapis-z-jednani-komise-dne-11-3-2025-67ef8ea0a630b.pdf",254339
121,"Komise pro kategorizaci a úhradovou regulaci zdravotnických prostředků","Podkladové materiály","https://ppo.mzcr.cz/upload/files/jednani-komise-dne-11-3-2025-podkladove-materialy-67ef903546c8f.zip",22289804
121,"Komise pro kategorizaci a úhradovou regulaci zdravotnických prostředků","Zápis z jednání Komise dne 4. 12. 2025","https://ppo.mzcr.cz/upload/files/jednani-komise-dne-4-12-2025-zapis-z-jednani-komise-dne-4-12-2025-6967525ad39b9.pdf",229345
121,"Komise pro kategorizaci a úhradovou regulaci zdravotnických prostředků","Podkladové dokumenty","https://ppo.mzcr.cz/upload/files/jednani-komise-dne-4-12-2025-podkladove-dokumenty-6967528c534e4.zip",3287043
121,"Komise pro kategorizaci a úhradovou regulaci zdravotnických prostředků","Zápis z jednání Komise dne 19. 3. 2026","https://ppo.mzcr.cz/upload/files/jednani-komise-dne-19-3-2026-zapis-z-jednani-komise-dne-19-3-2026-69d8ef7348be0.pdf",298234
121,"Komise pro kategorizaci a úhradovou regulaci zdravotnických prostředků","Podkladové dokumenty","https://ppo.mzcr.cz/upload/files/jednani-komise-dne-19-3-2026-podkladove-dokumenty-69d8ef4f7e06f.zip",9511821
131,"Řídící rada pro implementaci CZ-DRG do resortu zdravotnictví","Statut a jednací řád Řídící rady pro implementaci CZ-DRG do resortu zdravotnictví","https://ppo.mzcr.cz/upload/files/prikaz-ministra-2018-26-ridici-rada-cz-drg-statut-a-jednaci-rad-ridici-rady-pro-implementaci-cz-drg-do-resortu-zdravotnictvi-5ccabbbb5e7b6.pdf",2285294
141,"Pracovní skupina pro rozvoj a implementaci mezinárodních principů na podporu zdraví do systémů řízení kvality ve zdravotnických zařízeních","Zápis PSRIPZ_26.05.2025","https://ppo.mzcr.cz/upload/files/zapisy-z-jednani-zapis-psripz-26-05-2025-6a293b7689b88.pdf",399016
141,"Pracovní skupina pro rozvoj a implementaci mezinárodních principů na podporu zdraví do systémů řízení kvality ve zdravotnických zařízeních","Zápis PSRIPZ_20.10.2025","https://ppo.mzcr.cz/upload/files/zapisy-z-jednani-zapis-psripz-20-10-2025-6a293b704046e.pdf",303487
141,"Pracovní skupina pro rozvoj a implementaci mezinárodních principů na podporu zdraví do systémů řízení kvality ve zdravotnických zařízeních","Zřizovací dekret Pracovní skupiny pro rozvoj a implementaci mezinárodních principů na podporu zdraví do systémů řízení kvality ve zdravotnických zařízeních (PSRIPZ)","https://ppo.mzcr.cz/upload/files/statut-a-jednaci-rad-pracovni-skupiny-zrizovaci-dekret-pracovni-skupiny-pro-rozvoj-a-implementaci-mezinarodnich-principu-na-podporu-zdravi-do-systemu-rizeni-kvality-ve-zdravotnickych-zarizenich-psripz-6a293ad3c092b.pdf",252344
148,"Pracovní skupina pro metodické řízení poskytovatelů zdravotnických záchranných služeb","Zápis z 1. jednání","https://ppo.mzcr.cz/upload/files/zapisy-zapis-z-1-jednani-5fa3b4bcc5604.docx",22494
148,"Pracovní skupina pro metodické řízení poskytovatelů zdravotnických záchranných služeb","Zápis z 1. jednání obnovené PS 23022026","https://ppo.mzcr.cz/upload/files/zapisy-zapis-z-1-jednani-obnovene-ps-23022026-6a3291feb6d32.pdf",155338
155,"Pracovní skupina pro dětskou a dorostovou psychiatrii","Zápis z jednání PS DDP ze dne 18. 3. 2021","https://ppo.mzcr.cz/upload/files/zapisy-z-jednani-zapis-z-jednani-ps-ddp-ze-dne-18-3-2021-60c0cd1c4741e.pdf",124998
155,"Pracovní skupina pro dětskou a dorostovou psychiatrii","Zápis z jednání PS DDP ze dne 18. 5. 2021","https://ppo.mzcr.cz/upload/files/zapisy-z-jednani-zapis-z-jednani-ps-ddp-ze-dne-18-5-2021-60c0cd2d93939.pdf",94996
155,"Pracovní skupina pro dětskou a dorostovou psychiatrii","Zápis z jednání PS DDP ze dne 2. 9. 2021","https://ppo.mzcr.cz/upload/files/zapisy-z-jednani-zapis-z-jednani-ps-ddp-ze-dne-2-9-2021-615c60113fa5b.pdf",101537
155,"Pracovní skupina pro dětskou a dorostovou psychiatrii","Zápis z jednání PS DDP ze dne 21. 10. 2021","https://ppo.mzcr.cz/upload/files/zapisy-z-jednani-zapis-z-jednani-ps-ddp-ze-dne-21-10-2021-619164631b933.pdf",118006
155,"Pracovní skupina pro dětskou a dorostovou psychiatrii","Zápis z jednání PS DDP ze dne 3. 2. 2022","https://ppo.mzcr.cz/upload/files/zapisy-z-jednani-zapis-z-jednani-ps-ddp-ze-dne-3-2-2022-6220d9c4a6c68.pdf",223875
155,"Pracovní skupina pro dětskou a dorostovou psychiatrii","Zápis z jednání PS DDP ze dne 3. 3. 2022","https://ppo.mzcr.cz/upload/files/zapisy-z-jednani-zapis-z-jednani-ps-ddp-ze-dne-3-3-2022-626153ae81699.pdf",197033
155,"Pracovní skupina pro dětskou a dorostovou psychiatrii","Zápis z jednání PS DDP ze dne 14. 4. 2022","https://ppo.mzcr.cz/upload/files/zapisy-z-jednani-zapis-z-jednani-ps-ddp-ze-dne-14-4-2022-62bb1e7d28a6b.pdf",135449
155,"Pracovní skupina pro dětskou a dorostovou psychiatrii","Zápis z jednání PS DDP ze dne 12. 5. 2022","https://ppo.mzcr.cz/upload/files/zapisy-z-jednani-zapis-z-jednani-ps-ddp-ze-dne-12-5-2022-62bb1eb078852.pdf",136509
155,"Pracovní skupina pro dětskou a dorostovou psychiatrii","Zápis z jednání PS DDP ze dne 23. 6. 2022","https://ppo.mzcr.cz/upload/files/zapisy-z-jednani-za-pis-z-jednani-ps-ddp-ze-dne-23-6-2022-6540c84368504.pdf",136128
155,"Pracovní skupina pro dětskou a dorostovou psychiatrii","Zápis z jednání PS DDP ze dne 8. 9. 2022","https://ppo.mzcr.cz/upload/files/zapisy-z-jednani-zapis-z-jednani-ps-ddp-ze-dne-8-9-2022-655526b6ca20b.pdf",152329
155,"Pracovní skupina pro dětskou a dorostovou psychiatrii","Zápis z jednání PS DDP ze dne 11. 10. 2022","https://ppo.mzcr.cz/upload/files/zapisy-z-jednani-zapis-z-jednani-ps-ddp-ze-dne-11-10-2022-6555270c2feb9.pdf",150792
155,"Pracovní skupina pro dětskou a dorostovou psychiatrii","Zápis z jednání PS DDP ze dne 15. 12. 2022","https://ppo.mzcr.cz/upload/files/zapisy-z-jednani-zapis-z-jednani-ps-ddp-ze-dne-15-12-2022-6555273bd59b7.pdf",165124
155,"Pracovní skupina pro dětskou a dorostovou psychiatrii","Zápis z jednání PS DDP ze dne 18. 4. 2023","https://ppo.mzcr.cz/upload/files/zapisy-z-jednani-zapis-z-jednani-ps-ddp-ze-dne-18-4-2023-65552797dc979.pdf",190526
155,"Pracovní skupina pro dětskou a dorostovou psychiatrii","Zápis z jednání PS DDP ze dne 11. 5. 2023","https://ppo.mzcr.cz/upload/files/zapisy-z-jednani-zapis-z-jednani-ps-ddp-ze-dne-11-5-2023-655527c0ddd68.pdf",136681
155,"Pracovní skupina pro dětskou a dorostovou psychiatrii","Zápis z jednání PS DDP ze dne 8. 6. 2023","https://ppo.mzcr.cz/upload/files/zapisy-z-jednani-zapis-z-jednani-ps-ddp-ze-dne-8-6-2023-655527df0ff33.pdf",149387
155,"Pracovní skupina pro dětskou a dorostovou psychiatrii","Zápis z jednání PS DDP ze dne 5. 10. 2023","https://ppo.mzcr.cz/upload/files/zapisy-z-jednani-zapis-z-jednani-ps-ddp-ze-dne-5-10-2023-6555280a12e15.pdf",171747
155,"Pracovní skupina pro dětskou a dorostovou psychiatrii","Zápis z jednání PS DDP ze dne 23. 11. 2023","https://ppo.mzcr.cz/upload/files/zapisy-z-jednani-zapis-z-jednani-ps-ddp-ze-dne-23-11-2023-65c10a4e7b7f8.pdf",186060
155,"Pracovní skupina pro dětskou a dorostovou psychiatrii","Zápis z jednání PS DDP ze dne 18. 1. 2024","https://ppo.mzcr.cz/upload/files/zapisy-z-jednani-zapis-z-jednani-ps-ddp-ze-dne-18-1-2024-669aaa36c92ac.docx",21701
155,"Pracovní skupina pro dětskou a dorostovou psychiatrii","Zápis z jednání PS DDP ze dne 8. 2. 2024","https://ppo.mzcr.cz/upload/files/zapisy-z-jednani-zapis-z-jednani-ps-ddp-ze-dne-8-2-2024-669aaa4d6b83c.docx",19780
155,"Pracovní skupina pro dětskou a dorostovou psychiatrii","Zápis z jednání PS DDP ze dne 21. 3. 2024","https://ppo.mzcr.cz/upload/files/zapisy-z-jednani-zapis-z-jednani-ps-ddp-ze-dne-21-3-2024-669aaa5f55b7b.docx",21532
155,"Pracovní skupina pro dětskou a dorostovou psychiatrii","Zápis z jednání PS DDP ze dne 11. 4. 2024","https://ppo.mzcr.cz/upload/files/zapisy-z-jednani-zapis-z-jednani-ps-ddp-ze-dne-11-4-2024-669aaa6fbfb6f.docx",24673
155,"Pracovní skupina pro dětskou a dorostovou psychiatrii","Zápis z jednání PS DDP ze dne 9. 5. 2024","https://ppo.mzcr.cz/upload/files/zapisy-z-jednani-zapis-z-jednani-ps-ddp-ze-dne-9-5-2024-669aaa7ee09ea.docx",17682
155,"Pracovní skupina pro dětskou a dorostovou psychiatrii","Zápis z jednání PS DDP ze dne 13. 6. 2024","https://ppo.mzcr.cz/upload/files/zapisy-z-jednani-zapis-z-jednani-ps-ddp-ze-dne-13-6-2024-669aaa8d9870f.docx",25889
155,"Pracovní skupina pro dětskou a dorostovou psychiatrii","Zápis z jednání PS DDP ze dne 12. 9. 2024","https://ppo.mzcr.cz/upload/files/zapisy-z-jednani-zapis-z-jednani-ps-ddp-ze-dne-12-9-2024-6891d69e8be2b.docx",24714
155,"Pracovní skupina pro dětskou a dorostovou psychiatrii","Zápis z jednání PS DDP ze dne 17. 10. 2024","https://ppo.mzcr.cz/upload/files/zapisy-z-jednani-zapis-z-jednani-ps-ddp-ze-dne-17-10-2024-6891d6bd950b7.docx",18831
155,"Pracovní skupina pro dětskou a dorostovou psychiatrii","Zápis z jednání PS DDP ze dne 21. 11. 2024","https://ppo.mzcr.cz/upload/files/zapisy-z-jednani-zapis-z-jednani-ps-ddp-ze-dne-21-11-2024-6891d6d3615a8.docx",21054
155,"Pracovní skupina pro dětskou a dorostovou psychiatrii","Zápis z jednání PS DDP ze dne 19. 12. 2024","https://ppo.mzcr.cz/upload/files/zapisy-z-jednani-zapis-z-jednani-ps-ddp-ze-dne-19-12-2024-6891d6ebd5416.docx",21988
155,"Pracovní skupina pro dětskou a dorostovou psychiatrii","Zápis z jednání PS DDP ze dne 16. 1. 2025","https://ppo.mzcr.cz/upload/files/zapisy-z-jednani-zapis-z-jednani-ps-ddp-ze-dne-16-1-2025-68a6e12c23d9b.docx",25180
155,"Pracovní skupina pro dětskou a dorostovou psychiatrii","Zápis z jednání PS DDP ze dne 20. 2. 2025","https://ppo.mzcr.cz/upload/files/zapisy-z-jednani-zapis-z-jednani-ps-ddp-ze-dne-20-2-2025-68a6e15331da6.docx",22151
155,"Pracovní skupina pro dětskou a dorostovou psychiatrii","Zápis z jednání PS DDP ze dne 20. 3. 2025","https://ppo.mzcr.cz/upload/files/zapisy-z-jednani-zapis-z-jednani-ps-ddp-ze-dne-20-3-2025-68a6e1730d5b0.docx",20005
155,"Pracovní skupina pro dětskou a dorostovou psychiatrii","Zápis z jednání PS DDP ze dne 24. 4. 2025","https://ppo.mzcr.cz/upload/files/zapisy-z-jednani-zapis-z-jednani-ps-ddp-ze-dne-24-4-2025-68a6e1902c6bf.docx",19218
155,"Pracovní skupina pro dětskou a dorostovou psychiatrii","Zápis z jednání PS DDP ze dne 19. 6. 2025","https://ppo.mzcr.cz/upload/files/zapisy-z-jednani-zapis-z-jednani-ps-ddp-ze-dne-19-6-2025-68a6e1aa67a26.docx",25772
155,"Pracovní skupina pro dětskou a dorostovou psychiatrii","Zápis z jednání PS DDP ze dne 16. 10. 2025","https://ppo.mzcr.cz/upload/files/zapisy-z-jednani-zapis-z-jednani-ps-ddp-ze-dne-16-10-2025-69ce2b916c6d7.docx",25470
155,"Pracovní skupina pro dětskou a dorostovou psychiatrii","Zápis z jednání PS DDP ze dne 18. 12. 2025","https://ppo.mzcr.cz/upload/files/zapisy-z-jednani-zapis-z-jednani-ps-ddp-ze-dne-18-12-2025-69ce2bb510b1d.docx",26364
155,"Pracovní skupina pro dětskou a dorostovou psychiatrii","Zápis z jednání PS DDP ze dne 5. 3. 2026","https://ppo.mzcr.cz/upload/files/zapisy-z-jednani-zapis-z-jednani-ps-ddp-ze-dne-5-3-2026-6a1e87787ae2c.docx",28673
155,"Pracovní skupina pro dětskou a dorostovou psychiatrii","Zápis z jednání PS DDP ze dne 16. 4. 2026","https://ppo.mzcr.cz/upload/files/zapisy-z-jednani-zapis-z-jednani-ps-ddp-ze-dne-16-4-2026-6a1e879caf8ef.docx",22774
155,"Pracovní skupina pro dětskou a dorostovou psychiatrii","Statut a Jednací řád PS DDP","https://ppo.mzcr.cz/upload/files/zakladni-dokumenty-statut-a-jednaci-rad-ps-ddp-61c2035dd78ea.pdf",174766
158,"Národní rada pro implementaci Národního onkologického programu","Příkaz ministra č. 34-2021- Statut a jednací řád NRI NOP","https://ppo.mzcr.cz/upload/files/zakladni-dokumenty-prikaz-ministra-c-34-2021-statut-a-jednaci-rad-nri-nop-687f897954e0e.pdf",408219
158,"Národní rada pro implementaci Národního onkologického programu","Dodatek č. 1 k příkazu ministra č. 34-2021","https://ppo.mzcr.cz/upload/files/zakladni-dokumenty-dodatek-c-1-k-prikazu-ministra-c-34-2021-687f89f8d4771.pdf",550045
158,"Národní rada pro implementaci Národního onkologického programu","Zápis z jednání 17. 8. 2021","https://ppo.mzcr.cz/upload/files/zapisy-z-jednani-zapis-z-jednani-17-8-2021-687f96797c873.pdf",131358
158,"Národní rada pro implementaci Národního onkologického programu","Zápis z jednání 12. 10. 2021","https://ppo.mzcr.cz/upload/files/zapisy-z-jednani-zapis-z-jednani-12-10-2021-687f96ba54c21.pdf",117150
158,"Národní rada pro implementaci Národního onkologického programu","Zápis z jednání 3. 11. 2021","https://ppo.mzcr.cz/upload/files/zapisy-z-jednani-zapis-z-jednani-3-11-2021-687f96d90808a.pdf",167626
158,"Národní rada pro implementaci Národního onkologického programu","Zápis z jednání 27. 3. 2024","https://ppo.mzcr.cz/upload/files/zapisy-z-jednani-zapis-z-jednani-27-3-2024-687f96ece4228.pdf",167378
158,"Národní rada pro implementaci Národního onkologického programu","Zápis z jednání 11. 3. 2025","https://ppo.mzcr.cz/upload/files/zapisy-z-jednani-zapis-z-jednani-11-3-2025-68dcd72df3daf.pdf",174658
158,"Národní rada pro implementaci Národního onkologického programu","Zápis z jednání 2. 12. 2025","https://ppo.mzcr.cz/upload/files/zapisy-z-jednani-zapis-z-jednani-2-12-2025-69455a02e8eba.pdf",254337
159,"Mezioborová komise pro vzácná onemocnění","250919 MEKOVO_zápis","https://ppo.mzcr.cz/upload/files/mekovo-zapisy-z-jednani-250919-mekovo-zapis-6a7f0f667f489.pdf",
159,"Mezioborová komise pro vzácná onemocnění","ZDM-31-2026_statut_ jednací řád","https://ppo.mzcr.cz/upload/files/mekovo-zakladni-dokumenty-zdm-31-2026-statut-jednaci-rad-6a7f0f6e16f71.pdf",
164,"Meziresortní pracovní komise pro přípravu a koordinaci zavedení MKN-11 v ČR","Jednací řád Meziresortní pracovní komise pro přípravu a koordinaci zavedení MKN-11 v ČR","https://ppo.mzcr.cz/upload/files/statut-a-jednaci-rad-komise-jednaci-rad-meziresortni-pracovni-komise-pro-pripravu-a-koordinaci-zavedeni-mkn-11-v-cr-61728b728f690.pdf",123250
164,"Meziresortní pracovní komise pro přípravu a koordinaci zavedení MKN-11 v ČR","Statut Meziresortní pracovní komise pro přípravu a koordinaci zavedení MKN-11 v ČR","https://ppo.mzcr.cz/upload/files/statut-a-jednaci-rad-komise-statut-meziresortni-pracovni-komise-pro-pripravu-a-koordinaci-zavedeni-mkn-11-v-cr-61728b69440a0.pdf",143241
164,"Meziresortní pracovní komise pro přípravu a koordinaci zavedení MKN-11 v ČR","Zápis z jednání Meziresortní pracovní komise MKN-11 4. 11. 2021","https://ppo.mzcr.cz/upload/files/zapisy-z-jednani-komise-zapis-z-jednani-meziresortni-pracovni-komise-mkn-11-4-11-2021-61af6a30a8f84.docx",43818
164,"Meziresortní pracovní komise pro přípravu a koordinaci zavedení MKN-11 v ČR","Zápis z jednání Meziresortní pracovní komise MKN-11 20. 9. 2022","https://ppo.mzcr.cz/upload/files/zapisy-z-jednani-komise-zapis-z-jednani-meziresortni-pracovni-komise-mkn-11-20-9-2022-63d935ba67816.pdf",353947
164,"Meziresortní pracovní komise pro přípravu a koordinaci zavedení MKN-11 v ČR","Zápis z jednání Meziresortní pracovní komise MKN-11 14. 12. 2023","https://ppo.mzcr.cz/upload/files/zapisy-z-jednani-komise-zapis-z-jednani-meziresortni-pracovni-komise-mkn-11-14-12-2023-65e5b1531b9af.pdf",286304
166,"Národní rada elektronického zdravotnictví","Zápis NREZ 10.6.2026 draft","https://ppo.mzcr.cz/upload/files/jednani-nrez-10-6-2026-zapis-nrez-10-6-2026-draft-6a3d3670156b8.docx",
166,"Národní rada elektronického zdravotnictví","Prezentace NREZ 10.6.2026","https://ppo.mzcr.cz/upload/files/jednani-nrez-10-6-2026-prezentace-nrez-10-6-2026-6a3d3ec4c53e4.pptx",
166,"Národní rada elektronického zdravotnictví","Zápis NREZ 22.4.2026","https://ppo.mzcr.cz/upload/files/jednani-nrez-22-4-2026-zapis-nrez-22-4-2026-6a05501390948.pdf",325209
166,"Národní rada elektronického zdravotnictví","Prezentace NREZ 22.4.2026","https://ppo.mzcr.cz/upload/files/jednani-nrez-22-4-2026-prezentace-nrez-22-4-2026-6a0550453bab8.pptx",17560981
166,"Národní rada elektronického zdravotnictví","Zápis NREZ 26.2.2026","https://ppo.mzcr.cz/upload/files/jednani-nrez-26-2-2026-zapis-nrez-26-2-2026-69d627afb0218.pdf",394862
166,"Národní rada elektronického zdravotnictví","Prezentace NREZ 26.2.2026","https://ppo.mzcr.cz/upload/files/jednani-nrez-26-2-2026-prezentace-nrez-26-2-2026-69d627c80b7b8.pptx",6538146
166,"Národní rada elektronického zdravotnictví","Zápis NREZ 4.12.2025","https://ppo.mzcr.cz/upload/files/jednani-nrez-4-12-2025-zapis-nrez-4-12-2025-6968fb61b2dbe.pdf",372609
166,"Národní rada elektronického zdravotnictví","Prezentace NREZ 4.12.2025","https://ppo.mzcr.cz/upload/files/jednani-nrez-4-12-2025-prezentace-nrez-4-12-2025-6968fb89237b9.pptx",14235474
166,"Národní rada elektronického zdravotnictví","Zápis NREZ 23.10.2025","https://ppo.mzcr.cz/upload/files/jednani-nrez-23-10-2025-zapis-nrez-23-10-2025-69256e3189b13.pdf",350741
166,"Národní rada elektronického zdravotnictví","Prezentace NREZ 23.10.2025","https://ppo.mzcr.cz/upload/files/jednani-nrez-23-10-2025-prezentace-nrez-23-10-2025-69256e4220653.pdf",8432276
166,"Národní rada elektronického zdravotnictví","Zápis NREZ 18.9.2025","https://ppo.mzcr.cz/upload/files/jednani-nrez-18-9-2025-zapis-nrez-18-9-2025-68ecdbfabc163.pdf",290059
166,"Národní rada elektronického zdravotnictví","Prezentace NREZ 18.9.2025","https://ppo.mzcr.cz/upload/files/jednani-nrez-18-9-2025-prezentace-nrez-18-9-2025-68ecdc1d38a8b.pptx",28107546
166,"Národní rada elektronického zdravotnictví","Zápis NREZ 22.7.2025","https://ppo.mzcr.cz/upload/files/jednani-nrez-22-7-2025-zapis-nrez-22-7-2025-68a2d17462eb5.pdf",315994
166,"Národní rada elektronického zdravotnictví","Prezentace NREZ 22.7.2025","https://ppo.mzcr.cz/upload/files/jednani-nrez-22-7-2025-prezentace-nrez-22-7-2025-68a2d1d20e904.pptx",2881257
166,"Národní rada elektronického zdravotnictví","Zápis NREZ 24.6.2025","https://ppo.mzcr.cz/upload/files/jednani-nrez-24-6-2025-zapis-nrez-24-6-2025-6870edad6db33.pdf",314223
166,"Národní rada elektronického zdravotnictví","Prezentace NREZ 24.6.2025","https://ppo.mzcr.cz/upload/files/jednani-nrez-24-6-2025-prezentace-nrez-24-6-2025-6870edca45eb4.pptx",255910
166,"Národní rada elektronického zdravotnictví","Zápis NREZ 15.5.2025","https://ppo.mzcr.cz/upload/files/jednani-nrez-15-5-2025-zapis-nrez-15-5-2025-68500d55aeef5.pdf",315838
166,"Národní rada elektronického zdravotnictví","Prezentace NREZ 15.5.2025","https://ppo.mzcr.cz/upload/files/jednani-nrez-15-5-2025-prezentace-nrez-15-5-2025-68500da901b14.pdf",587717
166,"Národní rada elektronického zdravotnictví","Prezentace NREZ Aktualizace NSeZ 15.5.2025","https://ppo.mzcr.cz/upload/files/jednani-nrez-15-5-2025-prezentace-nrez-aktualizace-nsez-15-5-2025-68500dc74c79e.pdf",420506
166,"Národní rada elektronického zdravotnictví","Prezentace NREZ EHIC 15.5.2025","https://ppo.mzcr.cz/upload/files/jednani-nrez-15-5-2025-prezentace-nrez-ehic-15-5-2025-68500ddc895e4.pdf",884529
166,"Národní rada elektronického zdravotnictví","Prezentace NREZ Telemedicína průzkum 15.5.2025","https://ppo.mzcr.cz/upload/files/jednani-nrez-15-5-2025-prezentace-nrez-telemedicina-pruzkum-15-5-2025-68500e2813b0d.pdf",456475
166,"Národní rada elektronického zdravotnictví","Zápis NREZ 25.2.2025","https://ppo.mzcr.cz/upload/files/jednani-nrez-25-2-2025-zapis-nrez-25-2-2025-67dd0c63565c3.pdf",339580
166,"Národní rada elektronického zdravotnictví","Prezentace NREZ 25.2.2025","https://ppo.mzcr.cz/upload/files/jednani-nrez-25-2-2025-prezentace-nrez-25-2-2025-67dd0cbb4e017.pdf",5127510
166,"Národní rada elektronického zdravotnictví","Statut a JŘ PS pro telemedicínu","https://ppo.mzcr.cz/upload/files/jednani-nrez-25-2-2025-statut-a-jr-ps-pro-telemedicinu-67dd0cdcd7dc0.pdf",223120
166,"Národní rada elektronického zdravotnictví","Zápis NREZ 26.9.2024","https://ppo.mzcr.cz/upload/files/jednani-nrez-26-9-2024-zapis-nrez-26-9-2024-67c98b2f0895b.pdf",202468
166,"Národní rada elektronického zdravotnictví","Prezentace NREZ 26.9.2024","https://ppo.mzcr.cz/upload/files/jednani-nrez-26-9-2024-prezentace-nrez-26-9-2024-67c98b464a967.pptx",2764440
166,"Národní rada elektronického zdravotnictví","ZDM zřízení NREZ","https://ppo.mzcr.cz/upload/files/jednani-nrez-26-9-2024-zdm-zrizeni-nrez-67c98b6036961.pdf",199168
166,"Národní rada elektronického zdravotnictví","Zápis NREZ 30.5.2023","https://ppo.mzcr.cz/upload/files/jednani-nrez-30-5-2023-zapis-nrez-30-5-2023-64997f884302d.pdf",177433
166,"Národní rada elektronického zdravotnictví","01 Návrh jednacího řádu PS pro primární využití dat","https://ppo.mzcr.cz/upload/files/jednani-nrez-30-5-2023-01-navrh-jednaciho-radu-ps-pro-primarni-vyuziti-dat-64997fa2ba977.doc",140288
166,"Národní rada elektronického zdravotnictví","01 Návrh jednacího řádu PS pro sekundární využití dat","https://ppo.mzcr.cz/upload/files/jednani-nrez-30-5-2023-01-navrh-jednaciho-radu-ps-pro-sekundarni-vyuziti-dat-64997fb8f3d40.doc",139264
166,"Národní rada elektronického zdravotnictví","02 Statut PS pro primární využití dat","https://ppo.mzcr.cz/upload/files/jednani-nrez-30-5-2023-02-statut-ps-pro-primarni-vyuziti-dat-64997fc83ac6f.doc",119296
166,"Národní rada elektronického zdravotnictví","02 Statut PS pro sekundární využití dat","https://ppo.mzcr.cz/upload/files/jednani-nrez-30-5-2023-02-statut-ps-pro-sekundarni-vyuziti-dat-64997fd79b3e9.doc",118784
166,"Národní rada elektronického zdravotnictví","Podkladový dokument","https://ppo.mzcr.cz/upload/files/jednani-nrez-30-5-2023-podkladovy-dokument-64997fe35d82d.docx",16385
166,"Národní rada elektronického zdravotnictví","Prezentace jednání NREZ v2","https://ppo.mzcr.cz/upload/files/jednani-nrez-30-5-2023-prezentace-jednani-nrez-v2-64997ff210785.pptx",291598
166,"Národní rada elektronického zdravotnictví","PS k EHDS návrh na složení","https://ppo.mzcr.cz/upload/files/jednani-nrez-30-5-2023-ps-k-ehds-navrh-na-slozeni-64997ffef0a99.pptx",267439
166,"Národní rada elektronického zdravotnictví","Shrnutí - ustanovení PS","https://ppo.mzcr.cz/upload/files/jednani-nrez-30-5-2023-shrnuti-ustanoveni-ps-6499800fed5b5.docx",18276
166,"Národní rada elektronického zdravotnictví","Standardy interoperability - aktuální stav - v1","https://ppo.mzcr.cz/upload/files/jednani-nrez-30-5-2023-standardy-interoperability-aktualni-stav-v1-6499801d4cb4f.pptx",490137
166,"Národní rada elektronického zdravotnictví","Prezentace NREZ 26.9.2022","https://ppo.mzcr.cz/upload/files/jednani-nrez-26-9-2022-prezentace-nrez-26-9-2022-6351122821c92.pptx",262436
166,"Národní rada elektronického zdravotnictví","Zápis NREZ 26.9.2022","https://ppo.mzcr.cz/upload/files/jednani-nrez-26-9-2022-zapis-nrez-26-9-2022-63a17e16f3805.pdf",238289
166,"Národní rada elektronického zdravotnictví","Zápis NREZ 28.06.2022","https://ppo.mzcr.cz/upload/files/jednani-nrez-28-6-2022-zapis-nrez-28-06-2022-62f38a6ecbaab.pdf",1243007
166,"Národní rada elektronického zdravotnictví","Prezentace 1 priority NIT","https://ppo.mzcr.cz/upload/files/jednani-nrez-28-6-2022-prezentace-1-priority-nit-62f38a6ec3dec.pdf",841121
166,"Národní rada elektronického zdravotnictví","Prezentace 2 NReZ_v1","https://ppo.mzcr.cz/upload/files/jednani-nrez-28-6-2022-prezentace-2-nrez-v1-62f38a6ec9f6d.pdf",328388
166,"Národní rada elektronického zdravotnictví","Příloha 1 Introductory Slides - Telemedicine Regulation in the European Union v1 QC","https://ppo.mzcr.cz/upload/files/jednani-nrez-28-6-2022-priloha-1-introductory-slides-telemedicine-regulation-in-the-european-union-v1-qc-62f38a6ecf5b5.pdf",355258
166,"Národní rada elektronického zdravotnictví","Příloha 2 Country report Israel v2a 20220627 QC","https://ppo.mzcr.cz/upload/files/jednani-nrez-28-6-2022-priloha-2-country-report-israel-v2a-20220627-qc-62f38a6ed108a.pdf",757965
166,"Národní rada elektronického zdravotnictví","Příloha 3 Country report France v 20220620 QC","https://ppo.mzcr.cz/upload/files/jednani-nrez-28-6-2022-priloha-3-country-report-france-v-20220620-qc-62f38a6ed3d16.pdf",385748
166,"Národní rada elektronického zdravotnictví","Příloha 4 Country report Germany v1_final QC","https://ppo.mzcr.cz/upload/files/jednani-nrez-28-6-2022-priloha-4-country-report-germany-v1-final-qc-62f38a6ed596a.pdf",1013030
166,"Národní rada elektronického zdravotnictví","Zápis NREZ 2.12.2021","https://ppo.mzcr.cz/upload/files/jednani-nrez-2-12-2021-zapis-nrez-2-12-2021-61f8fca862df1.pdf",260808
166,"Národní rada elektronického zdravotnictví","Prezentace NREZ 2.12.2021","https://ppo.mzcr.cz/upload/files/jednani-nrez-2-12-2021-prezentace-nrez-2-12-2021-61f8fcba83310.pptx",333208
166,"Národní rada elektronického zdravotnictví","Zřizovací dekret ministra 25.6.2026 - Statut a Jednací řád","https://ppo.mzcr.cz/upload/files/zakladni-dokumenty-zrizovaci-dekret-ministra-25-6-2026-statut-a-jednaci-rad-6a3d3f280b875.pdf",
171,"Pracovní skupina k zajištění dostupnosti psychoterapie, psychoterapeutických a psychosociálních intervencí","Statut a jednací řád","https://ppo.mzcr.cz/upload/files/zakladni-dokumenty-statut-a-jednaci-rad-61c2068fdc942.pdf",167780
171,"Pracovní skupina k zajištění dostupnosti psychoterapie, psychoterapeutických a psychosociálních intervencí","ps-ppp-230607-zapis","https://ppo.mzcr.cz/upload/files/zapisy-ps-ppp-230607-zapis-67cb5b7650414.pdf",174154
171,"Pracovní skupina k zajištění dostupnosti psychoterapie, psychoterapeutických a psychosociálních intervencí","ps-ppp-230906-zapis","https://ppo.mzcr.cz/upload/files/zapisy-ps-ppp-230906-zapis-67cb5b82ee60a.pdf",146919
171,"Pracovní skupina k zajištění dostupnosti psychoterapie, psychoterapeutických a psychosociálních intervencí","ps-ppp-231101-zapis","https://ppo.mzcr.cz/upload/files/zapisy-ps-ppp-231101-zapis-67cb5b95ba80b.pdf",182484
171,"Pracovní skupina k zajištění dostupnosti psychoterapie, psychoterapeutických a psychosociálních intervencí","ps-ppp-231206-zapis","https://ppo.mzcr.cz/upload/files/zapisy-ps-ppp-231206-zapis-67cb5ba35be87.pdf",180389
171,"Pracovní skupina k zajištění dostupnosti psychoterapie, psychoterapeutických a psychosociálních intervencí","ps-ppp-240103-zapis","https://ppo.mzcr.cz/upload/files/zapisy-ps-ppp-240103-zapis-67cb5baf3d7cf.pdf",162509
171,"Pracovní skupina k zajištění dostupnosti psychoterapie, psychoterapeutických a psychosociálních intervencí","ps-ppp-240306-zapis","https://ppo.mzcr.cz/upload/files/zapisy-ps-ppp-240306-zapis-67cb5bc040f41.pdf",182169
171,"Pracovní skupina k zajištění dostupnosti psychoterapie, psychoterapeutických a psychosociálních intervencí","ps-ppp-240403-zapis","https://ppo.mzcr.cz/upload/files/zapisy-ps-ppp-240403-zapis-67cb5bd1c8927.pdf",178991
171,"Pracovní skupina k zajištění dostupnosti psychoterapie, psychoterapeutických a psychosociálních intervencí","ps-ppp-240522-zapis","https://ppo.mzcr.cz/upload/files/zapisy-ps-ppp-240522-zapis-67cb5be132523.pdf",200365
171,"Pracovní skupina k zajištění dostupnosti psychoterapie, psychoterapeutických a psychosociálních intervencí","ps-ppp-240904_zapis","https://ppo.mzcr.cz/upload/files/zapisy-ps-ppp-240904-zapis-67cb5bf14a866.pdf",251086
171,"Pracovní skupina k zajištění dostupnosti psychoterapie, psychoterapeutických a psychosociálních intervencí","ps-ppp-241106-zapis","https://ppo.mzcr.cz/upload/files/zapisy-ps-ppp-241106-zapis-67cb5c0c66978.pdf",186599
171,"Pracovní skupina k zajištění dostupnosti psychoterapie, psychoterapeutických a psychosociálních intervencí","ps-ppp-241121_Protokol_per rollam_c_6_uznání praxe_EP","https://ppo.mzcr.cz/upload/files/zapisy-ps-ppp-241121-protokol-per-rollam-c-6-uznani-praxe-ep-67cb5c16b8718.pdf",182325
171,"Pracovní skupina k zajištění dostupnosti psychoterapie, psychoterapeutických a psychosociálních intervencí","ps-ppp-241204-zapis","https://ppo.mzcr.cz/upload/files/zapisy-ps-ppp-241204-zapis-67cb5c24ce191.pdf",228038
171,"Pracovní skupina k zajištění dostupnosti psychoterapie, psychoterapeutických a psychosociálních intervencí","ps-ppp-250205-zapis","https://ppo.mzcr.cz/upload/files/zapisy-ps-ppp-250205-zapis-67e67144a2222.pdf",221853
171,"Pracovní skupina k zajištění dostupnosti psychoterapie, psychoterapeutických a psychosociálních intervencí","PS PPP-250402-zapis","https://ppo.mzcr.cz/upload/files/zapisy-ps-ppp-250402-zapis-6859438f75d3b.pdf",212511
171,"Pracovní skupina k zajištění dostupnosti psychoterapie, psychoterapeutických a psychosociálních intervencí","PS PPP-250604_zapis","https://ppo.mzcr.cz/upload/files/zapisy-ps-ppp-250604-zapis-685946780740a.pdf",205078
171,"Pracovní skupina k zajištění dostupnosti psychoterapie, psychoterapeutických a psychosociálních intervencí","PS PPP-251001-Zápis","https://ppo.mzcr.cz/upload/files/zapisy-ps-ppp-251001-zapis-6a1d9f0fa8851.pdf",228095
171,"Pracovní skupina k zajištění dostupnosti psychoterapie, psychoterapeutických a psychosociálních intervencí","PS PPP-260204_Zápis","https://ppo.mzcr.cz/upload/files/zapisy-ps-ppp-260204-zapis-6a1d9fb042972.pdf",188252
171,"Pracovní skupina k zajištění dostupnosti psychoterapie, psychoterapeutických a psychosociálních intervencí","PS PPP-260401_Zápis","https://ppo.mzcr.cz/upload/files/zapisy-ps-ppp-260401-zapis-6a1d9fd51ef51.pdf",203572
171,"Pracovní skupina k zajištění dostupnosti psychoterapie, psychoterapeutických a psychosociálních intervencí","PS PPP-260603-Zápis","https://ppo.mzcr.cz/upload/files/ps-ppp-zapisy-ps-ppp-260603-zapis-6a7f16fd1d2ef.pdf",
172,"Poradní orgán pro úhradu léčiv určených k léčbě vzácných onemocnění","Oznámení o konání jednání LPVO QALSODY - sp. zn. SUKLS163727/2025 - 5. 8. 2026","https://ppo.mzcr.cz/upload/files/oznameni-o-ustnim-jednani-2026-oznameni-o-konani-jednani-lpvo-qalsody-sp-zn-sukls163727-2025-5-8-2026-6a550e8a24342.pdf",
172,"Poradní orgán pro úhradu léčiv určených k léčbě vzácných onemocnění","Závazné stanovisko - LPVO IQIRVO - sp. zn. SUKLS36129/2025","https://ppo.mzcr.cz/upload/files/zavazne-stanovisko-2026-zavazne-stanovisko-lpvo-iqirvo-sp-zn-sukls36129-2025-6967a08707d3e.pdf",657429
172,"Poradní orgán pro úhradu léčiv určených k léčbě vzácných onemocnění","Závazné stanovisko - LPVO VYLOY - sp. zn. SUKLS335202/2024","https://ppo.mzcr.cz/upload/files/zavazne-stanovisko-2026-zavazne-stanovisko-lpvo-vyloy-sp-zn-sukls335202-2024-697c63ae929f4.pdf",292178
172,"Poradní orgán pro úhradu léčiv určených k léčbě vzácných onemocnění","Závazné stanovisko - LPVO FILSUVEZ - sp. zn. SUKLS281421/2024","https://ppo.mzcr.cz/upload/files/zavazne-stanovisko-2026-zavazne-stanovisko-lpvo-filsuvez-sp-zn-sukls281421-2024-697c63ef90d6f.pdf",305299
172,"Poradní orgán pro úhradu léčiv určených k léčbě vzácných onemocnění","Závazné stanovisko - LPVO FABHALTA - sp. zn. SUKLS311241/2024","https://ppo.mzcr.cz/upload/files/zavazne-stanovisko-2026-zavazne-stanovisko-lpvo-fabhalta-sp-zn-sukls311241-2024-69e209a958e61.pdf",305154
172,"Poradní orgán pro úhradu léčiv určených k léčbě vzácných onemocnění","Závazné stanovisko - LPVO LYVDELZI - sp. zn. SUKLS320209/2025","https://ppo.mzcr.cz/upload/files/zavazne-stanovisko-2026-zavazne-stanovisko-lpvo-lyvdelzi-sp-zn-sukls320209-2025-6a3a340cdd952.pdf",333394
172,"Poradní orgán pro úhradu léčiv určených k léčbě vzácných onemocnění","Závazné stanovisko - LPVO SPINRAZA - sp. zn. SUKLS6832/2022","https://ppo.mzcr.cz/upload/files/archiv-2022-2025-zavazne-stanovisko-lpvo-spinraza-sp-zn-sukls6832-2022-6967a07fc2229.pdf",299710
172,"Poradní orgán pro úhradu léčiv určených k léčbě vzácných onemocnění","Závazné stanovisko - LPVO ONIVYDE PEGYLATED LIPOSOMAL - sp. zn. SUKLS88071/2022","https://ppo.mzcr.cz/upload/files/archiv-2022-2025-zavazne-stanovisko-lpvo-onivyde-pegylated-liposomal-sp-zn-sukls88071-2022-6967a07fc5405.pdf",505220
172,"Poradní orgán pro úhradu léčiv určených k léčbě vzácných onemocnění","Závazné stanovisko - LPVO TREPULMIX - sp. zn. SUKLS86076/2022","https://ppo.mzcr.cz/upload/files/archiv-2022-2025-zavazne-stanovisko-lpvo-trepulmix-sp-zn-sukls86076-2022-6967a07fc7875.pdf",439179
172,"Poradní orgán pro úhradu léčiv určených k léčbě vzácných onemocnění","Závazné stanovisko - LPVO ASPAVELI - sp. zn. SUKLS170986/2022","https://ppo.mzcr.cz/upload/files/archiv-2022-2025-zavazne-stanovisko-lpvo-aspaveli-sp-zn-sukls170986-2022-6967a07fc9609.pdf",496405
172,"Poradní orgán pro úhradu léčiv určených k léčbě vzácných onemocnění","Závazné stanovisko - LPVO VYNDAQEL - sp. zn. SUKLS117667/2022","https://ppo.mzcr.cz/upload/files/archiv-2022-2025-zavazne-stanovisko-lpvo-vyndaqel-sp-zn-sukls117667-2022-6967a07fcb6f9.pdf",535299
172,"Poradní orgán pro úhradu léčiv určených k léčbě vzácných onemocnění","Závazné stanovisko - LPVO VOXZOGO - sp. zn. SUKLS229753/2022","https://ppo.mzcr.cz/upload/files/archiv-2022-2025-zavazne-stanovisko-lpvo-voxzogo-sp-zn-sukls229753-2022-6967a07fcd970.pdf",537896
172,"Poradní orgán pro úhradu léčiv určených k léčbě vzácných onemocnění","Závazné stanovisko - LPVO EVRYSDI - sp.zn. SUKLS212173/2022","https://ppo.mzcr.cz/upload/files/archiv-2022-2025-zavazne-stanovisko-lpvo-evrysdi-sp-zn-sukls212173-2022-6967a07fcfbd7.pdf",667279
172,"Poradní orgán pro úhradu léčiv určených k léčbě vzácných onemocnění","Závazné stanovisko - LPVO KIMMTRAK - sp. zn. SUKLS235088/2022","https://ppo.mzcr.cz/upload/files/archiv-2022-2025-zavazne-stanovisko-lpvo-kimmtrak-sp-zn-sukls235088-2022-6967a07fd22a7.pdf",518280
172,"Poradní orgán pro úhradu léčiv určených k léčbě vzácných onemocnění","Závazné stanovisko - LPVO KOSELUGO - sp. zn. SUKLS180596/2022","https://ppo.mzcr.cz/upload/files/archiv-2022-2025-zavazne-stanovisko-lpvo-koselugo-sp-zn-sukls180596-2022-6967a07fd452e.pdf",302808
172,"Poradní orgán pro úhradu léčiv určených k léčbě vzácných onemocnění","Závazné stanovisko - LPVO CRYSVITA - sp. zn. SUKLS132358/2022","https://ppo.mzcr.cz/upload/files/archiv-2022-2025-zavazne-stanovisko-lpvo-crysvita-sp-zn-sukls132358-2022-6967a07fd5ede.pdf",351082
172,"Poradní orgán pro úhradu léčiv určených k léčbě vzácných onemocnění","Závazné stanovisko - LPVO FINTEPLA - sp. zn. SUKLS269850/2022","https://ppo.mzcr.cz/upload/files/archiv-2022-2025-zavazne-stanovisko-lpvo-fintepla-sp-zn-sukls269850-2022-6967a07fd77cb.pdf",574585
172,"Poradní orgán pro úhradu léčiv určených k léčbě vzácných onemocnění","Závazné stanovisko - LPVO ADCETRIS - sp. zn. SUKLS284354/2022","https://ppo.mzcr.cz/upload/files/archiv-2022-2025-zavazne-stanovisko-lpvo-adcetris-sp-zn-sukls284354-2022-6967a07fd9a98.pdf",867888
172,"Poradní orgán pro úhradu léčiv určených k léčbě vzácných onemocnění","Závazné stanovisko - LPVO TAKHZYRO - sp. zn. SUKLS211268/2022","https://ppo.mzcr.cz/upload/files/archiv-2022-2025-zavazne-stanovisko-lpvo-takhzyro-sp-zn-sukls211268-2022-6967a07fdd3ae.pdf",471965
172,"Poradní orgán pro úhradu léčiv určených k léčbě vzácných onemocnění","Závazné stanovisko - LPVO KAFTRIO - sp. zn. SUKLS155130/2022","https://ppo.mzcr.cz/upload/files/archiv-2022-2025-zavazne-stanovisko-lpvo-kaftrio-sp-zn-sukls155130-2022-6967a07fdefdd.pdf",595992
172,"Poradní orgán pro úhradu léčiv určených k léčbě vzácných onemocnění","Závazné stanovisko - LPVO KIMMTRAK II - sp. zn. SUKLS235088/2022","https://ppo.mzcr.cz/upload/files/archiv-2022-2025-zavazne-stanovisko-lpvo-kimmtrak-ii-sp-zn-sukls235088-2022-6967a07fe1d6e.pdf",632959
172,"Poradní orgán pro úhradu léčiv určených k léčbě vzácných onemocnění","Závazné stanovisko - LPVO EPIDYOLEX - sp. zn. SUKLS282064/2022","https://ppo.mzcr.cz/upload/files/archiv-2022-2025-zavazne-stanovisko-lpvo-epidyolex-sp-zn-sukls282064-2022-6967a07fe413a.pdf",613210
172,"Poradní orgán pro úhradu léčiv určených k léčbě vzácných onemocnění","Závazné stanovisko - LPVO CABLIVI - sp. zn. SUKLS166094/2023","https://ppo.mzcr.cz/upload/files/archiv-2022-2025-zavazne-stanovisko-lpvo-cablivi-sp-zn-sukls166094-2023-6967a07fe7a40.pdf",548734
172,"Poradní orgán pro úhradu léčiv určených k léčbě vzácných onemocnění","Závazné stanovisko - LPVO COLUMVI - sp. zn. SUKLS224158/2023","https://ppo.mzcr.cz/upload/files/archiv-2022-2025-zavazne-stanovisko-lpvo-columvi-sp-zn-sukls224158-2023-6967a07fe98ba.pdf",532410
172,"Poradní orgán pro úhradu léčiv určených k léčbě vzácných onemocnění","Závazné stanovisko - LPVO KINPEYGO - sp. zn. SUKLS181711/2023","https://ppo.mzcr.cz/upload/files/archiv-2022-2025-zavazne-stanovisko-lpvo-kinpeygo-sp-zn-sukls181711-2023-6967a07feb5ec.pdf",313238
172,"Poradní orgán pro úhradu léčiv určených k léčbě vzácných onemocnění","Závazné stanovisko - LPVO REVESTIVE - sp. zn. SUKLS306216/2023","https://ppo.mzcr.cz/upload/files/archiv-2022-2025-zavazne-stanovisko-lpvo-revestive-sp-zn-sukls306216-2023-6967a07fecc30.pdf",318230
172,"Poradní orgán pro úhradu léčiv určených k léčbě vzácných onemocnění","Závazné stanovisko - LPVO SOLIRIS - sp. zn. SUKLS82811/2023","https://ppo.mzcr.cz/upload/files/archiv-2022-2025-zavazne-stanovisko-lpvo-soliris-sp-zn-sukls82811-2023-6967a07fee801.pdf",294066
172,"Poradní orgán pro úhradu léčiv určených k léčbě vzácných onemocnění","Závazné stanovisko - LPVO VYVGART - sp. zn. SUKLS127032/2023","https://ppo.mzcr.cz/upload/files/archiv-2022-2025-zavazne-stanovisko-lpvo-vyvgart-sp-zn-sukls127032-2023-6967a07fefdab.pdf",283983
172,"Poradní orgán pro úhradu léčiv určených k léčbě vzácných onemocnění","Závazné stanovisko - LPVO LIVTENCITY - sp. zn. SUKLS276408/2023","https://ppo.mzcr.cz/upload/files/archiv-2022-2025-zavazne-stanovisko-lpvo-livtencity-sp-zn-sukls276408-2023-6967a07ff1051.pdf",303594
172,"Poradní orgán pro úhradu léčiv určených k léčbě vzácných onemocnění","Závazné stanovisko - LPVO AYVAKYT - sp. zn. SUKLS295286/2023","https://ppo.mzcr.cz/upload/files/archiv-2022-2025-zavazne-stanovisko-lpvo-ayvakyt-sp-zn-sukls295286-2023-6967a07ff267a.pdf",281473
172,"Poradní orgán pro úhradu léčiv určených k léčbě vzácných onemocnění","Závazné stanovisko - LPVO AMVUTTRA - sp. zn. SUKLS49084/2024","https://ppo.mzcr.cz/upload/files/archiv-2022-2025-zavazne-stanovisko-lpvo-amvuttra-sp-zn-sukls49084-2024-6967a07ff3a71.pdf",300707
172,"Poradní orgán pro úhradu léčiv určených k léčbě vzácných onemocnění","Závazné stanovisko - LPVO HEPCLUDEX - sp. zn. SUKLS308814/2023","https://ppo.mzcr.cz/upload/files/archiv-2022-2025-zavazne-stanovisko-lpvo-hepcludex-sp-zn-sukls308814-2023-6967a08000e3a.pdf",288553
172,"Poradní orgán pro úhradu léčiv určených k léčbě vzácných onemocnění","Závazné stanovisko - LPVO ISTURISA - sp. zn. SUKLS241413/2023","https://ppo.mzcr.cz/upload/files/archiv-2022-2025-zavazne-stanovisko-lpvo-isturisa-sp-zn-sukls241413-2023-6967a0955fd48.pdf",281754
172,"Poradní orgán pro úhradu léčiv určených k léčbě vzácných onemocnění","Závazné stanovisko - LPVO FINTEPLA - sp. zn. SUKLS52721/2024","https://ppo.mzcr.cz/upload/files/archiv-2022-2025-zavazne-stanovisko-lpvo-fintepla-sp-zn-sukls52721-2024-6967a09b76483.pdf",290026
172,"Poradní orgán pro úhradu léčiv určených k léčbě vzácných onemocnění","Závazné stanovisko - LPVO ASPAVELI - sp. zn. SUKLS154847/2024","https://ppo.mzcr.cz/upload/files/archiv-2022-2025-zavazne-stanovisko-lpvo-aspaveli-sp-zn-sukls154847-2024-6967a0a19a8db.pdf",287124
172,"Poradní orgán pro úhradu léčiv určených k léčbě vzácných onemocnění","Závazné stanovisko - LPVO SKYCLARYS - sp. zn. SUKLS103005/2024","https://ppo.mzcr.cz/upload/files/archiv-2022-2025-zavazne-stanovisko-lpvo-skyclarys-sp-zn-sukls103005-2024-6967a0a7ddd5f.pdf",289858
172,"Poradní orgán pro úhradu léčiv určených k léčbě vzácných onemocnění","Závazné stanovisko - LPVO BYLVAY - sp. zn. SUKLS253339/2023","https://ppo.mzcr.cz/upload/files/archiv-2022-2025-zavazne-stanovisko-lpvo-bylvay-sp-zn-sukls253339-2023-6967a0ad0cc28.pdf",276849
172,"Poradní orgán pro úhradu léčiv určených k léčbě vzácných onemocnění","Závazné stanovisko - LPVO PEMAZYRE - sp. zn. SUKLS75487/2024","https://ppo.mzcr.cz/upload/files/archiv-2022-2025-zavazne-stanovisko-lpvo-pemazyre-sp-zn-sukls75487-2024-6967a0b1f3d9f.pdf",295761
172,"Poradní orgán pro úhradu léčiv určených k léčbě vzácných onemocnění","Závazné stanovisko - LPVO TIBSOVO - sp. zn. SUKLS7580/2024","https://ppo.mzcr.cz/upload/files/archiv-2022-2025-zavazne-stanovisko-lpvo-tibsovo-sp-zn-sukls7580-2024-6967a0b74ebf9.pdf",300529
172,"Poradní orgán pro úhradu léčiv určených k léčbě vzácných onemocnění","Závazné stanovisko - LPVO KAFTRIO - sp. zn. SUKLS72107/2024","https://ppo.mzcr.cz/upload/files/archiv-2022-2025-zavazne-stanovisko-lpvo-kaftrio-sp-zn-sukls72107-2024-6967a0bbae95e.pdf",280739
172,"Poradní orgán pro úhradu léčiv určených k léčbě vzácných onemocnění","Závazné stanovisko - LPVO LIVMARLI - sp. zn. SUKLS79560/2024","https://ppo.mzcr.cz/upload/files/archiv-2022-2025-zavazne-stanovisko-lpvo-livmarli-sp-zn-sukls79560-2024-6967a0c13471a.pdf",280242
172,"Poradní orgán pro úhradu léčiv určených k léčbě vzácných onemocnění","Závazné stanovisko - LPVO WINREVAIR - sp. zn. SUKLS273924/2024","https://ppo.mzcr.cz/upload/files/archiv-2022-2025-zavazne-stanovisko-lpvo-winrevair-sp-zn-sukls273924-2024-6967a0c5b9993.pdf",302392
172,"Poradní orgán pro úhradu léčiv určených k léčbě vzácných onemocnění","Závazné stanovisko - LPVO MINJUVI - sp. zn. SUKLS145343/2024","https://ppo.mzcr.cz/upload/files/archiv-2022-2025-zavazne-stanovisko-lpvo-minjuvi-sp-zn-sukls145343-2024-6967a0ca22d12.pdf",305416
172,"Poradní orgán pro úhradu léčiv určených k léčbě vzácných onemocnění","Závazné stanovisko - LPVO QINLOCK - sp. zn. SUKLS295576/2024","https://ppo.mzcr.cz/upload/files/archiv-2022-2025-zavazne-stanovisko-lpvo-qinlock-sp-zn-sukls295576-2024-6967a0cf19051.pdf",299785
172,"Poradní orgán pro úhradu léčiv určených k léčbě vzácných onemocnění","Závazné stanovisko - LPVO TAVNEOS - sp. zn. SUKLS251154/2024","https://ppo.mzcr.cz/upload/files/archiv-2022-2025-zavazne-stanovisko-lpvo-tavneos-sp-zn-sukls251154-2024-6967a0d3ebb68.pdf",314461
172,"Poradní orgán pro úhradu léčiv určených k léčbě vzácných onemocnění","Souhrnná zpráva Poradního orgánu pro úhradu léčiv určených k léčbě vzácných onemocnění 2022-2025","https://ppo.mzcr.cz/upload/files/souhrnna-zprava-po-orphany-summary-report-2025-souhrnna-zprava-poradniho-organu-pro-uhradu-leciv-urcenych-k-lecbe-vzacnych-onemocneni-2022-2025-6821fb892b73a.pdf",401265
172,"Poradní orgán pro úhradu léčiv určených k léčbě vzácných onemocnění","Summary Report of the Advisory Body for the Reimbursement of Orphan Medicinal Products 2022-2025","https://ppo.mzcr.cz/upload/files/souhrnna-zprava-po-orphany-summary-report-2025-summary-report-of-the-advisory-body-for-the-reimbursement-of-orphan-medicinal-products-2022-2025-6821fb8928a99.pdf",627709
173,"Meziresortní koordinační skupina pro dětské duševní zdraví","Zápis z 1. jednání Mezirezortní koordinační skupiny pro dětské duševní zdraví ze dne 6. 1. 2022","https://ppo.mzcr.cz/upload/files/zapisy-z-jednani-zapis-z-1-jednani-mezirezortni-koordinacni-skupiny-pro-detske-dusevni-zdravi-ze-dne-6-1-2022-61fa96d5224cf.pdf",276784
173,"Meziresortní koordinační skupina pro dětské duševní zdraví","Zápis z 2. jednání Mezirezortní koordinační skupiny pro dětské duševní zdraví ze dne 16. 3. 2022","https://ppo.mzcr.cz/upload/files/zapisy-z-jednani-zapis-z-2-jednani-mezirezortni-koordinacni-skupiny-pro-detske-dusevni-zdravi-ze-dne-16-3-2022-625045201a5f8.pdf",356152
173,"Meziresortní koordinační skupina pro dětské duševní zdraví","Zápis ze 3. jednání Mezirezortní koordinační skupiny pro dětské duševní zdraví ze dne 3. 5. 2022","https://ppo.mzcr.cz/upload/files/zapisy-z-jednani-zapis-ze-3-jednani-mezirezortni-koordinacni-skupiny-pro-detske-dusevni-zdravi-ze-dne-3-5-2022-62a327a72bbee.pdf",306669
173,"Meziresortní koordinační skupina pro dětské duševní zdraví","Zápis ze 4. jednání Mezirezortní koordinační skupiny pro dětské duševní zdraví ze dne 21. 6. 2022","https://ppo.mzcr.cz/upload/files/zapisy-z-jednani-zapis-ze-4-jednani-mezirezortni-koordinacni-skupiny-pro-detske-dusevni-zdravi-ze-dne-21-6-2022-62ec00d12722c.pdf",295590
173,"Meziresortní koordinační skupina pro dětské duševní zdraví","Zápis z 5. jednání Mezirezortní koordinační skupiny pro dětské duševní zdraví ze dne 9. 9. 2022","https://ppo.mzcr.cz/upload/files/zapisy-z-jednani-zapis-z-5-jednani-mezirezortni-koordinacni-skupiny-pro-detske-dusevni-zdravi-ze-dne-9-9-2022-63515d566a2e6.pdf",280515
173,"Meziresortní koordinační skupina pro dětské duševní zdraví","Zápis z 6. jednání Mezirezortní koordinační skupiny pro dětské duševní zdraví ze dne 19. 12. 2022","https://ppo.mzcr.cz/upload/files/zapisy-z-jednani-zapis-z-6-jednani-mezirezortni-koordinacni-skupiny-pro-detske-dusevni-zdravi-ze-dne-19-12-2022-63cfcbfdd7ad7.pdf",284175
173,"Meziresortní koordinační skupina pro dětské duševní zdraví","Zápis ze 7. jednání Mezirezortní koordinační skupiny pro dětské duševní zdraví ze dne 5. 10. 2023","https://ppo.mzcr.cz/upload/files/zapisy-z-jednani-zapis-ze-7-jednani-mezirezortni-koordinacni-skupiny-pro-detske-dusevni-zdravi-ze-dne-5-10-2023-669aab2060f31.docx",30413
173,"Meziresortní koordinační skupina pro dětské duševní zdraví","Zápis z 8. jednání Mezirezortní koordinační skupiny pro dětské duševní zdraví ze dne 16. 2. 2024","https://ppo.mzcr.cz/upload/files/zapisy-z-jednani-zapis-z-8-jednani-mezirezortni-koordinacni-skupiny-pro-detske-dusevni-zdravi-ze-dne-16-2-2024-66a10feebd03f.docx",27426
173,"Meziresortní koordinační skupina pro dětské duševní zdraví","Zápis z 9. jednání Mezirezortní koordinační skupiny pro dětské duševní zdraví ze dne 29. 5. 2024","https://ppo.mzcr.cz/upload/files/zapisy-z-jednani-zapis-z-9-jednani-mezirezortni-koordinacni-skupiny-pro-detske-dusevni-zdravi-ze-dne-29-5-2024-66a10ff90b5f6.docx",25240
173,"Meziresortní koordinační skupina pro dětské duševní zdraví","Zápis z 10. jednání Mezirezortní koordinační skupiny pro dětské duševní zdraví ze dne 10.9.2024","https://ppo.mzcr.cz/upload/files/zapisy-z-jednani-zapis-z-10-jednani-mezirezortni-koordinacni-skupiny-pro-detske-dusevni-zdravi-ze-dne-10-9-2024-67eb9a2a7ced4.docx",24967
173,"Meziresortní koordinační skupina pro dětské duševní zdraví","Zápis z 11. jednání Mezirezortní koordinační skupiny pro dětské duševní zdraví ze dne 14.11.2024","https://ppo.mzcr.cz/upload/files/zapisy-z-jednani-zapis-z-11-jednani-mezirezortni-koordinacni-skupiny-pro-detske-dusevni-zdravi-ze-dne-14-11-2024-67eb9a46dc96d.docx",24491
173,"Meziresortní koordinační skupina pro dětské duševní zdraví","Zápis z 12. jednání Mezirezortní koordinační skupiny pro dětské duševní zdraví ze dne 9.1.2025","https://ppo.mzcr.cz/upload/files/zapisy-z-jednani-zapis-z-12-jednani-mezirezortni-koordinacni-skupiny-pro-detske-dusevni-zdravi-ze-dne-9-1-2025-67eb9acdbcb20.docx",37019
173,"Meziresortní koordinační skupina pro dětské duševní zdraví","Zápis z 13. jednání Mezirezortní koordinační skupiny pro dětské duševní zdraví ze dne 10.4.2025","https://ppo.mzcr.cz/upload/files/zapisy-z-jednani-zapis-z-13-jednani-mezirezortni-koordinacni-skupiny-pro-detske-dusevni-zdravi-ze-dne-10-4-2025-68ff278a73d4b.docx",26155
173,"Meziresortní koordinační skupina pro dětské duševní zdraví","Zápis z 14. jednání Mezirezortní koordinační skupiny pro dětské duševní zdraví ze dne 30.7.2025","https://ppo.mzcr.cz/upload/files/zapisy-z-jednani-zapis-z-14-jednani-mezirezortni-koordinacni-skupiny-pro-detske-dusevni-zdravi-ze-dne-30-7-2025-68ff27cd08ef4.docx",24037
173,"Meziresortní koordinační skupina pro dětské duševní zdraví","Zápis z 15. jednání Mezirezortní koordinační skupiny pro dětské duševní zdraví ze dne 22.9.2025","https://ppo.mzcr.cz/upload/files/zapisy-z-jednani-zapis-z-15-jednani-mezirezortni-koordinacni-skupiny-pro-detske-dusevni-zdravi-ze-dne-22-9-2025-69ce2d08c8fc7.docx",23342
173,"Meziresortní koordinační skupina pro dětské duševní zdraví","Zápis z 16. jednání Mezirezortní koordinační skupiny pro dětské duševní zdraví ze dne 5.11.2025","https://ppo.mzcr.cz/upload/files/zapisy-z-jednani-zapis-z-16-jednani-mezirezortni-koordinacni-skupiny-pro-detske-dusevni-zdravi-ze-dne-5-11-2025-69ce2d8cd04cc.docx",34583
173,"Meziresortní koordinační skupina pro dětské duševní zdraví","Statut a Jednací řád MKS DDZ","https://ppo.mzcr.cz/upload/files/zakladni-dokumenty-statut-a-jednaci-rad-mks-ddz-61dc68417547b.pdf",239018
177,"Pracovní skupina pro restrukturalizaci intenzivní zdravotní péče","Zápis z 1. jednání","https://ppo.mzcr.cz/upload/files/zapisy-z-jednani-2022-zapis-z-1-jednani-621e1a4d56ce5.doc",273920
182,"Odborná rada pro ošetřovatelství a řízení implementace a hodnocení úspěšnosti Koncepce ošetřovatelství","Statut a jednací řád Odborné rady pro ošetřovatelství","https://ppo.mzcr.cz/upload/files/zakladni-dokumenty-statut-a-jednaci-rad-odborne-rady-pro-osetrovatelstvi-620e574fb8718.pdf",243818
182,"Odborná rada pro ošetřovatelství a řízení implementace a hodnocení úspěšnosti Koncepce ošetřovatelství","Koncepce ošetřovatelství","https://ppo.mzcr.cz/upload/files/zakladni-dokumenty-koncepce-osetrovatelstvi-62100ee0daf96.pdf",1672621
182,"Odborná rada pro ošetřovatelství a řízení implementace a hodnocení úspěšnosti Koncepce ošetřovatelství","Akční plán ke Koncepci ošetřovatelství do roku 2030","https://ppo.mzcr.cz/upload/files/zakladni-dokumenty-akcni-plan-ke-koncepci-osetrovatelstvi-do-roku-2030-628635771325a.7z",1848269
182,"Odborná rada pro ošetřovatelství a řízení implementace a hodnocení úspěšnosti Koncepce ošetřovatelství","zřizovací dekret","https://ppo.mzcr.cz/upload/files/zakladni-dokumenty-zrizovaci-dekret-69a5a536d4f06.pdf",206200
182,"Odborná rada pro ošetřovatelství a řízení implementace a hodnocení úspěšnosti Koncepce ošetřovatelství","Pozvánka_18_3_2022","https://ppo.mzcr.cz/upload/files/harmonogram-jednani-pozvanka-18-3-2022-6242f6cc37221.pdf",218032
182,"Odborná rada pro ošetřovatelství a řízení implementace a hodnocení úspěšnosti Koncepce ošetřovatelství","Pozvánka_31_5_2022","https://ppo.mzcr.cz/upload/files/harmonogram-jednani-pozvanka-31-5-2022-626164b8704aa.pdf",203010
182,"Odborná rada pro ošetřovatelství a řízení implementace a hodnocení úspěšnosti Koncepce ošetřovatelství","Pozvánka_19_9_2022","https://ppo.mzcr.cz/upload/files/harmonogram-jednani-pozvanka-19-9-2022-63ff782a8eb3f.pdf",139649
182,"Odborná rada pro ošetřovatelství a řízení implementace a hodnocení úspěšnosti Koncepce ošetřovatelství","Pozvánka_23_3_2023","https://ppo.mzcr.cz/upload/files/harmonogram-jednani-pozvanka-23-3-2023-63ff785fd5506.pdf",230841
182,"Odborná rada pro ošetřovatelství a řízení implementace a hodnocení úspěšnosti Koncepce ošetřovatelství","Pozvánka_22_5_2023","https://ppo.mzcr.cz/upload/files/harmonogram-jednani-pozvanka-22-5-2023-649ae6161a3f0.pdf",165805
182,"Odborná rada pro ošetřovatelství a řízení implementace a hodnocení úspěšnosti Koncepce ošetřovatelství","Pozvánka_20_10_2023","https://ppo.mzcr.cz/upload/files/harmonogram-jednani-pozvanka-20-10-2023-6581a3a61d51c.pdf",222304
182,"Odborná rada pro ošetřovatelství a řízení implementace a hodnocení úspěšnosti Koncepce ošetřovatelství","Pozvánka_24_1_2024","https://ppo.mzcr.cz/upload/files/harmonogram-jednani-pozvanka-24-1-2024-6581a3ee643cd.pdf",221199
182,"Odborná rada pro ošetřovatelství a řízení implementace a hodnocení úspěšnosti Koncepce ošetřovatelství","Pozvánka 25_3_2024","https://ppo.mzcr.cz/upload/files/harmonogram-jednani-pozvanka-25-3-2024-6698f44867457.pdf",218911
182,"Odborná rada pro ošetřovatelství a řízení implementace a hodnocení úspěšnosti Koncepce ošetřovatelství","Pozvánka_23_4_2024","https://ppo.mzcr.cz/upload/files/harmonogram-jednani-pozvanka-23-4-2024-6698f5203a02a.docx",158964
182,"Odborná rada pro ošetřovatelství a řízení implementace a hodnocení úspěšnosti Koncepce ošetřovatelství","Pozvánka 30_10_2024","https://ppo.mzcr.cz/upload/files/harmonogram-jednani-pozvanka-30-10-2024-671a6576b435d.pdf",216412
182,"Odborná rada pro ošetřovatelství a řízení implementace a hodnocení úspěšnosti Koncepce ošetřovatelství","Pozvánka_18_06_2025","https://ppo.mzcr.cz/upload/files/harmonogram-jednani-pozvanka-18-06-2025-68628148b7d8a.pdf",247911
182,"Odborná rada pro ošetřovatelství a řízení implementace a hodnocení úspěšnosti Koncepce ošetřovatelství","Pozvánka_20_11_2025","https://ppo.mzcr.cz/upload/files/harmonogram-jednani-pozvanka-20-11-2025-6943cd7e16f6f.pdf",235120
182,"Odborná rada pro ošetřovatelství a řízení implementace a hodnocení úspěšnosti Koncepce ošetřovatelství","Pozvánka_26_2_2026","https://ppo.mzcr.cz/upload/files/harmonogram-jednani-pozvanka-26-2-2026-69a597b1edb48.pdf",234410
182,"Odborná rada pro ošetřovatelství a řízení implementace a hodnocení úspěšnosti Koncepce ošetřovatelství","Záznam_18_3_2022","https://ppo.mzcr.cz/upload/files/zapisy-jednani-zaznam-18-3-2022-626164711f224.pdf",230555
182,"Odborná rada pro ošetřovatelství a řízení implementace a hodnocení úspěšnosti Koncepce ošetřovatelství","Záznam_31_5_2022","https://ppo.mzcr.cz/upload/files/zapisy-jednani-zaznam-31-5-2022-62ff57bc11125.pdf",219249
182,"Odborná rada pro ošetřovatelství a řízení implementace a hodnocení úspěšnosti Koncepce ošetřovatelství","Záznam_19_9_2022","https://ppo.mzcr.cz/upload/files/zapisy-jednani-zaznam-19-9-2022-634d86a49e42c.zip",1577206
182,"Odborná rada pro ošetřovatelství a řízení implementace a hodnocení úspěšnosti Koncepce ošetřovatelství","Záznam_23_3_2023","https://ppo.mzcr.cz/upload/files/zapisy-jednani-zaznam-23-3-2023-64386e8eec82a.7z",1967381
182,"Odborná rada pro ošetřovatelství a řízení implementace a hodnocení úspěšnosti Koncepce ošetřovatelství","Záznam_22_5_2023","https://ppo.mzcr.cz/upload/files/zapisy-jednani-zaznam-22-5-2023-649ae64bda6e2.pdf",303119
182,"Odborná rada pro ošetřovatelství a řízení implementace a hodnocení úspěšnosti Koncepce ošetřovatelství","Příloha_k_zaznamu_22_5_2023","https://ppo.mzcr.cz/upload/files/zapisy-jednani-priloha-k-zaznamu-22-5-2023-649ae6722fd9f.pptx",132711
182,"Odborná rada pro ošetřovatelství a řízení implementace a hodnocení úspěšnosti Koncepce ošetřovatelství","Záznam_20_10_2023","https://ppo.mzcr.cz/upload/files/zapisy-jednani-zaznam-20-10-2023-6581a3ca09fda.pdf",317380
182,"Odborná rada pro ošetřovatelství a řízení implementace a hodnocení úspěšnosti Koncepce ošetřovatelství","Záznam_24_1_2024","https://ppo.mzcr.cz/upload/files/zapisy-jednani-zaznam-24-1-2024-65c4a8b7cd96b.pdf",190469
182,"Odborná rada pro ošetřovatelství a řízení implementace a hodnocení úspěšnosti Koncepce ošetřovatelství","Příloha_1_k_zaznamu_24_1_2024","https://ppo.mzcr.cz/upload/files/zapisy-jednani-priloha-1-k-zaznamu-24-1-2024-65c4a8d97f82a.pptx",134472
182,"Odborná rada pro ošetřovatelství a řízení implementace a hodnocení úspěšnosti Koncepce ošetřovatelství","Příloha_2_k_zaznamu_24_1_2024","https://ppo.mzcr.cz/upload/files/zapisy-jednani-priloha-2-k-zaznamu-24-1-2024-65c4a8f6522b5.pptx",160215
182,"Odborná rada pro ošetřovatelství a řízení implementace a hodnocení úspěšnosti Koncepce ošetřovatelství","Příloha_3_k_zaznamu_24_1_2024","https://ppo.mzcr.cz/upload/files/zapisy-jednani-priloha-3-k-zaznamu-24-1-2024-65c4a9126daf9.pptx",199654
182,"Odborná rada pro ošetřovatelství a řízení implementace a hodnocení úspěšnosti Koncepce ošetřovatelství","Záznam_25_3_2024","https://ppo.mzcr.cz/upload/files/zapisy-jednani-zaznam-25-3-2024-6698f4ce56150.doc",217600
182,"Odborná rada pro ošetřovatelství a řízení implementace a hodnocení úspěšnosti Koncepce ošetřovatelství","Záznam_23_4_2024","https://ppo.mzcr.cz/upload/files/zapisy-jednani-zaznam-23-4-2024-6845e5fd998dd.docx",179967
182,"Odborná rada pro ošetřovatelství a řízení implementace a hodnocení úspěšnosti Koncepce ošetřovatelství","Záznam_30_10_2024","https://ppo.mzcr.cz/upload/files/zapisy-jednani-zaznam-30-10-2024-6845e53ce492a.pdf",263573
182,"Odborná rada pro ošetřovatelství a řízení implementace a hodnocení úspěšnosti Koncepce ošetřovatelství","Záznam_18_6_2025","https://ppo.mzcr.cz/upload/files/zapisy-jednani-zaznam-18-6-2025-6862812dd8ac9.pdf",244432
182,"Odborná rada pro ošetřovatelství a řízení implementace a hodnocení úspěšnosti Koncepce ošetřovatelství","Záznam_20_11_2025","https://ppo.mzcr.cz/upload/files/zapisy-jednani-zaznam-20-11-2025-6943cdba4925e.pdf",319722
182,"Odborná rada pro ošetřovatelství a řízení implementace a hodnocení úspěšnosti Koncepce ošetřovatelství","Příloha k záznamu_20_11_2025","https://ppo.mzcr.cz/upload/files/zapisy-jednani-priloha-k-zaznamu-20-11-2025-6943ce0d6e70b.docx",62169
185,"Pracovní skupina pro koncepční řešení oblasti zdravotních služeb a činností provozovaných dle živnostenského zákona","Příkaz ministra č. 46/2021_Pracovní skupina pro koncepční řešení oblasti zdravotních služeb a činností provozovaných dle živnostenského zákona","https://ppo.mzcr.cz/upload/files/zakladni-dokumenty-prikaz-ministra-c-46-2021-pracovni-skupina-pro-koncepcni-reseni-oblasti-zdravotnich-sluzeb-a-cinnosti-provozovanych-dle-zivnostenskeho-zakona-6a293bdf57760.pdf",396833
186,"Mezioborová a meziresortní pracovní skupina pro koncepční řešení problematiky Alzheimerovy nemoci a obdobných onemocnění (PS PAN)","Zápis z 1. jednání PS PAN_110522","https://ppo.mzcr.cz/upload/files/zapisy-z-jednani-za-pis-z-1-jednani-ps-pan-110522-69f1ef89afdb1.pdf",236768
186,"Mezioborová a meziresortní pracovní skupina pro koncepční řešení problematiky Alzheimerovy nemoci a obdobných onemocnění (PS PAN)","Zápis z 2. jednání PS PAN_171022","https://ppo.mzcr.cz/upload/files/zapisy-z-jednani-za-pis-z-2-jednani-ps-pan-171022-69f1ef921fef9.pdf",237509
186,"Mezioborová a meziresortní pracovní skupina pro koncepční řešení problematiky Alzheimerovy nemoci a obdobných onemocnění (PS PAN)","Zápis z 3. jednání PS PAN_200323","https://ppo.mzcr.cz/upload/files/zapisy-z-jednani-za-pis-z-3-jednani-ps-pan-200323-69f1ef9b67df7.pdf",307824
186,"Mezioborová a meziresortní pracovní skupina pro koncepční řešení problematiky Alzheimerovy nemoci a obdobných onemocnění (PS PAN)","Zápis z 4. jednání PS PAN_140923","https://ppo.mzcr.cz/upload/files/zapisy-z-jednani-za-pis-z-4-jednani-ps-pan-140923-69f1efa467bf8.pdf",248341
186,"Mezioborová a meziresortní pracovní skupina pro koncepční řešení problematiky Alzheimerovy nemoci a obdobných onemocnění (PS PAN)","Zápis z 5. jednání PS PAN_200224","https://ppo.mzcr.cz/upload/files/zapisy-z-jednani-zapis-z-5-jednani-ps-pan-200224-69f1efac898c7.pdf",250378
186,"Mezioborová a meziresortní pracovní skupina pro koncepční řešení problematiky Alzheimerovy nemoci a obdobných onemocnění (PS PAN)","Zápis z 6. jednání PS PAN_250924","https://ppo.mzcr.cz/upload/files/zapisy-z-jednani-zapis-z-6-jednani-ps-pan-250924-69f1efb68a887.pdf",247128
186,"Mezioborová a meziresortní pracovní skupina pro koncepční řešení problematiky Alzheimerovy nemoci a obdobných onemocnění (PS PAN)","Zápis z 7. jednání PS PAN_220425","https://ppo.mzcr.cz/upload/files/zapisy-z-jednani-zapis-z-7-jednani-ps-pan-220425-69f1efeb6ab26.pdf",305827
186,"Mezioborová a meziresortní pracovní skupina pro koncepční řešení problematiky Alzheimerovy nemoci a obdobných onemocnění (PS PAN)","Zápis z 8. jednání PS PAN_131025","https://ppo.mzcr.cz/upload/files/zapisy-z-jednani-zapis-z-8-jednani-ps-pan-131025-69f1eff322a99.pdf",249976
186,"Mezioborová a meziresortní pracovní skupina pro koncepční řešení problematiky Alzheimerovy nemoci a obdobných onemocnění (PS PAN)","Zápis z 9. jednání PS PAN_230326","https://ppo.mzcr.cz/upload/files/zapisy-z-jednani-zapis-z-9-jednani-ps-pan-230326-69f1effb99a6d.pdf",265800
186,"Mezioborová a meziresortní pracovní skupina pro koncepční řešení problematiky Alzheimerovy nemoci a obdobných onemocnění (PS PAN)","PM 2022-02_Statut a jednací řád","https://ppo.mzcr.cz/upload/files/zakladni-dokumenty-pm-2022-02-statut-a-jednaci-rad-69f1ef3e71f7c.pdf",275713
187,"Poradní skupina ekonomů lůžkové péče","Statut a jednací řád","https://ppo.mzcr.cz/upload/files/jednaci-dokumenty-statut-a-jednaci-rad-62873c539cf79.pdf",202344
188,"Centrální koordinační skupina Národního antibiotického programu","Usnesení vlády č. 595 ze dne 4. května 2009","https://ppo.mzcr.cz/upload/files/usneseni-vlady-usneseni-vlady-c-595-ze-dne-4-kvetna-2009-632c452972280.pdf",16326
188,"Centrální koordinační skupina Národního antibiotického programu","Usnesení vlády č. 75 ze dne 28. ledna 2019","https://ppo.mzcr.cz/upload/files/usneseni-vlady-usneseni-vlady-c-75-ze-dne-28-ledna-2019-632c454606ac8.pdf",131535
188,"Centrální koordinační skupina Národního antibiotického programu","Akční plán Národního antibiotického programu České republiky - textová část","https://ppo.mzcr.cz/upload/files/akcni-plan-akcni-plan-narodniho-antibiotickeho-programu-ceske-republiky-textova-cast-632c457a2d508.pdf",810201
188,"Centrální koordinační skupina Národního antibiotického programu","Akční plán Národního antibiotického programu České republiky - tabulková část","https://ppo.mzcr.cz/upload/files/akcni-plan-akcni-plan-narodniho-antibiotickeho-programu-ceske-republiky-tabulkova-cast-632c458eeaac3.pdf",637819
188,"Centrální koordinační skupina Národního antibiotického programu","Věstník MZ ČR č. 9/2009","https://ppo.mzcr.cz/upload/files/zakladni-dokumenty-cks-nap-vestnik-mz-cr-c-9-2009-632c45d05463b.pdf",157516
188,"Centrální koordinační skupina Národního antibiotického programu","Jednání 3. 10. 2022","https://ppo.mzcr.cz/upload/files/zaznam-z-jednani-jednani-3-10-2022-636223594757b.docx",18764
189,"Rada Národního centra pro medicínské nomenklatury a klasifikace","Statut a jednací řád Rady NCMNK","https://ppo.mzcr.cz/upload/files/dokumenty-rady-ncmnk-statut-a-jednaci-rad-rady-ncmnk-633ad0fc99cb4.pdf",6091963
191,"Komise pro přípravu programu screeningu aneurysmatu abdominální aorty","PM 2023-09_Jednací řád a status komise aneurysma abdominální aorty","https://ppo.mzcr.cz/upload/files/zakladni-dokumenty-pm-2023-09-jednaci-rad-a-status-komise-aneurysma-abdominalni-aorty-63f770908b8d0.pdf",178067
191,"Komise pro přípravu programu screeningu aneurysmatu abdominální aorty","Komise AAA - Zápis 25. 5. 2023","https://ppo.mzcr.cz/upload/files/zapisy-z-jednani-komise-aaa-zapis-25-5-2023-673da2e5c2eb0.pdf",257221
191,"Komise pro přípravu programu screeningu aneurysmatu abdominální aorty","Komise AAA - Zápis 19. 10. 2023","https://ppo.mzcr.cz/upload/files/zapisy-z-jednani-komise-aaa-zapis-19-10-2023-6992e2bbba27d.pdf",253973
191,"Komise pro přípravu programu screeningu aneurysmatu abdominální aorty","Komise AAA - Zápis 25. 1. 2024","https://ppo.mzcr.cz/upload/files/zapisy-z-jednani-komise-aaa-zapis-25-1-2024-673da2e5c6785.pdf",258831
191,"Komise pro přípravu programu screeningu aneurysmatu abdominální aorty","Komise AAA - Zápis 30. 5. 2024","https://ppo.mzcr.cz/upload/files/zapisy-z-jednani-komise-aaa-zapis-30-5-2024-673da2e5c8112.pdf",299632
191,"Komise pro přípravu programu screeningu aneurysmatu abdominální aorty","Komise AAA - Zápis 12. 9. 2024","https://ppo.mzcr.cz/upload/files/zapisy-z-jednani-komise-aaa-zapis-12-9-2024-673da2eea7f37.pdf",289852
191,"Komise pro přípravu programu screeningu aneurysmatu abdominální aorty","Komise AAA - Zápis 6. 3. 2025","https://ppo.mzcr.cz/upload/files/zapisy-z-jednani-komise-aaa-zapis-6-3-2025-695f77bca371b.pdf",267445
191,"Komise pro přípravu programu screeningu aneurysmatu abdominální aorty","Komise AAA - Zápis 11. 9. 2025","https://ppo.mzcr.cz/upload/files/zapisy-z-jednani-komise-aaa-zapis-11-9-2025-695f77d644be3.pdf",260171
191,"Komise pro přípravu programu screeningu aneurysmatu abdominální aorty","Komise AAA - Pozvánka + program 25. 5. 23","https://ppo.mzcr.cz/upload/files/pozvanky-na-jednani-komise-aaa-pozvanka-program-25-5-23-6487067969026.pdf",164028
191,"Komise pro přípravu programu screeningu aneurysmatu abdominální aorty","Komise AAA - Pozvánka + program 19. 10. 23","https://ppo.mzcr.cz/upload/files/pozvanky-na-jednani-komise-aaa-pozvanka-program-19-10-23-654b90aa5167f.pdf",163794
191,"Komise pro přípravu programu screeningu aneurysmatu abdominální aorty","Komise AAA - Pozvánka + program 25. 1. 24","https://ppo.mzcr.cz/upload/files/pozvanky-na-jednani-komise-aaa-pozvanka-program-25-1-24-66164324e1743.pdf",165586
191,"Komise pro přípravu programu screeningu aneurysmatu abdominální aorty","Komise AAA - Pozvánka + program 30. 5. 24","https://ppo.mzcr.cz/upload/files/pozvanky-na-jednani-komise-aaa-pozvanka-program-30-5-24-668cd819a66d5.pdf",167813
191,"Komise pro přípravu programu screeningu aneurysmatu abdominální aorty","Komise AAA - Pozvánka + program 12. 9. 24","https://ppo.mzcr.cz/upload/files/pozvanky-na-jednani-komise-aaa-pozvanka-program-12-9-24-673da293d54ee.pdf",165871
191,"Komise pro přípravu programu screeningu aneurysmatu abdominální aorty","Komise AAA - Pozvánka + program 14. 11. 24","https://ppo.mzcr.cz/upload/files/pozvanky-na-jednani-komise-aaa-pozvanka-program-14-11-24-673da34b63ddf.pdf",161932
191,"Komise pro přípravu programu screeningu aneurysmatu abdominální aorty","Komise AAA - Pozvánka + program 6. 3. 25","https://ppo.mzcr.cz/upload/files/pozvanky-na-jednani-komise-aaa-pozvanka-program-6-3-25-68ac1b160b780.pdf",163182
191,"Komise pro přípravu programu screeningu aneurysmatu abdominální aorty","Komise AAA - Pozvánka + program 11. 9. 25","https://ppo.mzcr.cz/upload/files/pozvanky-na-jednani-komise-aaa-pozvanka-program-11-9-25-68da319a25664.pdf",161535
191,"Komise pro přípravu programu screeningu aneurysmatu abdominální aorty","Komise AAA - Pozvánka + program 5. 2. 26","https://ppo.mzcr.cz/upload/files/pozvanky-na-jednani-komise-aaa-pozvanka-program-5-2-26-6992e2aca30b4.pdf",158694
192,"Komise pro program screeningu karcinomu děložního hrdla","PM 2023-10_Jednací řád a status komise děložní hrdlo_Cervix","https://ppo.mzcr.cz/upload/files/zakladni-dokumenty-pm-2023-10-jednaci-rad-a-status-komise-delozni-hrdlo-cervix-63f9e77a587fd.pdf",185849
192,"Komise pro program screeningu karcinomu děložního hrdla","Komise Cervix - Zápis 21. 3. 2023","https://ppo.mzcr.cz/upload/files/zapisy-z-jednani-komise-cervix-zapis-21-3-2023-6438fe1bed4dc.pdf",295100
192,"Komise pro program screeningu karcinomu děložního hrdla","Komise Cervix - Zápis 6. 6. 2023","https://ppo.mzcr.cz/upload/files/zapisy-z-jednani-komise-cervix-zapis-6-6-2023-64c8dda96a144.pdf",271238
192,"Komise pro program screeningu karcinomu děložního hrdla","Komise Cervix - Zápis 24. 10. 2023","https://ppo.mzcr.cz/upload/files/zapisy-z-jednani-komise-cervix-zapis-24-10-2023-6569eaadf0461.pdf",275014
192,"Komise pro program screeningu karcinomu děložního hrdla","Komise Cervix - Zápis 30. 4. 2024","https://ppo.mzcr.cz/upload/files/zapisy-z-jednani-komise-cervix-zapis-30-4-2024-66558958773c7.pdf",281651
192,"Komise pro program screeningu karcinomu děložního hrdla","Komise Cervix - Zápis 15. 10. 2024","https://ppo.mzcr.cz/upload/files/zapisy-z-jednani-komise-cervix-zapis-15-10-2024-6748615b7aa74.pdf",300347
192,"Komise pro program screeningu karcinomu děložního hrdla","Komise Cervix - Zápis 6. 5. 2025","https://ppo.mzcr.cz/upload/files/zapisy-z-jednani-komise-cervix-zapis-6-5-2025-6859279daa1a5.pdf",294939
192,"Komise pro program screeningu karcinomu děložního hrdla","Komise Cervix - Zápis 18. 11. 2025","https://ppo.mzcr.cz/upload/files/zapisy-z-jednani-komise-cervix-zapis-18-11-2025-698f266605c6c.pdf",298106
192,"Komise pro program screeningu karcinomu děložního hrdla","Komise Cervix - Pozvánka + program 21. 3. 2023","https://ppo.mzcr.cz/upload/files/pozvanky-na-jednani-komise-cervix-pozvanka-program-21-3-2023-6438f8af933b6.pdf",169940
192,"Komise pro program screeningu karcinomu děložního hrdla","Komise Cervix - Pozvánka + program 6. 6. 2023","https://ppo.mzcr.cz/upload/files/pozvanky-na-jednani-komise-cervix-pozvanka-program-6-6-2023-6486fff30d022.pdf",170922
192,"Komise pro program screeningu karcinomu děložního hrdla","Komise Cervix - Pozvánka + program 24. 10. 2023","https://ppo.mzcr.cz/upload/files/pozvanky-na-jednani-komise-cervix-pozvanka-program-24-10-2023-654b8f8264056.pdf",192675
192,"Komise pro program screeningu karcinomu děložního hrdla","Komise Cervix - Pozvánka + program 30. 4. 2024","https://ppo.mzcr.cz/upload/files/pozvanky-na-jednani-komise-cervix-pozvanka-program-30-4-2024-6655897565923.pdf",187352
192,"Komise pro program screeningu karcinomu děložního hrdla","Komise Cervix - Pozvánka + program 15. 10. 2024","https://ppo.mzcr.cz/upload/files/pozvanky-na-jednani-komise-cervix-pozvanka-program-15-10-2024-6748617fb9ae9.pdf",193246
192,"Komise pro program screeningu karcinomu děložního hrdla","Komise Cervix - Pozvánka + program 6. 5. 2025","https://ppo.mzcr.cz/upload/files/pozvanky-na-jednani-komise-cervix-pozvanka-program-6-5-2025-685927daa51cb.pdf",186811
192,"Komise pro program screeningu karcinomu děložního hrdla","Komise Cervix - Pozvánka + program 18. 11. 2025","https://ppo.mzcr.cz/upload/files/pozvanky-na-jednani-komise-cervix-pozvanka-program-18-11-2025-69577a0cc0c9d.pdf",186557
192,"Komise pro program screeningu karcinomu děložního hrdla","Komise Cervix - Pozvánka + program 16. 6. 2026","https://ppo.mzcr.cz/upload/files/komise-pro-program-screeningu-karcinomu-delozniho-hrdla-pozvanky-na-jednani-komise-cervix-pozvanka-program-16-6-2026-6a79f57bcc586.pdf",
192,"Komise pro program screeningu karcinomu děložního hrdla","Návrh Onkogynekologické sekce ČGPS ČLS JEP","https://ppo.mzcr.cz/upload/files/dalsi-dokumenty-navrh-onkogynekologicke-sekce-cgps-cls-jep-69b01440b63c4.pdf",112828
192,"Komise pro program screeningu karcinomu děložního hrdla","Vyjádření Komise k návrhům Onkogynekologické sekce ČGPS ČLS JEP","https://ppo.mzcr.cz/upload/files/dalsi-dokumenty-vyjadreni-komise-k-navrhum-onkogynekologicke-sekce-cgps-cls-jep-69b01a609b9f0.pdf",208569
193,"Komise pro program časného záchytu karcinomu plic","PM 2023-11_Jednací řád a status komise karcinom plic","https://ppo.mzcr.cz/upload/files/zakladni-dokumenty-pm-2023-11-jednaci-rad-a-status-komise-karcinom-plic-63f9e91f612f7.pdf",178093
193,"Komise pro program časného záchytu karcinomu plic","Zápis z jednání Komise LCS - 25. 9. 2023","https://ppo.mzcr.cz/upload/files/zapisy-z-jednani-zapis-z-jednani-komise-lcs-25-9-2023-6554df9543031.pdf",276096
193,"Komise pro program časného záchytu karcinomu plic","Zápis z jednání Komise LCS - 11. 4. 2024","https://ppo.mzcr.cz/upload/files/zapisy-z-jednani-zapis-z-jednani-komise-lcs-11-4-2024-662fad8130dc0.pdf",289378
193,"Komise pro program časného záchytu karcinomu plic","Zápis z jednání Komise LCS - 3. 10.2024","https://ppo.mzcr.cz/upload/files/zapisy-z-jednani-zapis-z-jednani-komise-lcs-3-10-2024-677e8e3b649d7.pdf",316856
193,"Komise pro program časného záchytu karcinomu plic","Zápis z jednání Komise LCS - 27. 3. 2025","https://ppo.mzcr.cz/upload/files/zapisy-z-jednani-zapis-z-jednani-komise-lcs-27-3-2025-6818658f9982f.pdf",330676
193,"Komise pro program časného záchytu karcinomu plic","Zápis z jednání Komise LCS - 24. 6. 2025","https://ppo.mzcr.cz/upload/files/zapisy-z-jednani-zapis-z-jednani-komise-lcs-24-6-2025-68ac39a9ed066.pdf",312946
193,"Komise pro program časného záchytu karcinomu plic","Zápis z jednání Komise LCS - 16. 10. 2025","https://ppo.mzcr.cz/upload/files/zapisy-z-jednani-zapis-z-jednani-komise-lcs-16-10-2025-6932859e554e8.pdf",288639
193,"Komise pro program časného záchytu karcinomu plic","Komise LCS - Pozvánka + program 25. 9. 2023","https://ppo.mzcr.cz/upload/files/pozvanky-na-jednani-komise-lcs-pozvanka-program-25-9-2023-654b9221671cd.pdf",185268
193,"Komise pro program časného záchytu karcinomu plic","Komise LCS - Pozvánka + program 11. 4. 2024","https://ppo.mzcr.cz/upload/files/pozvanky-na-jednani-komise-lcs-pozvanka-program-11-4-2024-66139ba51cedc.pdf",182648
193,"Komise pro program časného záchytu karcinomu plic","Komise LCS - Pozvánka + program 3. 10. 2024","https://ppo.mzcr.cz/upload/files/pozvanky-na-jednani-komise-lcs-pozvanka-program-3-10-2024-66f12d3736ff4.pdf",188350
193,"Komise pro program časného záchytu karcinomu plic","Komise LCS - Pozvánka + program 27. 3. 2025","https://ppo.mzcr.cz/upload/files/pozvanky-na-jednani-komise-lcs-pozvanka-program-27-3-2025-67d85c28787ee.pdf",183081
193,"Komise pro program časného záchytu karcinomu plic","Komise LCS - Pozvánka + program 24. 6. 2025","https://ppo.mzcr.cz/upload/files/pozvanky-na-jednani-komise-lcs-pozvanka-program-24-6-2025-683eb756929cd.pdf",181336
193,"Komise pro program časného záchytu karcinomu plic","Komise LCS - Pozvánka + program 16. 10. 2025","https://ppo.mzcr.cz/upload/files/pozvanky-na-jednani-komise-lcs-pozvanka-program-16-10-2025-69280fc7111fb.pdf",195220
193,"Komise pro program časného záchytu karcinomu plic","Komise LCS - Pozvánka + program 10. 6. 2026","https://ppo.mzcr.cz/upload/files/komise-lcs-pozvanky-na-jednani-komise-lcs-pozvanka-program-10-6-2026-6a7f0e320cee0.pdf",
194,"Komise pro přípravu programu časného záchytu karcinomu prostaty","PM 2023-12_Jednací řád a status komise karcinom prostaty","https://ppo.mzcr.cz/upload/files/zakladni-informace-pm-2023-12-jednaci-rad-a-status-komise-karcinom-prostaty-63f9e98593372.pdf",176530
194,"Komise pro přípravu programu časného záchytu karcinomu prostaty","Zápis z jednání Komise Prostata - 30. 3. 2023","https://ppo.mzcr.cz/upload/files/zapisy-z-jednani-zapis-z-jednani-komise-prostata-30-3-2023-6459ef19f1fab.pdf",250235
194,"Komise pro přípravu programu časného záchytu karcinomu prostaty","Zápis z jednání Komise Prostata - 30. 5. 2023","https://ppo.mzcr.cz/upload/files/zapisy-z-jednani-zapis-z-jednani-komise-prostata-30-5-2023-64c8e10623bae.pdf",249703
194,"Komise pro přípravu programu časného záchytu karcinomu prostaty","Zápis z jednání Komise Prostata - 17. 10. 2023","https://ppo.mzcr.cz/upload/files/zapisy-z-jednani-zapis-z-jednani-komise-prostata-17-10-2023-655398dbbc408.pdf",298571
194,"Komise pro přípravu programu časného záchytu karcinomu prostaty","Zápis z jednání Komise Prostata - 19. 1. 2024","https://ppo.mzcr.cz/upload/files/zapisy-z-jednani-zapis-z-jednani-komise-prostata-19-1-2024-65c4dd495da68.pdf",312350
194,"Komise pro přípravu programu časného záchytu karcinomu prostaty","Zápis z jednání Komise Prostata - 5. 3. 2024","https://ppo.mzcr.cz/upload/files/zapisy-z-jednani-zapis-z-jednani-komise-prostata-5-3-2024-660272f127b5b.pdf",382456
194,"Komise pro přípravu programu časného záchytu karcinomu prostaty","Zápis z jednání Komise Prostata - 16. 4. 2024","https://ppo.mzcr.cz/upload/files/zapisy-z-jednani-zapis-z-jednani-komise-prostata-16-4-2024-66475ac8aaaac.pdf",366717
194,"Komise pro přípravu programu časného záchytu karcinomu prostaty","Zápis z jednání Komise Prostata - 11. 6. 2024","https://ppo.mzcr.cz/upload/files/zapisy-z-jednani-zapis-z-jednani-komise-prostata-11-6-2024-66854fd874771.pdf",327065
194,"Komise pro přípravu programu časného záchytu karcinomu prostaty","Zápis z jednání Komise Prostata - 17. 9. 2024","https://ppo.mzcr.cz/upload/files/zapisy-z-jednani-zapis-z-jednani-komise-prostata-17-9-2024-67c999d962d22.pdf",347519
194,"Komise pro přípravu programu časného záchytu karcinomu prostaty","Zápis z jednání Komise Prostata - 28. 1. 2025","https://ppo.mzcr.cz/upload/files/zapisy-z-jednani-zapis-z-jednani-komise-prostata-28-1-2025-67c999283f99d.pdf",284683
194,"Komise pro přípravu programu časného záchytu karcinomu prostaty","Zápis z jednání Komise Prostata - 29. 4. 2025","https://ppo.mzcr.cz/upload/files/zapisy-z-jednani-zapis-z-jednani-komise-prostata-29-4-2025-68402627d33b9.pdf",344682
194,"Komise pro přípravu programu časného záchytu karcinomu prostaty","Zápis z jednání Komise Prostata - 26. 11. 2025","https://ppo.mzcr.cz/upload/files/zapisy-z-jednani-zapis-z-jednani-komise-prostata-26-11-2025-696634ae58939.pdf",267299
194,"Komise pro přípravu programu časného záchytu karcinomu prostaty","Zápis z jednání Komise Prostata - 28. 4. 2026","https://ppo.mzcr.cz/upload/files/zapisy-z-jednani-zapis-z-jednani-komise-prostata-28-4-2026-6a1e8fce83ca8.pdf",250252
194,"Komise pro přípravu programu časného záchytu karcinomu prostaty","Komise Prostata - Pozvánka + program 30. 3. 2023","https://ppo.mzcr.cz/upload/files/pozvanky-na-jednani-komise-prostata-pozvanka-program-30-3-2023-6438f97db02f5.pdf",178348
194,"Komise pro přípravu programu časného záchytu karcinomu prostaty","Komise Prostata - Pozvánka + program 30. 5. 2023","https://ppo.mzcr.cz/upload/files/pozvanky-na-jednani-komise-prostata-pozvanka-program-30-5-2023-648707c29dc31.pdf",184970
194,"Komise pro přípravu programu časného záchytu karcinomu prostaty","Komise Prostata - Pozvánka + program 17. 10. 2023","https://ppo.mzcr.cz/upload/files/pozvanky-na-jednani-komise-prostata-pozvanka-program-17-10-2023-654b969b85a21.pdf",189367
194,"Komise pro přípravu programu časného záchytu karcinomu prostaty","Komise Prostata - Pozvánka + program 19. 1. 2024","https://ppo.mzcr.cz/upload/files/pozvanky-na-jednani-komise-prostata-pozvanka-program-19-1-2024-65b21be9367e1.pdf",178759
194,"Komise pro přípravu programu časného záchytu karcinomu prostaty","Komise Prostata - Pozvánka + program 5. 3. 2024","https://ppo.mzcr.cz/upload/files/pozvanky-na-jednani-komise-prostata-pozvanka-program-5-3-2024-65e7544651520.pdf",171504
194,"Komise pro přípravu programu časného záchytu karcinomu prostaty","Komise Prostata - Pozvánka + program 16. 4. 2024","https://ppo.mzcr.cz/upload/files/pozvanky-na-jednani-komise-prostata-pozvanka-program-16-4-2024-66177cb4a076d.pdf",177976
194,"Komise pro přípravu programu časného záchytu karcinomu prostaty","Komise Prostata - pozvánka + program 11. 6. 2024","https://ppo.mzcr.cz/upload/files/pozvanky-na-jednani-komise-prostata-pozvanka-program-11-6-2024-665d61d73b035.pdf",187298
194,"Komise pro přípravu programu časného záchytu karcinomu prostaty","Komise Prostata - Pozvánka + program 17. 9. 2024","https://ppo.mzcr.cz/upload/files/pozvanky-na-jednani-komise-prostata-pozvanka-program-17-9-2024-66e0300e0c3d9.pdf",171640
194,"Komise pro přípravu programu časného záchytu karcinomu prostaty","Komise Prostata - pozvánka + program 28. 1. 2025","https://ppo.mzcr.cz/upload/files/pozvanky-na-jednani-komise-prostata-pozvanka-program-28-1-2025-677e8cbf20b0c.pdf",186463
194,"Komise pro přípravu programu časného záchytu karcinomu prostaty","Komise Prostata - pozvánka + program 29. 4. 2025","https://ppo.mzcr.cz/upload/files/pozvanky-na-jednani-komise-prostata-pozvanka-program-29-4-2025-67ff872847516.pdf",166981
194,"Komise pro přípravu programu časného záchytu karcinomu prostaty","Komise Prostata - Pozvánka + program 26. 11. 2025","https://ppo.mzcr.cz/upload/files/pozvanky-na-jednani-komise-prostata-pozvanka-program-26-11-2025-6966346dd903c.pdf",163670
194,"Komise pro přípravu programu časného záchytu karcinomu prostaty","Komise Prostata - Pozvánka + program 28. 4. 2026","https://ppo.mzcr.cz/upload/files/pozvanky-na-jednani-komise-prostata-pozvanka-program-28-4-2026-69f1de8293789.pdf",187140
196,"Komise pro program screeningu karcinomu prsu","PM 2023-13_Jednací řád a status komise karcinom prsu_Mamo","https://ppo.mzcr.cz/upload/files/zakladni-dokumenty-pm-2023-13-jednaci-rad-a-status-komise-karcinom-prsu-mamo-63f9e9bc9c4e5.pdf",177160
196,"Komise pro program screeningu karcinomu prsu","Zápis z jednání Komise Mamo - 28. 3. 2023","https://ppo.mzcr.cz/upload/files/zapisy-z-jednani-zapis-z-jednani-komise-mamo-28-3-2023-645b42f92c617.pdf",253577
196,"Komise pro program screeningu karcinomu prsu","Zápis z jednání Komise Mamo - 4. 10. 2023","https://ppo.mzcr.cz/upload/files/zapisy-z-jednani-zapis-z-jednani-komise-mamo-4-10-2023-659fb8cfc6184.pdf",308328
196,"Komise pro program screeningu karcinomu prsu","Zápis z jednání Komise Mamo - 28. 2. 2024","https://ppo.mzcr.cz/upload/files/zapisy-z-jednani-zapis-z-jednani-komise-mamo-28-2-2024-660d24573acce.pdf",299126
196,"Komise pro program screeningu karcinomu prsu","Zápis z jednání Komise Mamo - 30. 9. 2024","https://ppo.mzcr.cz/upload/files/zapisy-z-jednani-zapis-z-jednani-komise-mamo-30-9-2024-674d5c90be277.pdf",339014
196,"Komise pro program screeningu karcinomu prsu","Zápis z jednání Komise Mamo - 12. 12. 2024","https://ppo.mzcr.cz/upload/files/zapisy-z-jednani-zapis-z-jednani-komise-mamo-12-12-2024-6777c08d328b0.pdf",277091
196,"Komise pro program screeningu karcinomu prsu","Zápis z jednání Komise Mamo - 8. 1. 2025","https://ppo.mzcr.cz/upload/files/zapisy-z-jednani-zapis-z-jednani-komise-mamo-8-1-2025-67aeeb39e9fa8.pdf",284276
196,"Komise pro program screeningu karcinomu prsu","Zápis z jednání Komise Mamo - 5. 9. 2025","https://ppo.mzcr.cz/upload/files/zapisy-z-jednani-zapis-z-jednani-komise-mamo-5-9-2025-68d0e8ce06bf0.pdf",286611
196,"Komise pro program screeningu karcinomu prsu","Zápis z jednání Komise Mamo - 5. 11. 2025","https://ppo.mzcr.cz/upload/files/zapisy-z-jednani-zapis-z-jednani-komise-mamo-5-11-2025-6960c80c99361.pdf",307469
196,"Komise pro program screeningu karcinomu prsu","Zápis z jednání Komise Mamo - 25. 2. 2026","https://ppo.mzcr.cz/upload/files/zapisy-z-jednani-zapis-z-jednani-komise-mamo-25-2-2026-69f9baca204a0.pdf",310750
196,"Komise pro program screeningu karcinomu prsu","Komise Mamo - Pozvánka + program 28. 3. 2023","https://ppo.mzcr.cz/upload/files/pozvanky-na-jednani-komise-mamo-pozvanka-program-28-3-2023-6438f91eca77b.pdf",168599
196,"Komise pro program screeningu karcinomu prsu","Komise Mamo - Pozvánka + program 4. 10. 2023","https://ppo.mzcr.cz/upload/files/pozvanky-na-jednani-komise-mamo-pozvanka-program-4-10-2023-654b965624832.pdf",198832
196,"Komise pro program screeningu karcinomu prsu","Komise Mamo - Pozvánka + program 28. 2. 2024","https://ppo.mzcr.cz/upload/files/pozvanky-na-jednani-komise-mamo-pozvanka-program-28-2-2024-660d3824074a4.pdf",203818
196,"Komise pro program screeningu karcinomu prsu","Komise Mamo - Pozvánka + program 30. 9. 2024","https://ppo.mzcr.cz/upload/files/pozvanky-na-jednani-komise-mamo-pozvanka-program-30-9-2024-674d5ca492cfb.pdf",213928
196,"Komise pro program screeningu karcinomu prsu","Komise Mamo - Pozvánka + program 12. 12. 2024","https://ppo.mzcr.cz/upload/files/pozvanky-na-jednani-komise-mamo-pozvanka-program-12-12-2024-6777c0a172c8a.pdf",190724
196,"Komise pro program screeningu karcinomu prsu","Komise Mamo - Pozvánka + program 8. 1. 2025","https://ppo.mzcr.cz/upload/files/pozvanky-na-jednani-komise-mamo-pozvanka-program-8-1-2025-67aeeb9ad10a9.pdf",195912
196,"Komise pro program screeningu karcinomu prsu","Komise Mamo - Pozvánka + program 5. 9. 2025","https://ppo.mzcr.cz/upload/files/pozvanky-na-jednani-komise-mamo-pozvanka-program-5-9-2025-68de2e205678a.pdf",184688
196,"Komise pro program screeningu karcinomu prsu","Komise Mamo - Pozvánka + program 5. 11. 2025","https://ppo.mzcr.cz/upload/files/pozvanky-na-jednani-komise-mamo-pozvanka-program-5-11-2025-695779a586573.pdf",214110
196,"Komise pro program screeningu karcinomu prsu","Komise Mamo - Pozvánka + program 25. 2. 2026","https://ppo.mzcr.cz/upload/files/pozvanky-na-jednani-komise-mamo-pozvanka-program-25-2-2026-69b8faee5a89e.pdf",202477
196,"Komise pro program screeningu karcinomu prsu","Usnesení Komise Mamo - 28. 11. 2024","https://ppo.mzcr.cz/upload/files/dalsi-dokumenty-usneseni-komise-mamo-28-11-2024-677f7b2da46cf.pdf",160521
196,"Komise pro program screeningu karcinomu prsu","Zápis z jednání k možnostem posílení mamografického screenigu ve vybraných regionech - 25. 11. 2024","https://ppo.mzcr.cz/upload/files/dalsi-dokumenty-zapis-z-jednani-k-moznostem-posileni-mamografickeho-screenigu-ve-vybranych-regionech-25-11-2024-6788fea07b618.pdf",298347
197,"Komise pro program screeningu kolorektálního karcinomu","PM 2023-14_Jednací řád a status komise kolorektální karcinom","https://ppo.mzcr.cz/upload/files/zakladni-dokumenty-pm-2023-14-jednaci-rad-a-status-komise-kolorektalni-karcinom-63f9ea06a625a.pdf",178153
197,"Komise pro program screeningu kolorektálního karcinomu","Komise KRK - Zápis 10. 3. 2023","https://ppo.mzcr.cz/upload/files/zapisy-z-jednani-komise-krk-zapis-10-3-2023-6438fd3925bf9.pdf",269557
197,"Komise pro program screeningu kolorektálního karcinomu","Komise KRK - Zápis 18. 5. 2023","https://ppo.mzcr.cz/upload/files/zapisy-z-jednani-komise-krk-zapis-18-5-2023-64996efb03dbf.pdf",253879
197,"Komise pro program screeningu kolorektálního karcinomu","Komise KRK - Zápis 26. 6. 2023","https://ppo.mzcr.cz/upload/files/zapisy-z-jednani-komise-krk-zapis-26-6-2023-64c8decbae6a9.pdf",240531
197,"Komise pro program screeningu kolorektálního karcinomu","Komise KRK - Zápis 13. 9. 2023","https://ppo.mzcr.cz/upload/files/zapisy-z-jednani-komise-krk-zapis-13-9-2023-6513db231ff45.pdf",257807
197,"Komise pro program screeningu kolorektálního karcinomu","Komise KRK - Zápis 2. 10. 2023","https://ppo.mzcr.cz/upload/files/zapisy-z-jednani-komise-krk-zapis-2-10-2023-656580607e5eb.pdf",262463
197,"Komise pro program screeningu kolorektálního karcinomu","Komise KRK - Zápis 11. 12. 2023","https://ppo.mzcr.cz/upload/files/zapisy-z-jednani-komise-krk-zapis-11-12-2023-65af9f5f52d6e.pdf",272258
197,"Komise pro program screeningu kolorektálního karcinomu","Komise KRK - Zápis 26. 2. 2024","https://ppo.mzcr.cz/upload/files/zapisy-z-jednani-komise-krk-zapis-26-2-2024-65f40400a2585.pdf",291103
197,"Komise pro program screeningu kolorektálního karcinomu","Komise KRK - Zápis 3. 6. 2024","https://ppo.mzcr.cz/upload/files/zapisy-z-jednani-komise-krk-zapis-3-6-2024-667e74f770ddc.pdf",280707
197,"Komise pro program screeningu kolorektálního karcinomu","Komise KRK - Zápis 16. 9. 2024","https://ppo.mzcr.cz/upload/files/zapisy-z-jednani-komise-krk-zapis-16-9-2024-672dcebc97491.pdf",298289
197,"Komise pro program screeningu kolorektálního karcinomu","Komise KRK - Zápis 11. 11. 2024","https://ppo.mzcr.cz/upload/files/zapisy-z-jednani-komise-krk-zapis-11-11-2024-677641ba3aa8c.pdf",284753
197,"Komise pro program screeningu kolorektálního karcinomu","Komise KRK - Zápis 3. 2. 2025","https://ppo.mzcr.cz/upload/files/zapisy-z-jednani-komise-krk-zapis-3-2-2025-67cfeebe4ca9f.pdf",276548
197,"Komise pro program screeningu kolorektálního karcinomu","Komise KRK - Zápis 28. 4. 2025","https://ppo.mzcr.cz/upload/files/zapisy-z-jednani-komise-krk-zapis-28-4-2025-683947a0483ad.pdf",280452
197,"Komise pro program screeningu kolorektálního karcinomu","Komise KRK - Zápis 23. 6. 2025","https://ppo.mzcr.cz/upload/files/zapisy-z-jednani-komise-krk-zapis-23-6-2025-6888b8d1a1e89.pdf",295321
197,"Komise pro program screeningu kolorektálního karcinomu","Komise KRK - Zápis 13. 10. 2025","https://ppo.mzcr.cz/upload/files/zapisy-z-jednani-komise-krk-zapis-13-10-2025-694112132c31d.pdf",302531
197,"Komise pro program screeningu kolorektálního karcinomu","Komise KRK - Zápis 8. 12. 2025","https://ppo.mzcr.cz/upload/files/zapisy-z-jednani-komise-krk-zapis-8-12-2025-6960be9031eb2.pdf",281387
197,"Komise pro program screeningu kolorektálního karcinomu","Komise KRK - Zápis 23. 3. 2026","https://ppo.mzcr.cz/upload/files/zapisy-z-jednani-komise-krk-zapis-23-3-2026-69df3d3ac1993.pdf",292254
197,"Komise pro program screeningu kolorektálního karcinomu","Komise KRK - Zápis 1. 6. 2026","https://ppo.mzcr.cz/upload/files/zapisy-z-jednani-komise-krk-zapis-1-6-2026-6a34e189f3759.pdf",300609
197,"Komise pro program screeningu kolorektálního karcinomu","Komise KRK - Pozvánka + program 10. 3. 2023","https://ppo.mzcr.cz/upload/files/pozvanky-na-jednani-komise-krk-pozvanka-program-10-3-2023-64098af117d5a.pdf",177719
197,"Komise pro program screeningu kolorektálního karcinomu","Komise KRK - Pozvánka + program 18. 5. 2023","https://ppo.mzcr.cz/upload/files/pozvanky-na-jednani-komise-krk-pozvanka-program-18-5-2023-648701ab7e6fb.pdf",176348
197,"Komise pro program screeningu kolorektálního karcinomu","Komise KRK - Pozvánka + program 26. 6. 2023","https://ppo.mzcr.cz/upload/files/pozvanky-na-jednani-komise-krk-pozvanka-program-26-6-2023-64c8deb041305.pdf",177422
197,"Komise pro program screeningu kolorektálního karcinomu","Komise KRK - Pozvánka + program 13. 9. 2023","https://ppo.mzcr.cz/upload/files/pozvanky-na-jednani-komise-krk-pozvanka-program-13-9-2023-6513db05ae61c.pdf",186155
197,"Komise pro program screeningu kolorektálního karcinomu","Komise KRK - Pozvánka + program 2. 10. 2023","https://ppo.mzcr.cz/upload/files/pozvanky-na-jednani-komise-krk-pozvanka-program-2-10-2023-654b91225ecaf.pdf",194828
197,"Komise pro program screeningu kolorektálního karcinomu","Komise KRK - Pozvánka + program 11. 12. 2023","https://ppo.mzcr.cz/upload/files/pozvanky-na-jednani-komise-krk-pozvanka-program-11-12-2023-65950e41db1a3.pdf",193376
197,"Komise pro program screeningu kolorektálního karcinomu","Komise KRK - Pozvánka + program 26. 2. 2024","https://ppo.mzcr.cz/upload/files/pozvanky-na-jednani-komise-krk-pozvanka-program-26-2-2024-65f4042ece60c.pdf",198581
197,"Komise pro program screeningu kolorektálního karcinomu","Komise KRK - Pozvánka + program 3. 6. 2024","https://ppo.mzcr.cz/upload/files/pozvanky-na-jednani-komise-krk-pozvanka-program-3-6-2024-667e74db54525.pdf",205765
197,"Komise pro program screeningu kolorektálního karcinomu","Komise KRK - Pozvánka + program 16. 9. 2024","https://ppo.mzcr.cz/upload/files/pozvanky-na-jednani-komise-krk-pozvanka-program-16-9-2024-672dced0cccbf.pdf",201639
197,"Komise pro program screeningu kolorektálního karcinomu","Komise KRK - Pozvánka + program 11. 11. 2024","https://ppo.mzcr.cz/upload/files/pozvanky-na-jednani-komise-krk-pozvanka-program-11-11-2024-677641cd6a39f.pdf",203476
197,"Komise pro program screeningu kolorektálního karcinomu","Komise KRK - Pozvánka + program 3. 2. 2025","https://ppo.mzcr.cz/upload/files/pozvanky-na-jednani-komise-krk-pozvanka-program-3-2-2025-67d1512f1cfc3.pdf",202087
197,"Komise pro program screeningu kolorektálního karcinomu","Komise KRK - Pozvánka + program 28. 4. 2025","https://ppo.mzcr.cz/upload/files/pozvanky-na-jednani-komise-krk-pozvanka-program-28-4-2025-683947c95524e.pdf",197031
197,"Komise pro program screeningu kolorektálního karcinomu","Komise KRK - Pozvánka + program 23. 6. 2025","https://ppo.mzcr.cz/upload/files/pozvanky-na-jednani-komise-krk-pozvanka-program-23-6-2025-6888b90029047.pdf",199978
197,"Komise pro program screeningu kolorektálního karcinomu","Komise KRK - Pozvánka + program 13. 10. 2025","https://ppo.mzcr.cz/upload/files/pozvanky-na-jednani-komise-krk-pozvanka-program-13-10-2025-6926f28761045.pdf",197200
197,"Komise pro program screeningu kolorektálního karcinomu","Komise KRK - Pozvánka + program 8. 12. 2025","https://ppo.mzcr.cz/upload/files/pozvanky-na-jednani-komise-krk-pozvanka-program-8-12-2025-69314b3b8caa0.pdf",188949
197,"Komise pro program screeningu kolorektálního karcinomu","Komise KRK - Pozvánka + program 23. 3. 2026","https://ppo.mzcr.cz/upload/files/pozvanky-na-jednani-komise-krk-pozvanka-program-23-3-2026-69c1356b6a074.pdf",170540
197,"Komise pro program screeningu kolorektálního karcinomu","Komise KRK - Pozvánka + program 1. 6. 2026","https://ppo.mzcr.cz/upload/files/pozvanky-na-jednani-komise-krk-pozvanka-program-1-6-2026-6a1eb5688d0f3.pdf",169757
197,"Komise pro program screeningu kolorektálního karcinomu","Usnesení Komise pro program screeningu kolorektálního karcinomu - 23. 06. 2025","https://ppo.mzcr.cz/upload/files/dalsi-dokumenty-usneseni-komise-pro-program-screeningu-kolorektalniho-karcinomu-23-06-2025-68da7bce4b503.pdf",160700
198,"Komise pro přípravu programu časného záchytu poruch štítné žlázy v těhotenství","PM 2023-15_Jednací řád a status komise štítná žláza_Tyreo","https://ppo.mzcr.cz/upload/files/zakladni-dokumenty-pm-2023-15-jednaci-rad-a-status-komise-stitna-zlaza-tyreo-63f9ea774876e.pdf",184732
198,"Komise pro přípravu programu časného záchytu poruch štítné žlázy v těhotenství","Metodika realizace vyšetření poruch štítné žlázy v těhotenství u rizikových žen","https://ppo.mzcr.cz/upload/files/zakladni-dokumenty-metodika-realizace-vysetreni-poruch-stitne-zlazy-v-tehotenstvi-u-rizikovych-zen-69b120d5a7dad.pdf",509028
198,"Komise pro přípravu programu časného záchytu poruch štítné žlázy v těhotenství","Zápis z jednání Komise Tyreopatie - 30. 3. 2023","https://ppo.mzcr.cz/upload/files/zapisy-z-jednani-zapis-z-jednani-komise-tyreopatie-30-3-2023-6459ef70c3339.pdf",270067
198,"Komise pro přípravu programu časného záchytu poruch štítné žlázy v těhotenství","Zápis z jednání Komise Tyreopatie - 4. 5. 2023","https://ppo.mzcr.cz/upload/files/zapisy-z-jednani-zapis-z-jednani-komise-tyreopatie-4-5-2023-6487025bc1863.pdf",262752
198,"Komise pro přípravu programu časného záchytu poruch štítné žlázy v těhotenství","Zápis z jednání Komise Tyreopatie - 26. 6. 2023","https://ppo.mzcr.cz/upload/files/zapisy-z-jednani-zapis-z-jednani-komise-tyreopatie-26-6-2023-64c8e0e223ae1.pdf",240472
198,"Komise pro přípravu programu časného záchytu poruch štítné žlázy v těhotenství","Zápis z jednání Komise Tyreopatie - 30. 10. 2023","https://ppo.mzcr.cz/upload/files/zapisy-z-jednani-zapis-z-jednani-komise-tyreopatie-30-10-2023-6571cab2d1587.pdf",264733
198,"Komise pro přípravu programu časného záchytu poruch štítné žlázy v těhotenství","Zápis z jednání Komise Tyreopatie - 29. 1. 2024","https://ppo.mzcr.cz/upload/files/zapisy-z-jednani-zapis-z-jednani-komise-tyreopatie-29-1-2024-65cc9091837ca.pdf",218849
198,"Komise pro přípravu programu časného záchytu poruch štítné žlázy v těhotenství","Zápis z jednání Komise Tyreopatie - 1. 9. 2025","https://ppo.mzcr.cz/upload/files/zapisy-z-jednani-zapis-z-jednani-komise-tyreopatie-1-9-2025-690c6a4230aeb.pdf",211195
198,"Komise pro přípravu programu časného záchytu poruch štítné žlázy v těhotenství","Zápis z jednání Komise Tyreopatie - 20. 10. 2025","https://ppo.mzcr.cz/upload/files/zapisy-z-jednani-zapis-z-jednani-komise-tyreopatie-20-10-2025-691313442c65c.pdf",210285
198,"Komise pro přípravu programu časného záchytu poruch štítné žlázy v těhotenství","Komise Tyreo - Pozvánka + program 30. 3. 2023","https://ppo.mzcr.cz/upload/files/pozvanky-na-jednani-komise-tyreo-pozvanka-program-30-3-2023-6438f9d7bfa9e.pdf",180373
198,"Komise pro přípravu programu časného záchytu poruch štítné žlázy v těhotenství","Komise Tyreo - Pozvánka + program 4. 5. 2023","https://ppo.mzcr.cz/upload/files/pozvanky-na-jednani-komise-tyreo-pozvanka-program-4-5-2023-648705a48005b.pdf",164813
198,"Komise pro přípravu programu časného záchytu poruch štítné žlázy v těhotenství","Komise Tyreo - Pozvánka + program 26. 6. 2023","https://ppo.mzcr.cz/upload/files/pozvanky-na-jednani-komise-tyreo-pozvanka-program-26-6-2023-64c8e075710d8.pdf",164019
198,"Komise pro přípravu programu časného záchytu poruch štítné žlázy v těhotenství","Komise Tyreo - Pozvánka + program 30. 10. 2023","https://ppo.mzcr.cz/upload/files/pozvanky-na-jednani-komise-tyreo-pozvanka-program-30-10-2023-654b971d2bde4.pdf",160104
198,"Komise pro přípravu programu časného záchytu poruch štítné žlázy v těhotenství","Komise Tyreo - Pozvánka + program 29. 1. 2024","https://ppo.mzcr.cz/upload/files/pozvanky-na-jednani-komise-tyreo-pozvanka-program-29-1-2024-65cc9074975c7.pdf",171750
199,"Komise pro výživu kojenců a malých dětí","Zápis ze dne 13. února 2023","https://ppo.mzcr.cz/upload/files/zapisy-z-jednani-komise-zapis-ze-dne-13-unora-2023-642eea042b8e4.pdf",518981
199,"Komise pro výživu kojenců a malých dětí","Zápis ze dne 30. května 2023","https://ppo.mzcr.cz/upload/files/zapisy-z-jednani-komise-zapis-ze-dne-30-kvetna-2023-66fe6722a788c.pdf",235504
199,"Komise pro výživu kojenců a malých dětí","Příloha č. 1 k Zápisu ze dne 30. května 2023","https://ppo.mzcr.cz/upload/files/zapisy-z-jednani-komise-priloha-c-1-k-zapisu-ze-dne-30-kvetna-2023-66fe676f77bf5.pdf",1204008
199,"Komise pro výživu kojenců a malých dětí","Příloha č. 2 k Zápisu ze dne 30. května 2023","https://ppo.mzcr.cz/upload/files/zapisy-z-jednani-komise-priloha-c-2-k-zapisu-ze-dne-30-kvetna-2023-66fe679710c91.pdf",1884355
199,"Komise pro výživu kojenců a malých dětí","Zápis ze dne 25. září 2023","https://ppo.mzcr.cz/upload/files/zapisy-z-jednani-komise-zapis-ze-dne-25-zari-2023-66fe67d6b617d.pdf",227307
199,"Komise pro výživu kojenců a malých dětí","Příloha č. 1 k Zápisu ze dne 25. září 2023","https://ppo.mzcr.cz/upload/files/zapisy-z-jednani-komise-priloha-c-1-k-zapisu-ze-dne-25-zari-2023-66fe680bce720.pdf",816756
199,"Komise pro výživu kojenců a malých dětí","Příloha č. 2. k Zápisu ze dne 25. září 2023","https://ppo.mzcr.cz/upload/files/zapisy-z-jednani-komise-priloha-c-2-k-zapisu-ze-dne-25-zari-2023-66fe684328c4e.pdf",7404488
199,"Komise pro výživu kojenců a malých dětí","Příloha č. 3 k Zápisu ze dne 25. září 2023","https://ppo.mzcr.cz/upload/files/zapisy-z-jednani-komise-priloha-c-3-k-zapisu-ze-dne-25-zari-2023-66fe6c7752970.pdf",7754254
199,"Komise pro výživu kojenců a malých dětí","Usnesení per rollam ze dne 4. října 2023","https://ppo.mzcr.cz/upload/files/zapisy-z-jednani-komise-usneseni-per-rollam-ze-dne-4-rijna-2023-66fe6a3128b69.pdf",237594
199,"Komise pro výživu kojenců a malých dětí","Zápis ze dne 28. listopadu 2023","https://ppo.mzcr.cz/upload/files/zapisy-z-jednani-komise-zapis-ze-dne-28-listopadu-2023-66fe6a6d87fc7.pdf",253747
199,"Komise pro výživu kojenců a malých dětí","Příloha č. 1 k Zápisu ze dne 28. listopadu 2023","https://ppo.mzcr.cz/upload/files/zapisy-z-jednani-komise-priloha-c-1-k-zapisu-ze-dne-28-listopadu-2023-66fe6aad2266d.pdf",815472
199,"Komise pro výživu kojenců a malých dětí","Příloha č. 2 k Zápisu ze dne 28. listopadu 2023","https://ppo.mzcr.cz/upload/files/zapisy-z-jednani-komise-priloha-c-2-k-zapisu-ze-dne-28-listopadu-2023-66fe6ad69e793.pdf",2058684
199,"Komise pro výživu kojenců a malých dětí","Příloha č. 3 k Zápisu ze dne 28. listopadu 2023","https://ppo.mzcr.cz/upload/files/zapisy-z-jednani-komise-priloha-c-3-k-zapisu-ze-dne-28-listopadu-2023-66fe6ae80a75c.pdf",118740
199,"Komise pro výživu kojenců a malých dětí","Příloha č. 4 k Zápisu ze dne 28. listopadu 2023","https://ppo.mzcr.cz/upload/files/zapisy-z-jednani-komise-priloha-c-4-k-zapisu-ze-dne-28-listopadu-2023-66fe6b105dd67.pdf",260815
199,"Komise pro výživu kojenců a malých dětí","Zápis ze dne 10. dubna 2024","https://ppo.mzcr.cz/upload/files/zapisy-z-jednani-komise-zapis-ze-dne-10-dubna-2024-66fe6b3d2f1e8.pdf",264022
199,"Komise pro výživu kojenců a malých dětí","Příloha č. 1 k Zápisu ze dne 10. dubna 2024","https://ppo.mzcr.cz/upload/files/zapisy-z-jednani-komise-priloha-c-1-k-zapisu-ze-dne-10-dubna-2024-66fe6b6d77bb0.pdf",404835
199,"Komise pro výživu kojenců a malých dětí","Příloha č. 2 k Zápisu ze dne 10. dubna 2024","https://ppo.mzcr.cz/upload/files/zapisy-z-jednani-komise-priloha-c-2-k-zapisu-ze-dne-10-dubna-2024-66fe6c03eda3f.pdf",960546
199,"Komise pro výživu kojenců a malých dětí","Příloha č. 3 k Zápisu ze dne 10. dubna 2024","https://ppo.mzcr.cz/upload/files/zapisy-z-jednani-komise-priloha-c-3-k-zapisu-ze-dne-10-dubna-2024-66fe6bd5858b4.pdf",256076
199,"Komise pro výživu kojenců a malých dětí","Příloha č. 4 k Zápisu ze dne 10. dubna 2024","https://ppo.mzcr.cz/upload/files/zapisy-z-jednani-komise-priloha-c-4-k-zapisu-ze-dne-10-dubna-2024-66fe6beb8974f.pdf",2861916
199,"Komise pro výživu kojenců a malých dětí","Zápis ze dne 26. června 2024","https://ppo.mzcr.cz/upload/files/zapisy-z-jednani-komise-zapis-ze-dne-26-cervna-2024-66fe6d7fa8f8c.pdf",215754
199,"Komise pro výživu kojenců a malých dětí","Příloha č. 1 k Zápisu ze dne 26. června 2024","https://ppo.mzcr.cz/upload/files/zapisy-z-jednani-komise-priloha-c-1-k-zapisu-ze-dne-26-cervna-2024-66fe6dff17623.zip",15454421
199,"Komise pro výživu kojenců a malých dětí","Příloha č. 2 k Zápisu ze dne 26 června 2024","https://ppo.mzcr.cz/upload/files/zapisy-z-jednani-komise-priloha-c-2-k-zapisu-ze-dne-26-cervna-2024-66fe6e2364810.pdf",333317
199,"Komise pro výživu kojenců a malých dětí","Příloha č. 3 k Zápisu ze dne 30. května 2023","https://ppo.mzcr.cz/upload/files/zapisy-z-jednani-komise-priloha-c-3-k-zapisu-ze-dne-30-kvetna-2023-670e316e502d3.pdf",342626
199,"Komise pro výživu kojenců a malých dětí","Zápis ze dne 22. října 2024","https://ppo.mzcr.cz/upload/files/zapisy-z-jednani-komise-zapis-ze-dne-22-rijna-2024-67498f0417707.pdf",236056
199,"Komise pro výživu kojenců a malých dětí","Přílohy Zápisu ze dne 22. října 2024","https://ppo.mzcr.cz/upload/files/zapisy-z-jednani-komise-prilohy-zapisu-ze-dne-22-rijna-2024-67498f2971107.zip",2042004
199,"Komise pro výživu kojenců a malých dětí","Zápis ze dne 12. prosince 2024","https://ppo.mzcr.cz/upload/files/zapisy-z-jednani-komise-zapis-ze-dne-12-prosince-2024-6793784a3b687.pdf",390209
199,"Komise pro výživu kojenců a malých dětí","Přílohy k zápisu ze dne 12. prosince 2024","https://ppo.mzcr.cz/upload/files/zapisy-z-jednani-komise-prilohy-k-zapisu-ze-dne-12-prosince-2024-679378ab770cc.xlsx",23241911
199,"Komise pro výživu kojenců a malých dětí","Zápis ze dne 1. dubna 2025","https://ppo.mzcr.cz/upload/files/zapisy-z-jednani-komise-zapis-ze-dne-1-dubna-2025-680f229399f66.pdf",288989
199,"Komise pro výživu kojenců a malých dětí","Přílohy zápisu ze de 1. dubna 2025","https://ppo.mzcr.cz/upload/files/zapisy-z-jednani-komise-prilohy-zapisu-ze-de-1-dubna-2025-680f22e3012f6.zip",19300498
199,"Komise pro výživu kojenců a malých dětí","Usnesení per rollam ze dne 28. května 2025","https://ppo.mzcr.cz/upload/files/zapisy-z-jednani-komise-usneseni-per-rollam-ze-dne-28-kvetna-2025-6836fa3fe2427.pdf",159758
199,"Komise pro výživu kojenců a malých dětí","Zápis ze dne 10. června 2025","https://ppo.mzcr.cz/upload/files/zapisy-z-jednani-komise-zapis-ze-dne-10-cervna-2025-687a27ba3e6a1.pdf",340156
199,"Komise pro výživu kojenců a malých dětí","Přílohy k zápisu ze dne 10. června 2025","https://ppo.mzcr.cz/upload/files/zapisy-z-jednani-komise-prilohy-k-zapisu-ze-dne-10-cervna-2025-687a2802d3b46.zip",5121850
199,"Komise pro výživu kojenců a malých dětí","Usnesení hlasované per rollam ze dne 21.8.2025","https://ppo.mzcr.cz/upload/files/zapisy-z-jednani-komise-usneseni-hlasovane-per-rollam-ze-dne-21-8-2025-68b69d9188dc2.pdf",99517
199,"Komise pro výživu kojenců a malých dětí","Zápis ze dne 24. září 2025","https://ppo.mzcr.cz/upload/files/zapisy-z-jednani-komise-zapis-ze-dne-24-zari-2025-68ecb5586a2b1.pdf",291496
199,"Komise pro výživu kojenců a malých dětí","Přílohy zápisu ze dne 24. září 2025","https://ppo.mzcr.cz/upload/files/zapisy-z-jednani-komise-prilohy-zapisu-ze-dne-24-zari-2025-68ecb58509bba.zip",8215867
199,"Komise pro výživu kojenců a malých dětí","Usnesení per rollam ze dne 22. října 2025","https://ppo.mzcr.cz/upload/files/zapisy-z-jednani-komise-usneseni-per-rollam-ze-dne-22-rijna-2025-68f9e61d387da.pdf",244997
199,"Komise pro výživu kojenců a malých dětí","Zápis ze dne 3. 12. 2025","https://ppo.mzcr.cz/upload/files/zapisy-z-jednani-komise-zapis-ze-dne-3-12-2025-69495c94801e2.pdf",319722
199,"Komise pro výživu kojenců a malých dětí","Přílohy k zápisu ze dne 3. prosince 2025","https://ppo.mzcr.cz/upload/files/zapisy-z-jednani-komise-prilohy-k-zapisu-ze-dne-3-prosince-2025-69495ccdb4976.zip",8562304
199,"Komise pro výživu kojenců a malých dětí","Statut Komise","https://ppo.mzcr.cz/upload/files/statut-a-jednaci-rad-statut-komise-642eecfa06199.pdf",99254
199,"Komise pro výživu kojenců a malých dětí","Jednací řád Komise","https://ppo.mzcr.cz/upload/files/statut-a-jednaci-rad-jednaci-rad-komise-642eecb53c525.pdf",98350
199,"Komise pro výživu kojenců a malých dětí","Deklarace střetu zájmů hosté","https://ppo.mzcr.cz/upload/files/statut-a-jednaci-rad-deklarace-str-etu-za-jmu-hoste-66fe6e4ab8e9f.pdf",294962
199,"Komise pro výživu kojenců a malých dětí","Deklarace střetu zájmů členové Komise","https://ppo.mzcr.cz/upload/files/statut-a-jednaci-rad-deklarace-stretu-zajmu-clenove-komise-66fe6e64af525.pdf",192683
199,"Komise pro výživu kojenců a malých dětí","Statut Komise_platný od 15. 12. 2025","https://ppo.mzcr.cz/upload/files/statut-a-jednaci-rad-statut-komise-platny-od-15-12-2025-69495cfe4d847.pdf",141401
199,"Komise pro výživu kojenců a malých dětí","Jednací řád Komise_platný od 15. 12. 2025","https://ppo.mzcr.cz/upload/files/statut-a-jednaci-rad-jednaci-rad-komise-platny-od-15-12-2025-69495d15e2588.pdf",123009
199,"Komise pro výživu kojenců a malých dětí","Seznam členek","https://ppo.mzcr.cz/upload/files/pracovni-skupina-k-priprave-strategie-bfhi-seznam-clenek-67e3a91811ba5.pdf",51151
199,"Komise pro výživu kojenců a malých dětí","Zápis z 1. jednání","https://ppo.mzcr.cz/upload/files/pracovni-skupina-k-priprave-strategie-bfhi-zapis-z-1-jednani-67e3a9318b1e3.pdf",732218
199,"Komise pro výživu kojenců a malých dětí","Zápis z 2. jednání","https://ppo.mzcr.cz/upload/files/pracovni-skupina-k-priprave-strategie-bfhi-zapis-z-2-jednani-67e3a9ff57ede.pdf",213516
199,"Komise pro výživu kojenců a malých dětí","Zápis z 3. jednání","https://ppo.mzcr.cz/upload/files/pracovni-skupina-k-priprave-strategie-bfhi-zapis-z-3-jednani-67e3aa1d65fe3.pdf",193436
199,"Komise pro výživu kojenců a malých dětí","Zápis ze 4. jednání","https://ppo.mzcr.cz/upload/files/pracovni-skupina-k-priprave-strategie-bfhi-zapis-ze-4-jednani-67e3aa35d5338.pdf",385422
199,"Komise pro výživu kojenců a malých dětí","Zápis z 5. jednání","https://ppo.mzcr.cz/upload/files/pracovni-skupina-k-priprave-strategie-bfhi-zapis-z-5-jednani-67e3aa48aab95.pdf",241327
199,"Komise pro výživu kojenců a malých dětí","Zápis z 6. jednání","https://ppo.mzcr.cz/upload/files/pracovni-skupina-k-priprave-strategie-bfhi-zapis-z-6-jednani-67e3aa5e3ec74.pdf",247894
199,"Komise pro výživu kojenců a malých dětí","Zápis ze 7. jednání","https://ppo.mzcr.cz/upload/files/pracovni-skupina-k-priprave-strategie-bfhi-zapis-ze-7-jednani-67e3aa7a167b9.pdf",207769
199,"Komise pro výživu kojenců a malých dětí","Příloha č. 1 k Zápisu ze dne 20. 6. 2024","https://ppo.mzcr.cz/upload/files/pracovni-skupina-ke-sberu-dat-a-ke-kontrole-realizace-programu-bfhi-priloha-c-1-k-zapisu-ze-dne-20-6-2024-66918ae0da0b7.pdf",2575074
199,"Komise pro výživu kojenců a malých dětí","Příloha č. 2 k Zápisu ze dne 20. 6. 2024","https://ppo.mzcr.cz/upload/files/pracovni-skupina-ke-sberu-dat-a-ke-kontrole-realizace-programu-bfhi-priloha-c-2-k-zapisu-ze-dne-20-6-2024-66918af8abc53.pdf",261111
199,"Komise pro výživu kojenců a malých dětí","Příloha č. 3 k Zápisu ze dne 20. 6. 2024","https://ppo.mzcr.cz/upload/files/pracovni-skupina-ke-sberu-dat-a-ke-kontrole-realizace-programu-bfhi-priloha-c-3-k-zapisu-ze-dne-20-6-2024-66918b2c02965.pdf",2606843
199,"Komise pro výživu kojenců a malých dětí","Příloha č. 4 k Zápisu ze dne 20. 6. 2024","https://ppo.mzcr.cz/upload/files/pracovni-skupina-ke-sberu-dat-a-ke-kontrole-realizace-programu-bfhi-priloha-c-4-k-zapisu-ze-dne-20-6-2024-66918b66cb0cd.pdf",2511720
199,"Komise pro výživu kojenců a malých dětí","Seznam členek","https://ppo.mzcr.cz/upload/files/pracovni-skupina-ke-sberu-dat-a-ke-kontrole-realizace-programu-bfhi-seznam-clenek-67d943f67b2aa.pdf",47499
199,"Komise pro výživu kojenců a malých dětí","Zápis ze dne 20. 6. 2024","https://ppo.mzcr.cz/upload/files/pracovni-skupina-ke-sberu-dat-a-ke-kontrole-realizace-programu-bfhi-zapis-ze-dne-20-6-2024-67d944706fc5a.pdf",483736
199,"Komise pro výživu kojenců a malých dětí","Zápis ze dne 22. 10. 2024","https://ppo.mzcr.cz/upload/files/pracovni-skupina-ke-sberu-dat-a-ke-kontrole-realizace-programu-bfhi-zapis-ze-dne-22-10-2024-67d944ba4524e.pdf",206838
199,"Komise pro výživu kojenců a malých dětí","Zápis ze dne 7. 11. 2024","https://ppo.mzcr.cz/upload/files/pracovni-skupina-ke-sberu-dat-a-ke-kontrole-realizace-programu-bfhi-zapis-ze-dne-7-11-2024-67d944e5b7092.pdf",252944
199,"Komise pro výživu kojenců a malých dětí","Zápis ze dne 5. března 2025","https://ppo.mzcr.cz/upload/files/pracovni-skupina-ke-sberu-dat-a-ke-kontrole-realizace-programu-bfhi-zapis-ze-dne-5-brezna-2025-6825cafad1424.pdf",206117
199,"Komise pro výživu kojenců a malých dětí","Zápis ze dne 20. května 2025","https://ppo.mzcr.cz/upload/files/pracovni-skupina-ke-sberu-dat-a-ke-kontrole-realizace-programu-bfhi-zapis-ze-dne-20-kvetna-2025-687a2ad39aade.pdf",232269
199,"Komise pro výživu kojenců a malých dětí","Seznam členů","https://ppo.mzcr.cz/upload/files/pracovni-skupina-k-rozvoji-site-bank-a-sberen-materskeho-mleka-seznam-clenu-6671dd0662404.pdf",30584
199,"Komise pro výživu kojenců a malých dětí","Zápis ze dne 20. června 2024","https://ppo.mzcr.cz/upload/files/pracovni-skupina-k-rozvoji-site-bank-a-sberen-materskeho-mleka-zapis-ze-dne-20-cervna-2024-66fe6cb127595.pdf",243455
199,"Komise pro výživu kojenců a malých dětí","Strategie Baby-friendly Hospital Initiative 2018 v České republice","https://ppo.mzcr.cz/upload/files/strategie-baby-friendly-hospital-initiative-2018-v-ceske-republice-strategie-baby-friendly-hospital-initiative-2018-v-ceske-republice-66f3c8ce236d3.pdf",4354236
199,"Komise pro výživu kojenců a malých dětí","Vypořádací tabulka Strategie Baby-friendly Hospital Initiative","https://ppo.mzcr.cz/upload/files/strategie-baby-friendly-hospital-initiative-2018-v-ceske-republice-vyporadaci-tabulka-strategie-baby-friendly-hospital-initiative-66f3fe3da9b58.pdf",1111234
200,"Rada ředitelů zdravotních pojišťoven","Statut a jednací řád Rady ředitelů ZP","https://ppo.mzcr.cz/upload/files/zakladni-dokumenty-statut-a-jednaci-rad-rady-reditelu-zp-641d8d0dab6df.pdf",157126
201,"Pracovní skupina k problematice péče o pacienty s nařízeným ochranným léčením","PS POL_20200124_zapis","https://ppo.mzcr.cz/upload/files/zapisy-z-jednani-ps-pol-20200124-zapis-6a32b3c87db41.pdf",150161
201,"Pracovní skupina k problematice péče o pacienty s nařízeným ochranným léčením","PS POL_20230316_zapis","https://ppo.mzcr.cz/upload/files/zapisy-z-jednani-ps-pol-20230316-zapis-6a32b3d16d8db.pdf",97176
201,"Pracovní skupina k problematice péče o pacienty s nařízeným ochranným léčením","Statut a Jednací řád Pracovní skupiny k problematice péče o pacienty s nařízeným ochranným léčením","https://ppo.mzcr.cz/upload/files/zakladni-dokumenty-statut-a-jednaci-rad-pracovni-skupiny-k-problematice-pece-o-pacienty-s-narizenym-ochrannym-lecenim-643557aa3adf7.pdf",202852
202,"Pracovní skupina pro koncepční řešení rozvoje geriatrické péče v České republice","Zapis_pracovni_skupina_2025-12-11","https://ppo.mzcr.cz/upload/files/zapisy-z-jednani-zapis-pracovni-skupina-2025-12-11-6a310e2c2dd0e.pdf",162851
202,"Pracovní skupina pro koncepční řešení rozvoje geriatrické péče v České republice","PM 2023-16_PS geriatrie","https://ppo.mzcr.cz/upload/files/zakladni-dokumenty-pm-2023-16-ps-geriatrie-646df702a531a.pdf",177800
203,"Řídicí výbor implementace Strategického rámce rozvoje péče o zdraví v České republice do roku 2030","Statut a jednací řád Řídícího výboru Zdraví 2030","https://ppo.mzcr.cz/upload/files/zakladni-dokumenty-statut-a-jednaci-rad-ridiciho-vyboru-zdravi-2030-6478b8931fd58.pdf",235320
203,"Řídicí výbor implementace Strategického rámce rozvoje péče o zdraví v České republice do roku 2030","Zápis z jednání Řídícího výboru Zdraví 2030 ze dne 6. 6. 2023","https://ppo.mzcr.cz/upload/files/zapisy-z-jednani-zapis-z-jednani-ridiciho-vyboru-zdravi-2030-ze-dne-6-6-2023-64ac0750121d9.pdf",130177
203,"Řídicí výbor implementace Strategického rámce rozvoje péče o zdraví v České republice do roku 2030","Zápis z jednání Řídicího výboru Zdraví 2030 ze dne 19. 3. 2024","https://ppo.mzcr.cz/upload/files/zapisy-z-jednani-zapis-z-jednani-ridiciho-vyboru-zdravi-2030-ze-dne-19-3-2024-6644ce4bd7b2f.pdf",176272
203,"Řídicí výbor implementace Strategického rámce rozvoje péče o zdraví v České republice do roku 2030","pozvánka Výbor Zdraví 2030","https://ppo.mzcr.cz/upload/files/pozvanky-na-jednani-pozvanka-vybor-zdravi-2030-6644ce35a1ca2.pdf",189236
204,"Strategická skupina pro personální stabilizaci resortu zdravotnictví","Statut a jednací řád Strategické skupiny pro pers. stabilizaci","https://ppo.mzcr.cz/upload/files/zakladni-dokumenty-statut-a-jednaci-rad-strategicke-skupiny-pro-pers-stabilizaci-6479b681316f4.pdf",210151
204,"Strategická skupina pro personální stabilizaci resortu zdravotnictví","Pozvánka na jednání Strategické skupiny pers. stabilizace dne 26. 6. 2023","https://ppo.mzcr.cz/upload/files/ostatni-dokumenty-pozvanka-na-jednani-strategicke-skupiny-pers-stabilizace-dne-26-6-2023-6479b694155cb.pdf",245498
204,"Strategická skupina pro personální stabilizaci resortu zdravotnictví","Pozvánka na jednání Strategické skupiny pers. stabilizace dne 25. 6. 2024","https://ppo.mzcr.cz/upload/files/ostatni-dokumenty-pozvanka-na-jednani-strategicke-skupiny-pers-stabilizace-dne-25-6-2024-66fbfba10a9b4.pdf",127291
204,"Strategická skupina pro personální stabilizaci resortu zdravotnictví","Zápis z jednání dne 25. června 2024","https://ppo.mzcr.cz/upload/files/zapisy-z-jednani-zapis-z-jednani-dne-25-cervna-2024-66fbfc2e02b2f.pdf",150469
205,"Meziresortní pracovní skupina pro problematiku institucionálního stravování","Zprávy ze setkání MPS STRAVA dne 5. 2. 2026","https://ppo.mzcr.cz/upload/files/zpravy-ze-setkani-skupiny-zpravy-ze-setkani-mps-strava-dne-5-2-2026-69a833b31263a.pdf",24463
205,"Meziresortní pracovní skupina pro problematiku institucionálního stravování","Zprávy ze setkání MPS STRAVA dne 9. 4. 2026","https://ppo.mzcr.cz/upload/files/zpravy-ze-setkani-skupiny-zpravy-ze-setkani-mps-strava-dne-9-4-2026-69fc53eb92152.pdf",23455
205,"Meziresortní pracovní skupina pro problematiku institucionálního stravování","Statut a jednací řád MPS Strava","https://ppo.mzcr.cz/upload/files/zakladni-dokumenty-statut-a-jednaci-rad-mps-strava-649afda8ecb8f.pdf",234197
205,"Meziresortní pracovní skupina pro problematiku institucionálního stravování","Dodatek č. 1","https://ppo.mzcr.cz/upload/files/zakladni-dokumenty-dodatek-c-1-6733301201c22.pdf",239120
205,"Meziresortní pracovní skupina pro problematiku institucionálního stravování","Dodatek č. 2","https://ppo.mzcr.cz/upload/files/zakladni-dokumenty-dodatek-c-2-67333026d3c2e.pdf",240387
205,"Meziresortní pracovní skupina pro problematiku institucionálního stravování","Zápis MPS STRAVA ze dne 29. 5. 2023","https://ppo.mzcr.cz/upload/files/zapisy-z-jednani-zapis-mps-strava-ze-dne-29-5-2023-69fc52353abce.pdf",788786
205,"Meziresortní pracovní skupina pro problematiku institucionálního stravování","Zápis MPS STRAVA ze dne 14. 8. 2023","https://ppo.mzcr.cz/upload/files/zapisy-z-jednani-zapis-mps-strava-ze-dne-14-8-2023-69fc523542493.pdf",231052
205,"Meziresortní pracovní skupina pro problematiku institucionálního stravování","Zápis MPS STRAVA ze dne 9. 11. 2023","https://ppo.mzcr.cz/upload/files/zapisy-z-jednani-zapis-mps-strava-ze-dne-9-11-2023-69fc523544381.pdf",283775
205,"Meziresortní pracovní skupina pro problematiku institucionálního stravování","Zápis MPS STRAVA ze dne 25. 1. 2024","https://ppo.mzcr.cz/upload/files/zapisy-z-jednani-zapis-mps-strava-ze-dne-25-1-2024-69fc5235476f1.pdf",611858
205,"Meziresortní pracovní skupina pro problematiku institucionálního stravování","Zápis MPS STRAVA ze dne 25. 4. 2024","https://ppo.mzcr.cz/upload/files/zapisy-z-jednani-zapis-mps-strava-ze-dne-25-4-2024-69fc52354bc72.pdf",328552
205,"Meziresortní pracovní skupina pro problematiku institucionálního stravování","Zápis MPS STRAVA ze dne 5. 9. 2024","https://ppo.mzcr.cz/upload/files/zapisy-z-jednani-zapis-mps-strava-ze-dne-5-9-2024-69fc52354ebdc.pdf",202082
205,"Meziresortní pracovní skupina pro problematiku institucionálního stravování","Zápis MPS STRAVA ze dne 31. 10. 2024","https://ppo.mzcr.cz/upload/files/zapisy-z-jednani-zapis-mps-strava-ze-dne-31-10-2024-69fc5235503ea.pdf",193435
205,"Meziresortní pracovní skupina pro problematiku institucionálního stravování","Zápis MPS STRAVA ze dne 30. 1. 2025","https://ppo.mzcr.cz/upload/files/zapisy-z-jednani-zapis-mps-strava-ze-dne-30-1-2025-69fc5235516e1.pdf",337473
205,"Meziresortní pracovní skupina pro problematiku institucionálního stravování","Zápis MPS STRAVA ze dne 27. 3. 2025","https://ppo.mzcr.cz/upload/files/zapisy-z-jednani-zapis-mps-strava-ze-dne-27-3-2025-69fc523553d11.pdf",326442
205,"Meziresortní pracovní skupina pro problematiku institucionálního stravování","Zápis MPS STRAVA ze dne 29. 5. 2025","https://ppo.mzcr.cz/upload/files/zapisy-z-jednani-zapis-mps-strava-ze-dne-29-5-2025-69fc523555db5.pdf",395711
205,"Meziresortní pracovní skupina pro problematiku institucionálního stravování","Zápis MPS STRAVA ze dne 4. 9. 2025","https://ppo.mzcr.cz/upload/files/zapisy-z-jednani-zapis-mps-strava-ze-dne-4-9-2025-69fc523558339.pdf",395711
205,"Meziresortní pracovní skupina pro problematiku institucionálního stravování","Zápis MPS STRAVA ze dne 27. 11. 2025","https://ppo.mzcr.cz/upload/files/zapisy-z-jednani-zapis-mps-strava-ze-dne-27-11-2025-69fc52355a02e.pdf",189211
205,"Meziresortní pracovní skupina pro problematiku institucionálního stravování","Zápis MPS STRAVA ze dne 5. 2. 2026","https://ppo.mzcr.cz/upload/files/zapisy-z-jednani-zapis-mps-strava-ze-dne-5-2-2026-69fc52a4b2223.pdf",230154
205,"Meziresortní pracovní skupina pro problematiku institucionálního stravování","Zápis MPS STRAVA ze dne 9. 4. 2026","https://ppo.mzcr.cz/upload/files/zapisy-z-jednani-zapis-mps-strava-ze-dne-9-4-2026-69fc52d06c38d.pdf",281825
205,"Meziresortní pracovní skupina pro problematiku institucionálního stravování","Obecná část","https://ppo.mzcr.cz/upload/files/metodika-poskytovani-dietni-stravy-v-ramci-skolniho-stravovani-obecna-cast-65d71938e839c.pdf",25940611
205,"Meziresortní pracovní skupina pro problematiku institucionálního stravování","Nejčastější dietní omezení","https://ppo.mzcr.cz/upload/files/metodika-poskytovani-dietni-stravy-v-ramci-skolniho-stravovani-nejcastejsi-dietni-omezeni-65d71961ab900.pdf",22249055
205,"Meziresortní pracovní skupina pro problematiku institucionálního stravování","Vlastní donáška","https://ppo.mzcr.cz/upload/files/metodika-poskytovani-dietni-stravy-v-ramci-skolniho-stravovani-vlastni-donaska-65d719827a4f5.pdf",6002891
205,"Meziresortní pracovní skupina pro problematiku institucionálního stravování","Vlastní provoz","https://ppo.mzcr.cz/upload/files/metodika-poskytovani-dietni-stravy-v-ramci-skolniho-stravovani-vlastni-provoz-65d7199d497cc.pdf",3421606
205,"Meziresortní pracovní skupina pro problematiku institucionálního stravování","Dovoz po dohotovení","https://ppo.mzcr.cz/upload/files/metodika-poskytovani-dietni-stravy-v-ramci-skolniho-stravovani-dovoz-po-dohotoveni-65d719bc8f37b.pdf",10821516
205,"Meziresortní pracovní skupina pro problematiku institucionálního stravování","Dovoz po zchlazení","https://ppo.mzcr.cz/upload/files/metodika-poskytovani-dietni-stravy-v-ramci-skolniho-stravovani-dovoz-po-zchlazeni-65d719eef2176.pdf",8052630
205,"Meziresortní pracovní skupina pro problematiku institucionálního stravování","Onepagery - tisk","https://ppo.mzcr.cz/upload/files/metodika-poskytovani-dietni-stravy-v-ramci-skolniho-stravovani-onepagery-tisk-65d71a1182c49.pdf",4712291
205,"Meziresortní pracovní skupina pro problematiku institucionálního stravování","Jak se připravit na nový spotřební koš - krok za krokem","https://ppo.mzcr.cz/upload/files/jak-se-pripravit-na-novy-spotrebni-kos-krok-za-krokem-jak-se-pripravit-na-novy-spotrebni-kos-krok-za-krokem-68b808a5056d0.pdf",8193410
205,"Meziresortní pracovní skupina pro problematiku institucionálního stravování","Konzumace vlastního jídla ve školní jídelně - Rádce pro jídelny i rodiče","https://ppo.mzcr.cz/upload/files/konzumace-vlastniho-jidla-ve-skolni-jidelne-radce-pro-jidelny-i-rodice-konzumace-vlastniho-jidla-ve-skolni-jidelne-radce-pro-jidelny-i-rodice-68b80999178a3.pdf",1646291
205,"Meziresortní pracovní skupina pro problematiku institucionálního stravování","Doporučení Ministerstva zdravotnictví pro nákupy potravin do stravovacích provozů nemocnic","https://ppo.mzcr.cz/upload/files/doporuceni-ministerstva-zdravotnictvi-pro-nakupy-potravin-do-stravovacich-provozu-nemocnic-doporuceni-ministerstva-zdravotnictvi-pro-nakupy-potravin-do-stravovacich-provozu-nemocnic-65d71a8b4556b.pdf",977802
205,"Meziresortní pracovní skupina pro problematiku institucionálního stravování","Doporučení pro bufetový výdej nemocniční stravy","https://ppo.mzcr.cz/upload/files/doporuceni-pro-bufetovy-vydej-nemocnicni-stravy-doporuceni-pro-bufetovy-vydej-nemocnicni-stravy-68b806a101f95.pdf",1514911
206,"Pracovní skupina pro koncepční řešení pediatrické péče","Statut a jednací řád","https://ppo.mzcr.cz/upload/files/zakladni-dokumenty-statut-a-jednaci-rad-649aff92c1f68.pdf",185696
209,"Komise pro schvalování pracovišť a zařazení radiologického pracoviště pro provádění magnetické rezonance (MRI) v rámci Populačního pilotního programu časného záchytu karcinomu prostaty v ČR a pro schvalování pracovišť a zařazení urologického pracoviště pro provádění biopsie prostaty v rámci Populačního pilotního programu časného záchytu karcinomu prostaty v ČR","Statut a jednací řád komise","https://ppo.mzcr.cz/upload/files/zakladni-dokumenty-statut-a-jednaci-rad-komise-66c3253aaf462.pdf",182282
210,"Meziresortní pracovní skupina pro rozvoj pohybových aktivit","Zpráva o činnosti MPS POHYB 2024-2025","https://ppo.mzcr.cz/upload/files/zpravy-o-cinnosti-zprava-o-cinnosti-mps-pohyb-2024-2025-698f2b2a4ad67.pdf",126945
210,"Meziresortní pracovní skupina pro rozvoj pohybových aktivit","Zaznam-z-jednani-mps_pohyb-28-5-2024","https://ppo.mzcr.cz/upload/files/zaznamy-z-jednani-zaznam-z-jednani-mps-pohyb-28-5-2024-695bda0c55642.docx",16222
210,"Meziresortní pracovní skupina pro rozvoj pohybových aktivit","Zaznam-z-jednani-mps_pohyb-24-9-2024","https://ppo.mzcr.cz/upload/files/zaznamy-z-jednani-zaznam-z-jednani-mps-pohyb-24-9-2024-695bda21ec2d5.docx",15686
210,"Meziresortní pracovní skupina pro rozvoj pohybových aktivit","Zaznam-z-jednani-mps_pohyb-11-2-2025","https://ppo.mzcr.cz/upload/files/zaznamy-z-jednani-zaznam-z-jednani-mps-pohyb-11-2-2025-695bda3a92e17.docx",15760
210,"Meziresortní pracovní skupina pro rozvoj pohybových aktivit","Zaznam-z-jednani-mps_pohyb-16-7-2025","https://ppo.mzcr.cz/upload/files/zaznamy-z-jednani-zaznam-z-jednani-mps-pohyb-16-7-2025-695bda5154fcd.docx",16033
210,"Meziresortní pracovní skupina pro rozvoj pohybových aktivit","Zaznam-z-jednani-mps_pohyb-26-8-2025","https://ppo.mzcr.cz/upload/files/zaznamy-z-jednani-zaznam-z-jednani-mps-pohyb-26-8-2025-695bda6be45a9.docx",16274
210,"Meziresortní pracovní skupina pro rozvoj pohybových aktivit","Zaznam-z-jednani-mps_pohyb-11-11-2025","https://ppo.mzcr.cz/upload/files/zaznamy-z-jednani-zaznam-z-jednani-mps-pohyb-11-11-2025-695bda856b747.docx",17534
210,"Meziresortní pracovní skupina pro rozvoj pohybových aktivit","Zaznam-z-jednani-mps_pohyb-20-1-2026","https://ppo.mzcr.cz/upload/files/zaznamy-z-jednani-zaznam-z-jednani-mps-pohyb-20-1-2026-698f2a8555894.docx",371745
211,"Národní institut pro zvládání pandemie","NIZP_Informace ze setkání dne 22. 10. 2025","https://ppo.mzcr.cz/upload/files/zpravy-ze-zasedani-nizp-nizp-informace-ze-setkani-dne-22-10-2025-6909c54a5e6b9.pdf",99101
211,"Národní institut pro zvládání pandemie","NIZP_Informace ze setkání dne 5. 11. 2025","https://ppo.mzcr.cz/upload/files/zpravy-ze-zasedani-nizp-nizp-informace-ze-setkani-dne-5-11-2025-691c64ebb7b29.pdf",82683
211,"Národní institut pro zvládání pandemie","NIZP_Informace ze setkání dne 19.11.2025","https://ppo.mzcr.cz/upload/files/zpravy-ze-zasedani-nizp-nizp-informace-ze-setkani-dne-19-11-2025-6929aa759cf72.pdf",90339
211,"Národní institut pro zvládání pandemie","NIZP_Informace ze setkání dne 3. 12. 2025","https://ppo.mzcr.cz/upload/files/zpravy-ze-zasedani-nizp-nizp-informace-ze-setkani-dne-3-12-2025-6940324fb9b4d.pdf",102533
211,"Národní institut pro zvládání pandemie","NIZP_Informace ze setkání dne 17. 12. 2025","https://ppo.mzcr.cz/upload/files/zpravy-ze-zasedani-nizp-nizp-informace-ze-setkani-dne-17-12-2025-695cc825c1334.pdf",106355
211,"Národní institut pro zvládání pandemie","NIZP_Informace ze setkání dne 7. 1. 2026","https://ppo.mzcr.cz/upload/files/zpravy-ze-zasedani-nizp-nizp-informace-ze-setkani-dne-7-1-2026-696f7de0e3551.pdf",99837
211,"Národní institut pro zvládání pandemie","NIZP_Informace ze setkání dne 21. 1. 2026","https://ppo.mzcr.cz/upload/files/zpravy-ze-zasedani-nizp-nizp-informace-ze-setkani-dne-21-1-2026-697ca12805422.pdf",79106
211,"Národní institut pro zvládání pandemie","NIZP_Informace ze setkání dne 4.2.2026","https://ppo.mzcr.cz/upload/files/zpravy-ze-zasedani-nizp-nizp-informace-ze-setkani-dne-4-2-2026-698c7a6e2d06e.pdf",84313
211,"Národní institut pro zvládání pandemie","NIZP_Informace ze setkání dne 18. 2. 2026","https://ppo.mzcr.cz/upload/files/zpravy-ze-zasedani-nizp-nizp-informace-ze-setkani-dne-18-2-2026-69a6970499b21.pdf",79665
211,"Národní institut pro zvládání pandemie","NIZP_Informace ze setkání dne 11. 3. 2026","https://ppo.mzcr.cz/upload/files/zpravy-ze-zasedani-nizp-nizp-informace-ze-setkani-dne-11-3-2026-69c271b05e0b0.pdf",79664
211,"Národní institut pro zvládání pandemie","NIZP_Informace ze setkání dne 25. 3. 2026","https://ppo.mzcr.cz/upload/files/zpravy-ze-zasedani-nizp-nizp-informace-ze-setkani-dne-25-3-2026-69d4fd473f402.pdf",81355
211,"Národní institut pro zvládání pandemie","NIZP_Informace ze setkání dne 22.4.2026","https://ppo.mzcr.cz/upload/files/zpravy-ze-zasedani-nizp-nizp-informace-ze-setkani-dne-22-4-2026-69fc67e03623e.pdf",85959
211,"Národní institut pro zvládání pandemie","NIZP_Informace ze setkání dne 27. 5. 2026","https://ppo.mzcr.cz/upload/files/zpravy-ze-zasedani-nizp-nizp-informace-ze-setkani-dne-27-5-2026-6a29147b626ba.pdf",76403
211,"Národní institut pro zvládání pandemie","NIZP_Informace ze setkání dne 24. 6. 2026","https://ppo.mzcr.cz/upload/files/zpravy-ze-zasedani-nizp-nizp-informace-ze-setkani-dne-24-6-2026-6a86db06d5fbe.pdf",
211,"Národní institut pro zvládání pandemie","NIZP_Informace ze setkání dne 5. 8. 2026","https://ppo.mzcr.cz/upload/files/zpravy-ze-zasedani-nizp-nizp-informace-ze-setkani-dne-5-8-2026-6a86db7282eda.pdf",
211,"Národní institut pro zvládání pandemie","Statut a jednací řád","https://ppo.mzcr.cz/upload/files/zakladni-dokumenty-statut-a-jednaci-rad-6576fa7488880.pdf",207225
211,"Národní institut pro zvládání pandemie","Vyjádření NIZP k situaci s černým kašlem 15032024","https://ppo.mzcr.cz/upload/files/vyjadreni-nizp-vyjadreni-nizp-k-situaci-s-cernym-kaslem-15032024-65f4a420795ff.pdf",372971
211,"Národní institut pro zvládání pandemie","Souhrnná zpráva za rok 2024","https://ppo.mzcr.cz/upload/files/souhrnne-zpravy-souhrnna-zprava-za-rok-2024-67fcb9396a695.docx",20646
212,"Pracovní skupina pro klinické hodnocení humánních léčivých přípravků","Statut a jednací řád","https://ppo.mzcr.cz/upload/files/zakladni-dokumenty-statut-a-jednaci-rad-661935fa51e30.pdf",193698
212,"Pracovní skupina pro klinické hodnocení humánních léčivých přípravků","Klinická hodnocení léčivých přípravků v ČR","https://ppo.mzcr.cz/upload/files/ostatni-dokumenty-klinicka-hodnoceni-lecivych-pripravku-v-cr-697202461ea7b.pdf",732089
213,"Pracovní skupina pro nastavení systémových změn v odbornosti zdravotnický záchranář","32_2025_ZDM_Statut a jednací řád","https://ppo.mzcr.cz/upload/files/zakladni-dokumenty-32-2025-zdm-statut-a-jednaci-rad-68ca9d8a05214.pdf",189760
214,"Pracovní skupina pro energetické úspory v přímo řízených organizacích MZ","Zřizovací dekret","https://ppo.mzcr.cz/upload/files/zrizovaci-dekret-zrizovaci-dekret-66f173d776529.pdf",188574
214,"Pracovní skupina pro energetické úspory v přímo řízených organizacích MZ","Zápis z jednání - 4.9.2024","https://ppo.mzcr.cz/upload/files/zapis-z-jednani-4-9-2024-zapis-z-jednani-4-9-2024-66fba16ac2daa.pdf",168994
218,"Pracovní skupina pro koncepci neurorehabilitační péče v ČR","Statut a jednací řád PS pro koncepci neurorehabilitační péče v ČR","https://ppo.mzcr.cz/upload/files/zakladni-dokumenty-statut-a-jednaci-rad-ps-pro-koncepci-neurorehabilitacni-pece-v-cr-66c3433bea2c4.pdf",176383
220,"Meziresortní pracovní skupiny k výkonu rozsudku V proti ČR","Zřizovací dekret MPS rozsudek V proti ČR","https://ppo.mzcr.cz/upload/files/zakladni-dokumenty-zrizovaci-dekret-mps-rozsudek-v-proti-cr-67167b3793d70.pdf",199292
220,"Meziresortní pracovní skupiny k výkonu rozsudku V proti ČR","Zápis z jednání-241209","https://ppo.mzcr.cz/upload/files/jednani-zapis-z-jednani-241209-67ed0d6908d6a.pdf",235154
220,"Meziresortní pracovní skupiny k výkonu rozsudku V proti ČR","Zápis z jednání-240926","https://ppo.mzcr.cz/upload/files/jednani-zapis-z-jednani-240926-67ed14a96ea5f.pdf",190415
220,"Meziresortní pracovní skupiny k výkonu rozsudku V proti ČR","Zápis z jednání-250313","https://ppo.mzcr.cz/upload/files/jednani-zapis-z-jednani-250313-67ed153a75629.pdf",180217
220,"Meziresortní pracovní skupiny k výkonu rozsudku V proti ČR","Zápis z jednání-250513","https://ppo.mzcr.cz/upload/files/jednani-zapis-z-jednani-250513-683969375fcfb.pdf",296998
220,"Meziresortní pracovní skupiny k výkonu rozsudku V proti ČR","Zápis z jednání-250911","https://ppo.mzcr.cz/upload/files/jednani-zapis-z-jednani-250911-6a22d8881ae55.pdf",159369
220,"Meziresortní pracovní skupiny k výkonu rozsudku V proti ČR","Zápis z jednání-260427","https://ppo.mzcr.cz/upload/files/jednani-zapis-z-jednani-260427-6a22d8e3199d4.pdf",198529
221,"Komise pro podporu diagnostiky a léčby rakoviny slinivky břišní","49_2024_ZDM_Statut a jednací řád komise","https://ppo.mzcr.cz/upload/files/zakladni-dokumenty-49-2024-zdm-statut-a-jednaci-rad-komise-68ad75070f5e4.pdf",182189
221,"Komise pro podporu diagnostiky a léčby rakoviny slinivky břišní","24. 2. 2025 - Zápis z jednání Komise","https://ppo.mzcr.cz/upload/files/zapisy-z-jednani-24-2-2025-zapis-z-jednani-komise-67fcf938d63bc.pdf",801811
221,"Komise pro podporu diagnostiky a léčby rakoviny slinivky břišní","4. 12. 2025 - Zápis z jednání Komise","https://ppo.mzcr.cz/upload/files/zapisy-z-jednani-4-12-2025-zapis-z-jednani-komise-69e08b48d7528.pdf",282564
221,"Komise pro podporu diagnostiky a léčby rakoviny slinivky břišní","24. 2. 2025 - Pozvánka + program","https://ppo.mzcr.cz/upload/files/pozvanky-na-jednani-24-2-2025-pozvanka-program-67fcf9bf8df07.pdf",183522
221,"Komise pro podporu diagnostiky a léčby rakoviny slinivky břišní","4. 12. 2025 - Pozvánka + program","https://ppo.mzcr.cz/upload/files/pozvanky-na-jednani-4-12-2025-pozvanka-program-69ae82ab6e6cc.pdf",702472
222,"Pracovní skupina pro bakteriofágovou terapii","Požadavky na zřízení a provoz Centra fágové terapie","https://ppo.mzcr.cz/upload/files/povoleni-pouziti-bakteriofagove-terapie-pozadavky-na-zrizeni-a-provoz-centra-fagove-terapie-69805cb47177f.docx",18220
222,"Pracovní skupina pro bakteriofágovou terapii","Požadavky na žádost o povolení použít pro humánní použití fágovou léčivou látku pro IPLP","https://ppo.mzcr.cz/upload/files/povoleni-pouziti-bakteriofagove-terapie-pozadavky-na-zadost-o-povoleni-pouzit-pro-humanni-pouziti-fagovou-lecivou-latku-pro-iplp-69805ce13c2b6.docx",21629
222,"Pracovní skupina pro bakteriofágovou terapii","Vzor žádosti o povolení látky (bakteriofága) pro IPLP","https://ppo.mzcr.cz/upload/files/povoleni-pouziti-bakteriofagove-terapie-vzor-zadosti-o-povoleni-latky-bakteriofaga-pro-iplp-69805cf9565ef.docx",19740
222,"Pracovní skupina pro bakteriofágovou terapii","Zřizovací dekret náměstka ministra zdravotnictví č. 18/2025/ZD, kterým se zřizuje Pracovní skupina pro bakteriofágovou terapii","https://ppo.mzcr.cz/upload/files/statut-a-jednaci-rad-pracovni-skupiny-pro-bakteriofagovou-terapii-zrizovaci-dekret-namestka-ministra-zdravotnictvi-c-18-2025-zd-kterym-se-zrizuje-pracovni-skupina-pro-bakteriofagovou-terapii-67fd2c2350c04.pdf",190019
223,"Centrální řídící tým pro řešení hrozeb pro veřejné zdraví","24_2025_ZDM - Statut a jednací řád CŘT","https://ppo.mzcr.cz/upload/files/zakladni-dokumenty-24-2025-zdm-statut-a-jednaci-rad-crt-68625b3e6068d.pdf",195069
224,"Komise pro novorozenecký laboratorní screening","Komise NLS - Zápis z jednání 3. 12. 2025","https://ppo.mzcr.cz/upload/files/zapisy-z-jednani-komise-nls-zapis-z-jednani-3-12-2025-699420c7200a9.pdf",284951
224,"Komise pro novorozenecký laboratorní screening","Pozvánka na jednání Komise NLS_3.12.2025","https://ppo.mzcr.cz/upload/files/pozvanky-na-jednani-pozvanka-na-jednani-komise-nls-3-12-2025-692ff90632255.pdf",169303
224,"Komise pro novorozenecký laboratorní screening","25_2025_ZDM_Statut a jednací řád komise","https://ppo.mzcr.cz/upload/files/zakladni-dokumenty-25-2025-zdm-statut-a-jednaci-rad-komise-68ad7443e4e97.pdf",202546
225,"Koncepční pracovní skupina pro přípravu budoucího programového období kohezní politiky EU 2028+","Zápis z 1. jednání PS dne 24. 6. 2025","https://ppo.mzcr.cz/upload/files/zapisy-z-jednani-zapis-z-1-jednani-ps-dne-24-6-2025-68b98e2550ccb.pdf",1372654
225,"Koncepční pracovní skupina pro přípravu budoucího programového období kohezní politiky EU 2028+","10_2025_ZDM_Statut a jednací řád koncepční pracovní skupiny","https://ppo.mzcr.cz/upload/files/zakladni-dokumenty-10-2025-zdm-statut-a-jednaci-rad-koncepcni-pracovni-skupiny-68b98dae42c34.pdf",211082
226,"Poradní sbor pro lékovou politiku","Zápis z jednání 19.2.2026","https://ppo.mzcr.cz/upload/files/zapisy-z-jednani-zapis-z-jednani-19-2-2026-69b7ebec8118c.pdf",164213
226,"Poradní sbor pro lékovou politiku","Zápis z jednání 4.5.2026","https://ppo.mzcr.cz/upload/files/zapisy-z-jednani-zapis-z-jednani-4-5-2026-6a10a6c4ee46c.pdf",195949
226,"Poradní sbor pro lékovou politiku","Zřizovací dekret ministra, kterým se zřizuje Poradní sbor pro lékovou politiku","https://ppo.mzcr.cz/upload/files/zrizovaci-dekret-ministra-kterym-se-zrizuje-poradni-sbor-pro-lekovou-politiku-zrizovaci-dekret-ministra-kterym-se-zrizuje-poradni-sbor-pro-lekovou-politiku-6993195f0c2c4.pdf",192455
227,"Pracovní skupina pro reformu veřejného zdraví v ČR","Zřizovací dekret ministra č. 11/2026/ZDM - statut a jednací řád","https://ppo.mzcr.cz/upload/files/zakladni-dokumenty-zrizovaci-dekret-ministra-c-11-2026-zdm-statut-a-jednaci-rad-69a5aa0168148.pdf",212575
227,"Pracovní skupina pro reformu veřejného zdraví v ČR","1_Zapis_jednani_04032026","https://ppo.mzcr.cz/upload/files/zapisy-z-jednani-1-zapis-jednani-04032026-69d398af80d79.pdf",151287
227,"Pracovní skupina pro reformu veřejného zdraví v ČR","2_Zapis_jednani_17032026","https://ppo.mzcr.cz/upload/files/zapisy-z-jednani-2-zapis-jednani-17032026-69d398b89168a.pdf",194711
227,"Pracovní skupina pro reformu veřejného zdraví v ČR","3_Zapis_jednani_30032026","https://ppo.mzcr.cz/upload/files/zapisy-z-jednani-3-zapis-jednani-30032026-69d39904d61c1.pdf",198447
227,"Pracovní skupina pro reformu veřejného zdraví v ČR","4_Zapis_jednani_13042026","https://ppo.mzcr.cz/upload/files/zapisy-z-jednani-4-zapis-jednani-13042026-69ef7b357c289.pdf",134560
227,"Pracovní skupina pro reformu veřejného zdraví v ČR","5_Zapis_jednani_27042026","https://ppo.mzcr.cz/upload/files/zapisy-z-jednani-5-zapis-jednani-27042026-69fc84e06ecd8.pdf",131006
227,"Pracovní skupina pro reformu veřejného zdraví v ČR","6_Zapis_jednani_11052026","https://ppo.mzcr.cz/upload/files/zapisy-z-jednani-6-zapis-jednani-11052026-6a259e25514e9.pdf",139908
227,"Pracovní skupina pro reformu veřejného zdraví v ČR","Z technických důvodů jsou aktuální zápisy zveřejněny níže v sekci Odkazy. Děkujeme za pochopení.","https://ppo.mzcr.cz/upload/files/ps-pro-reformu-verejneho-zdravi-zapisy-z-jednani-z-technickych-duvodu-jsou-aktualni-zapisy-zverejneny-nize-v-sekci-odkazy-dekujeme-za-pochopeni-6a7f0ee3e10c4.txt",
228,"Pracovní skupina k problematice vzdělávání lékařských zdravotnických pracovníků","Zřizovací dekret ministra č. 33/2025/ZDM - statut a jednací řád","https://ppo.mzcr.cz/upload/files/zakladni-dokumenty-zrizovaci-dekret-ministra-c-33-2025-zdm-statut-a-jednaci-rad-69a565ecf1a05.pdf",815526
229,"Komisi Ministerstva zdravotnictví pro určení pořadí poskytovatelů v oboru pracovní lékařství, kteří požádali o povolení k uznávání nemocí z povolání nebo ohrožení nemocí z povolání v souladu s ustanovením § 66 odst. 1 zákona č. 373/2011 Sb., o specifických zdravotních službách, ve znění pozdějších předpisů, ve vztahu k území, pro které mají být uznávány nemoci z povolání nebo ohrožení nemocí z povolání.","PM 2012-35 a SP 01-2015_komise-nemoci z povolání","https://ppo.mzcr.cz/upload/files/zakladni-dokumenty-pm-2012-35-a-sp-01-2015-komise-nemoci-z-povolani-69de3597d7ef8.pdf",127613
230,"Národní rada komplexních onkologických center","23_2026_ZDM_Statut a jednací řád","https://ppo.mzcr.cz/upload/files/zakladni-dokumenty-23-2026-zdm-statut-a-jednaci-rad-69ef7dbc2402b.pdf",196549
231,"Pracovní skupina Digitálního zmocněnce pro adaptaci na plošné zavedení primárně elektronické formy vedení zdravotnické dokumentace v ČR","Prezentace PS eZD 10.6.2026","https://ppo.mzcr.cz/upload/files/jednani-ps-ezd-10-6-20265-prezentace-ps-ezd-10-6-2026-6a3d32891b822.pptx",
231,"Pracovní skupina Digitálního zmocněnce pro adaptaci na plošné zavedení primárně elektronické formy vedení zdravotnické dokumentace v ČR","Zápis PS eZD 10.6.2026","https://ppo.mzcr.cz/upload/files/jednani-ps-ezd-10-6-20265-zapis-ps-ezd-10-6-2026-6a3d32c7d7567.docx",
231,"Pracovní skupina Digitálního zmocněnce pro adaptaci na plošné zavedení primárně elektronické formy vedení zdravotnické dokumentace v ČR","Prezentace PS eZD 28.4.2026","https://ppo.mzcr.cz/upload/files/jednani-ps-ezd-28-4-2026-prezentace-ps-ezd-28-4-2026-6a05c26422be1.pptx",2754243
231,"Pracovní skupina Digitálního zmocněnce pro adaptaci na plošné zavedení primárně elektronické formy vedení zdravotnické dokumentace v ČR","Zápis PS eZD 28.4.2026","https://ppo.mzcr.cz/upload/files/jednani-ps-ezd-28-4-2026-zapis-ps-ezd-28-4-2026-6a0c68d35a7b8.pdf",316294
231,"Pracovní skupina Digitálního zmocněnce pro adaptaci na plošné zavedení primárně elektronické formy vedení zdravotnické dokumentace v ČR","25_2026_ZD_statut_jednaci_rad","https://ppo.mzcr.cz/upload/files/zakladni-dokumenty-25-2026-zd-statut-jednaci-rad-6a059fcdb8e02.pdf",236223
232,"Pracovní skupina pro obezitu a diabetes v rámci Národního programu prevence a léčby obezity České republiky","Záznam z jednání_14_4_2026_NPPLO_obezita","https://ppo.mzcr.cz/upload/files/jednani-pracovni-skupiny-pro-obezitu-v-ramci-narodniho-programu-prevence-a-lecby-obezity-cr-zaznam-z-jednani-14-4-2026-npplo-obezita-6a16fdc2dca72.pdf",119192
232,"Pracovní skupina pro obezitu a diabetes v rámci Národního programu prevence a léčby obezity České republiky","Z technických důvodů jsou aktuální zápisy zveřejněny níže v sekci Odkazy. Děkujeme za pochopení.","https://ppo.mzcr.cz/upload/files/jednani-pracovni-skupiny-pro-obezitu-v-ramci-narodniho-programu-prevence-a-lecby-obezity-cr-z-technickych-duvodu-jsou-aktualni-zapisy-zverejneny-nize-v-sekci-odkazy-dekujeme-za-pochopeni-6a54e9b923236.txt",
233,"Řídící rada Národního screeningového centra","Zřizovací dekret ministra_Řídicí a Výkonná rada NSC","https://ppo.mzcr.cz/upload/files/zakladni-dokumenty-zrizovaci-dekret-ministra-ridici-a-vykonna-rada-nsc-6a2932aa7941f.pdf",252873
234,"Výkonná rada Národního screeningového centra","Zřizovací dekret ministra_Řídicí a Výkonná rada NSC","https://ppo.mzcr.cz/upload/files/zakladni-dokumenty-zrizovaci-dekret-ministra-ridici-a-vykonna-rada-nsc-6a29327a6e61e.pdf",252873
235,"Pracovní skupina pro specializovanou zdravotní péči a Centra vysoce specializované zdravotní péče (CVSP)","Zřizovací dekret ministra č. 16/2026/ZDM","https://ppo.mzcr.cz/upload/files/zakladni-dokumenty-zrizovaci-dekret-ministra-c-16-2026-zdm-6a2bb1a6dfc40.pdf",197127
236,"Výbor pro umělou inteligenci ve zdravotnictví","39_2026_ZDM zřizovací dekret výbor pro AI","https://ppo.mzcr.cz/upload/files/vybor-pro-ai-zakladni-dokumenty-39-2026-zdm-zrizovaci-dekret-vybor-pro-ai-6a7f0f2e16420.pdf",
236,"Výbor pro umělou inteligenci ve zdravotnictví","zápis_vybor_AI_23062026","https://ppo.mzcr.cz/upload/files/vybor-pro-ai-zapisy-z-jednani-zapis-vybor-ai-23062026-6a7f0f278c9f4.pdf",