person_id,person_name,pocet_clenstvi,role,afiliace,skupiny
2507,"Ing. Mgr. Venuše Škampová",26,"Členové; Předseda; Místopředseda","ředitelka OZP MZ ; ředitelka Odboru zdravotní péče ; Ministerstvo zdravotnictví ; MZD/OZP ; Odbor zdravotní péče MZ ČR ; OZP MZ ; ředitelka Odboru zdravotní péče MZd ; pověřená vrchní ředitelka pro zdravotní péči MZD","Pracovní skupina k seznamu zdravotních výkonů s bodovými hodnotami (Členové) ; Národní imunizační komise (NIKO) (Členové) ; Resortní koordinační skupina Ministerstva zdravotnictví ČR pro Evropskou unii (Členové) ; Komise pro reprodukční medicínu (Předseda) ; Pracovní komise pro systémové řešení urgentních příjmů (Místopředseda) ; Pracovní skupina pro metodické řízení poskytovatelů zdravotnických záchranných služeb (Místopředseda) ; Národní rada pro implementaci Národního onkologického programu (Členové) ; Mezioborová komise pro vzácná onemocnění (Místopředseda) ; Národní rada elektronického zdravotnictví (Členové) ; Meziresortní koordinační skupina pro dětské duševní zdraví (Členové) ; Pracovní skupina pro restrukturalizaci intenzivní zdravotní péče (Předseda) ; Komise pro přípravu programu časného záchytu karcinomu prostaty (Členové) ; Pracovní skupina k problematice péče o pacienty s nařízeným ochranným léčením (Členové) ; Pracovní skupina pro koncepční řešení rozvoje geriatrické péče v České republice (Předseda) ; Řídicí výbor implementace Strategického rámce rozvoje péče o zdraví v České republice do roku 2030 (Členové) ; Strategická skupina pro personální stabilizaci resortu zdravotnictví (Místopředseda) ; Meziresortní pracovní skupina pro problematiku institucionálního stravování (Členové) ; Pracovní skupina pro koncepční řešení pediatrické péče (Předseda) ; Komise pro schvalování pracovišť a zařazení radiologického pracoviště pro provádění magnetické rezonance (MRI) v rámci Populačního pilotního programu časného záchytu karcinomu prostaty v ČR a pro schvalování pracovišť a zařazení urologického pracoviště pro provádění biopsie prostaty v rámci Populačního pilotního programu časného záchytu karcinomu prostaty v ČR (Předseda) ; Pracovní skupina pro koncepci neurorehabilitační péče v ČR (Předseda) ; Koncepční pracovní skupina pro přípravu budoucího programového období kohezní politiky EU 2028+ (Místopředseda) ; Národní rada komplexních onkologických center (Členové) ; Pracovní skupina pro obezitu a diabetes v rámci Národního programu prevence a léčby obezity České republiky (Členové) ; Výkonná rada Národního screeningového centra (Členové) ; Pracovní skupina pro specializovanou zdravotní péči a Centra vysoce specializované zdravotní péče (CVSP) (Členové) ; Výbor pro umělou inteligenci ve zdravotnictví (Členové)"
450,"prof. RNDr. Ladislav Dušek, Ph.D.",19,"Místopředseda; Členové","Ústav zdravotnických informací a statistiky ČR ; ÚZIS ; ÚZIS ČR ; Ústav zdravotnických informací a statistiky ČR (ÚZIS ČR) ; ředitel Ústavu zdravotnických informací a statistiky ČR","Řídící rada pro implementaci CZ-DRG do resortu zdravotnictví (Místopředseda) ; Národní rada pro implementaci Národního onkologického programu (Členové) ; Národní rada elektronického zdravotnictví (Členové) ; Pracovní skupina pro restrukturalizaci intenzivní zdravotní péče (Členové) ; Komise pro přípravu programu screeningu aneurysmatu abdominální aorty (Členové) ; Komise pro program screeningu karcinomu děložního hrdla (Členové) ; Komise pro program časného záchytu karcinomu plic (Členové) ; Komise pro přípravu programu časného záchytu karcinomu prostaty (Členové) ; Komise pro program screeningu karcinomu prsu (Členové) ; Komise pro program screeningu kolorektálního karcinomu (Členové) ; Komise pro přípravu programu časného záchytu poruch štítné žlázy v těhotenství (Členové) ; Řídicí výbor implementace Strategického rámce rozvoje péče o zdraví v České republice do roku 2030 (Členové) ; Strategická skupina pro personální stabilizaci resortu zdravotnictví (Členové) ; Národní institut pro zvládání pandemie (Členové) ; Komise pro podporu diagnostiky a léčby rakoviny slinivky břišní (Členové) ; Pracovní skupina pro reformu veřejného zdraví v ČR (Členové) ; Národní rada komplexních onkologických center (Členové) ; Řídící rada Národního screeningového centra (Členové) ; Výkonná rada Národního screeningového centra (Členové)"
3109,"MUDr. Iveta Matějovská, CSc.",17,"Členové","Ministerstvo zdravotnictví ; zástupce Odboru regulace cen a úhrad ; Odbor regulace cen a úhrad Ministerstvo zdravotnictví ČR ; Odbor regulace cen a úhrad Ministerstva zdravotnictví ; Odbor regulace cen a úhrad MZ ČR ; MZD ČR, odbor regulace cen a úhrad ; MZd OZI ; CAU MZ ; Odbor regulace cen a úhrad MZD ; Odbor regulace cen a úhrad MZd ČR","Pracovní skupina pro dětskou a dorostovou psychiatrii (Členové) ; Mezioborová komise pro vzácná onemocnění (Členové) ; Odborná rada pro ošetřovatelství a řízení implementace a hodnocení úspěšnosti Koncepce ošetřovatelství (Členové) ; Centrální koordinační skupina Národního antibiotického programu (Členové) ; Komise pro přípravu programu screeningu aneurysmatu abdominální aorty (Členové) ; Komise pro program screeningu karcinomu děložního hrdla (Členové) ; Komise pro program časného záchytu karcinomu plic (Členové) ; Komise pro přípravu programu časného záchytu karcinomu prostaty (Členové) ; Komise pro program screeningu karcinomu prsu (Členové) ; Komise pro program screeningu kolorektálního karcinomu (Členové) ; Komise pro přípravu programu časného záchytu poruch štítné žlázy v těhotenství (Členové) ; Komise pro výživu kojenců a malých dětí (Členové) ; Pracovní skupina pro koncepční řešení rozvoje geriatrické péče v České republice (Členové) ; Komise pro schvalování pracovišť a zařazení radiologického pracoviště pro provádění magnetické rezonance (MRI) v rámci Populačního pilotního programu časného záchytu karcinomu prostaty v ČR a pro schvalování pracovišť a zařazení urologického pracoviště pro provádění biopsie prostaty v rámci Populačního pilotního programu časného záchytu karcinomu prostaty v ČR (Členové) ; Pracovní skupina pro koncepci neurorehabilitační péče v ČR (Členové) ; Komise pro podporu diagnostiky a léčby rakoviny slinivky břišní (Členové) ; Komise pro novorozenecký laboratorní screening (Členové)"
3064,"Mgr. Alice Strnadová, MBA",15,"Členové; Předseda; Místopředseda","ředitelka Odboru zdravotnických povolání, hlavní sestra ČR ; ředitelka Odboru zdravotnických povolání ; ONP MZ ; ředitelka Odboru zdravotnických povolání MZd","Pracovní skupina k seznamu zdravotních výkonů s bodovými hodnotami (Členové) ; Resortní koordinační skupina Ministerstva zdravotnictví ČR pro Evropskou unii (Členové) ; Pracovní skupina pro dobrovolnictví ve zdravotnictví (Členové) ; Mezirezortní komise zdravotnického školství (Předseda) ; Rada pro duchovní péči ve zdravotnictví (Členové) ; Pracovní skupina k rovným příležitostem pro ženy a muže (Členové) ; Pracovní skupina pro koncepční řešení poskytování domácí péče v ČR (Místopředseda) ; Národní rada pro implementaci Národního onkologického programu (Členové) ; Pracovní skupina k zajištění dostupnosti psychoterapie, psychoterapeutických a psychosociálních intervencí (Členové) ; Odborná rada pro ošetřovatelství a řízení implementace a hodnocení úspěšnosti Koncepce ošetřovatelství (Místopředseda) ; Mezioborová a meziresortní pracovní skupina pro koncepční řešení problematiky Alzheimerovy nemoci a obdobných onemocnění (PS PAN) (Členové) ; Pracovní skupina pro koncepční řešení rozvoje geriatrické péče v České republice (Členové) ; Řídicí výbor implementace Strategického rámce rozvoje péče o zdraví v České republice do roku 2030 (Členové) ; Strategická skupina pro personální stabilizaci resortu zdravotnictví (Členové) ; Pracovní skupina pro nastavení systémových změn v odbornosti zdravotnický záchranář (Předseda)"
1453,"MUDr. Barbora Macková, MHA",13,"Předseda; Místopředseda; Členové","hlavní hygienička ČR ; hlavní hygienička ČR, ředitelka Státního zdravotního ústavu ; Státní zdravotní ústav ; hlavní hygienička ČR a ředitelka Státního zdravotního ústavu","Národní imunizační komise (NIKO) (Předseda) ; Mezirezortní koordinační pracovní skupina Národního programu HIV/AIDS (Předseda) ; Komise pro řešení závažných hrozeb pro veřejné zdraví s možnými přeshraničními dopady (Ústřední epidemiologická komise) (Místopředseda) ; Národní rada pro implementaci Národního onkologického programu (Členové) ; Centrální koordinační skupina Národního antibiotického programu (Předseda) ; Řídicí výbor implementace Strategického rámce rozvoje péče o zdraví v České republice do roku 2030 (Členové) ; Strategická skupina pro personální stabilizaci resortu zdravotnictví (Členové) ; Meziresortní pracovní skupina pro problematiku institucionálního stravování (Předseda) ; Meziresortní pracovní skupina pro rozvoj pohybových aktivit (Předseda) ; Národní institut pro zvládání pandemie (Místopředseda) ; Koncepční pracovní skupina pro přípravu budoucího programového období kohezní politiky EU 2028+ (Členové) ; Pracovní skupina pro reformu veřejného zdraví v ČR (Místopředseda) ; Pracovní skupina pro obezitu a diabetes v rámci Národního programu prevence a léčby obezity České republiky (Členové)"
1071,"Mgr. Blanka Kavková",12,"Členové; Hosté; Místopředseda","Odbor zdravotní péče MZd ; Odbor zdravotní péče Ministerstva zdravotnictví ; OZP MZ ; Ministerstvo zdravotnictví ; Odbor zdravotní péče MZD ; zástupkyně odboru zdravotní péče MZD","Pracovní skupina Ministerstva zdravotnictví pro koordinaci spolupráce s OECD (Členové) ; Národní rada pro implementaci Národního onkologického programu (Hosté) ; Pracovní skupina pro koncepční řešení oblasti zdravotních služeb a činností provozovaných dle živnostenského zákona (Místopředseda) ; Komise pro program screeningu karcinomu děložního hrdla (Členové) ; Komise pro program screeningu kolorektálního karcinomu (Členové) ; Pracovní skupina k problematice péče o pacienty s nařízeným ochranným léčením (Členové) ; Pracovní skupina pro koncepční řešení rozvoje geriatrické péče v České republice (Místopředseda) ; Pracovní skupina pro koncepční řešení pediatrické péče (Místopředseda) ; Komise pro schvalování pracovišť a zařazení radiologického pracoviště pro provádění magnetické rezonance (MRI) v rámci Populačního pilotního programu časného záchytu karcinomu prostaty v ČR a pro schvalování pracovišť a zařazení urologického pracoviště pro provádění biopsie prostaty v rámci Populačního pilotního programu časného záchytu karcinomu prostaty v ČR (Místopředseda) ; Pracovní skupina pro koncepci neurorehabilitační péče v ČR (Místopředseda) ; Komise pro podporu diagnostiky a léčby rakoviny slinivky břišní (Členové) ; Koncepční pracovní skupina pro přípravu budoucího programového období kohezní politiky EU 2028+ (Hosté)"
3263,"PhDr. Karel Hejduk",12,"Hosté; Tajemník; Předseda","Národní screeningové centrum ; Národní screeningové centrum, ÚZIS ČR ; Národní screeningové centrum ÚZIS ČR ; Národní screeningové centrum (NSC)","Národní rada pro implementaci Národního onkologického programu (Hosté) ; Komise pro přípravu programu screeningu aneurysmatu abdominální aorty (Tajemník) ; Komise pro program screeningu karcinomu děložního hrdla (Tajemník) ; Komise pro program časného záchytu karcinomu plic (Tajemník) ; Komise pro přípravu programu časného záchytu karcinomu prostaty (Tajemník) ; Komise pro program screeningu karcinomu prsu (Tajemník) ; Komise pro program screeningu kolorektálního karcinomu (Tajemník) ; Komise pro přípravu programu časného záchytu poruch štítné žlázy v těhotenství (Tajemník) ; Komise pro podporu diagnostiky a léčby rakoviny slinivky břišní (Tajemník) ; Komise pro novorozenecký laboratorní screening (Předseda) ; Řídící rada Národního screeningového centra (Tajemník) ; Výkonná rada Národního screeningového centra (Tajemník)"
3172,"RNDr. Ondřej Májek, Ph.D.",11,"Členové; Místopředseda; Předseda","Národní screeningové centrum, ÚZIS ČR ; Národní screeningové centrum ÚZIS ČR ; Národní screeningové centrum (NSC)","Pracovní skupina Ministerstva zdravotnictví pro koordinaci spolupráce s OECD (Členové) ; Komise pro přípravu programu screeningu aneurysmatu abdominální aorty (Místopředseda) ; Komise pro program screeningu karcinomu děložního hrdla (Místopředseda) ; Komise pro program časného záchytu karcinomu plic (Místopředseda) ; Komise pro přípravu programu časného záchytu karcinomu prostaty (Místopředseda) ; Komise pro program screeningu karcinomu prsu (Místopředseda) ; Komise pro program screeningu kolorektálního karcinomu (Místopředseda) ; Komise pro přípravu programu časného záchytu poruch štítné žlázy v těhotenství (Místopředseda) ; Komise pro podporu diagnostiky a léčby rakoviny slinivky břišní (Členové) ; Komise pro novorozenecký laboratorní screening (Členové) ; Výkonná rada Národního screeningového centra (Předseda)"
2692,"Mgr. Tomáš Troch",10,"Členové; Místopředseda","ředitel Odboru regulace cen a úhrad ; CAU MZ ; ředitel odboru regulace cen a úhrad MZD ; Ministerstvo zdravotnictví","Resortní koordinační skupina Ministerstva zdravotnictví ČR pro Evropskou unii (Členové) ; Pracovní skupina Ministerstva zdravotnictví pro koordinaci spolupráce s OECD (Členové) ; Pracovní skupina pro koncepční řešení poskytování domácí péče v ČR (Místopředseda) ; Meziresortní pracovní komise pro přípravu a koordinaci zavedení MKN-11 v ČR (Místopředseda) ; Pracovní skupina pro restrukturalizaci intenzivní zdravotní péče (Členové) ; Poradní skupina ekonomů lůžkové péče (Členové) ; Koncepční pracovní skupina pro přípravu budoucího programového období kohezní politiky EU 2028+ (Členové) ; Národní rada komplexních onkologických center (Členové) ; Výkonná rada Národního screeningového centra (Členové) ; Pracovní skupina pro specializovanou zdravotní péči a Centra vysoce specializované zdravotní péče (CVSP) (Členové)"
4195,"MUDr. Patrik Zachar",10,"Místopředseda; Členové; Předseda","Ministerstvo zdravotnictví ; vrchní ředitel sekce zdravotní péče MZd","Pracovní skupina pro reformu primární péče (Místopředseda) ; Pracovní skupina pro reformu primární péče (Členové) ; Pracovní skupina pro lékařské ozáření (Předseda) ; Komise pro posuzování rozmístění přístrojových zdravotnických prostředků a kapacit hrazených z veřejného zdravotního pojištění (Členové) ; Národní rada pro implementaci Národního onkologického programu (Předseda) ; Meziresortní pracovní skupiny k výkonu rozsudku V proti ČR (Předseda) ; Národní rada komplexních onkologických center (Členové) ; Řídící rada Národního screeningového centra (Místopředseda) ; Výkonná rada Národního screeningového centra (Členové) ; Pracovní skupina pro specializovanou zdravotní péči a Centra vysoce specializované zdravotní péče (CVSP) (Místopředseda)"
3307,"MUDr. Tomáš Boráň",9,"Místopředseda; Členové","ředitel Státního ústavu pro kontrolu léčiv","Lékopisná komise Ministerstva zdravotnictví (Místopředseda) ; Národní imunizační komise (NIKO) (Členové) ; Komise pro reprodukční medicínu (Členové) ; Národní rada pro implementaci Národního onkologického programu (Členové) ; Centrální koordinační skupina Národního antibiotického programu (Členové) ; Pracovní skupina pro klinické hodnocení humánních léčivých přípravků (Členové) ; Pracovní skupina pro bakteriofágovou terapii (Členové) ; Poradní sbor pro lékovou politiku (Členové) ; Pracovní skupina pro obezitu a diabetes v rámci Národního programu prevence a léčby obezity České republiky (Členové)"
1110,"MUDr. Renata Knorová, MBA",8,"Členové","Svaz zdravotních pojišťoven ; SZP ČR ; Svaz zdravotních pojišťoven ČR","Rada poskytovatelů Ministerstva zdravotnictví (Členové) ; Řídící rada pro implementaci CZ-DRG do resortu zdravotnictví (Členové) ; Národní rada pro implementaci Národního onkologického programu (Členové) ; Pracovní skupina pro restrukturalizaci intenzivní zdravotní péče (Členové) ; Komise pro program časného záchytu karcinomu plic (Členové) ; Komise pro přípravu programu časného záchytu karcinomu prostaty (Členové) ; Komise pro program screeningu karcinomu prsu (Členové) ; Národní rada komplexních onkologických center (Členové)"
2547,"MUDr. Petr Šonka",8,"Místopředseda; Členové","SPL ČR ; předseda Sdružení praktických lékařů ČR ; Sdružení praktických lékařů ČR","Rada poskytovatelů Ministerstva zdravotnictví (Místopředseda) ; Pracovní skupina k seznamu zdravotních výkonů s bodovými hodnotami (Členové) ; Pracovní skupina pro reformu primární péče (Místopředseda) ; Pracovní komise pro systémové řešení urgentních příjmů (Členové) ; Strategická skupina pro personální stabilizaci resortu zdravotnictví (Členové) ; Národní institut pro zvládání pandemie (Členové) ; Komise pro podporu diagnostiky a léčby rakoviny slinivky břišní (Členové) ; Pracovní skupina pro obezitu a diabetes v rámci Národního programu prevence a léčby obezity České republiky (Členové)"
2954,"Mgr. Jan Zapletal",8,"Členové; Místopředseda; Předseda","Ministerstvo zdravotnictví ; vrchní ředitel sekce ekonomiky a zdravotního pojištění MZd ; vrchní ředitel sekce pro ekonomiku a zdravotní pojištění ; vrchní ředitel pro ekonomiku a zdravotní pojištění MZD","Národní imunizační komise (NIKO) (Členové) ; Komise pro reprodukční medicínu (Členové) ; Komise pro posuzování rozmístění přístrojových zdravotnických prostředků a kapacit hrazených z veřejného zdravotního pojištění (Členové) ; Národní rada pro implementaci Národního onkologického programu (Místopředseda) ; Poradní skupina ekonomů lůžkové péče (Členové) ; Strategická skupina pro personální stabilizaci resortu zdravotnictví (Členové) ; Koncepční pracovní skupina pro přípravu budoucího programového období kohezní politiky EU 2028+ (Předseda) ; Řídící rada Národního screeningového centra (Členové)"
2606,"MUDr. Petr Šubrt",7,"Členové","Sdružení praktických lékařů ČR","Komise pro přípravu programu screeningu aneurysmatu abdominální aorty (Členové) ; Komise pro program screeningu karcinomu děložního hrdla (Členové) ; Komise pro program časného záchytu karcinomu plic (Členové) ; Komise pro přípravu programu časného záchytu karcinomu prostaty (Členové) ; Komise pro program screeningu karcinomu prsu (Členové) ; Komise pro program screeningu kolorektálního karcinomu (Členové) ; Komise pro přípravu programu časného záchytu poruch štítné žlázy v těhotenství (Členové)"
2715,"Ing. Štěpánka Tyburcová",7,"Členové; Tajemník","OZP MZ ; MZd OZP ; Odbor zdravotní péče MZd ČR","Národní transfuzní komise MZ (Členové) ; Pracovní skupina pro dětskou a dorostovou psychiatrii (Členové) ; Pracovní skupina pro restrukturalizaci intenzivní zdravotní péče (Členové) ; Centrální koordinační skupina Národního antibiotického programu (Členové) ; Komise pro výživu kojenců a malých dětí (Členové) ; Pracovní skupina pro koncepční řešení pediatrické péče (Tajemník) ; Komise pro novorozenecký laboratorní screening (Členové)"
3733,"Mgr. Ivana Svobodová",7,"Členové; Hosté; Místopředseda","Odbor duševního zdraví MZd","Pracovní skupina Ministerstva zdravotnictví pro koordinaci spolupráce s OECD (Členové) ; Pracovní skupina pro dětskou a dorostovou psychiatrii (Členové) ; Národní rada pro implementaci Národního onkologického programu (Hosté) ; Pracovní skupina k zajištění dostupnosti psychoterapie, psychoterapeutických a psychosociálních intervencí (Členové) ; Meziresortní koordinační skupina pro dětské duševní zdraví (Místopředseda) ; Pracovní skupina pro koncepční řešení oblasti zdravotních služeb a činností provozovaných dle živnostenského zákona (Členové) ; Meziresortní pracovní skupiny k výkonu rozsudku V proti ČR (Místopředseda)"
4196,"Ing. Mgr. Markéta Foldyna Hellová, MHA",7,"Členové; Předseda","Ministerstvo zdravotnictví","Komise pro posuzování rozmístění přístrojových zdravotnických prostředků a kapacit hrazených z veřejného zdravotního pojištění (Členové) ; Meziresortní pracovní skupina pro rozvoj pohybových aktivit (Členové) ; Poradní sbor pro lékovou politiku (Předseda) ; Pracovní skupina pro obezitu a diabetes v rámci Národního programu prevence a léčby obezity České republiky (Členové) ; Řídící rada Národního screeningového centra (Členové) ; Výkonná rada Národního screeningového centra (Členové) ; Výbor pro umělou inteligenci ve zdravotnictví (Předseda)"
467,"MUDr. Vladimír Dvořák, Ph.D.",6,"Předseda; Místopředseda; Členové","Rada poskytovatelů zdravotní péče MZD ; Česká gynekologická a porodnická společnost ČLS JEP ; Sdružení soukromých gynekologů ČR","Rada poskytovatelů Ministerstva zdravotnictví (Předseda) ; Pracovní skupina pro reformu primární péče (Místopředseda) ; Pracovní skupina pro reformu primární péče (Členové) ; Národní rada elektronického zdravotnictví (Členové) ; Komise pro program screeningu karcinomu děložního hrdla (Předseda) ; Komise pro program screeningu karcinomu prsu (Členové)"
3469,"MUDr. Helena Sajdlová",6,"Členové","Všeobecná zdravotní pojišťovna ČR ; VZP ČR","Národní rada pro implementaci Národního onkologického programu (Členové) ; Mezioborová komise pro vzácná onemocnění (Členové) ; Pracovní skupina pro restrukturalizaci intenzivní zdravotní péče (Členové) ; Komise pro přípravu programu časného záchytu karcinomu prostaty (Členové) ; Komise pro program screeningu karcinomu prsu (Členové) ; Pracovní skupina pro koncepční řešení pediatrické péče (Členové)"
3663,"Ing. Miroslav Jankůj, Ph.D.",6,"Členové","Všeobecná zdravotní pojišťovna ČR ; VZP ČR","Národní imunizační komise (NIKO) (Členové) ; Pracovní skupina pro reformu primární péče (Členové) ; Komise pro posuzování rozmístění přístrojových zdravotnických prostředků a kapacit hrazených z veřejného zdravotního pojištění (Členové) ; Národní rada komplexních onkologických center (Členové) ; Pracovní skupina pro obezitu a diabetes v rámci Národního programu prevence a léčby obezity České republiky (Členové) ; Výbor pro umělou inteligenci ve zdravotnictví (Členové)"
3820,"Mgr. Matyáš Fošum, Ph.D.",6,"Členové; Tajemník; Hosté","ředitel odboru ochrany veřejného zdraví MZD","Mezirezortní koordinační pracovní skupina Národního programu HIV/AIDS (Členové) ; Pracovní skupina Ministerstva zdravotnictví pro koordinaci spolupráce s OECD (Členové) ; Poradní sbor hygieny práce a pracovního lékařství náměstkyně pro ochranu a podporu veřejného zdraví MZ ČR a hlavní hygieničky České republiky (Tajemník) ; Meziresortní pracovní skupina pro rozvoj pohybových aktivit (Členové) ; Koncepční pracovní skupina pro přípravu budoucího programového období kohezní politiky EU 2028+ (Hosté) ; Pracovní skupina pro reformu veřejného zdraví v ČR (Tajemník)"
40,"prof. MUDr. Marek Babjuk, CSc.",5,"Členové","Česká urologická společnost ČLS JEP ; Asociace děkanů LF","Vědecká rada Ministerstva zdravotnictví (Členové) ; Vzdělávací rada lékařů (Členové) ; Komise pro přípravu programu časného záchytu karcinomu prostaty (Členové) ; Komise pro schvalování pracovišť a zařazení radiologického pracoviště pro provádění magnetické rezonance (MRI) v rámci Populačního pilotního programu časného záchytu karcinomu prostaty v ČR a pro schvalování pracovišť a zařazení urologického pracoviště pro provádění biopsie prostaty v rámci Populačního pilotního programu časného záchytu karcinomu prostaty v ČR (Členové) ; Národní rada komplexních onkologických center (Členové)"
45,"Mgr. Martin Balada, LL.M.",5,"Členové","SZP ČR ; zástupce Svazu zdravotních pojišťoven ČR ; Svaz zdravotních pojišťoven ČR","Národní imunizační komise (NIKO) (Členové) ; Pracovní skupina pro dobrovolnictví ve zdravotnictví (Členové) ; Národní rada elektronického zdravotnictví (Členové) ; Koncepční pracovní skupina pro přípravu budoucího programového období kohezní politiky EU 2028+ (Členové) ; Výbor pro umělou inteligenci ve zdravotnictví (Členové)"
716,"Mgr. Lenka Hladíková",5,"Členové; Tajemník; Místopředseda","zástupce Odboru zdravotnických povolání","Pracovní skupina k seznamu zdravotních výkonů s bodovými hodnotami (Členové) ; Pracovní skupina pro koncepční řešení poskytování domácí péče v ČR (Tajemník) ; Odborná rada pro ošetřovatelství a řízení implementace a hodnocení úspěšnosti Koncepce ošetřovatelství (Členové) ; Pracovní skupina pro koncepční řešení pediatrické péče (Členové) ; Pracovní skupina pro nastavení systémových změn v odbornosti zdravotnický záchranář (Místopředseda)"
1616,"Ing. Jan Michálek",5,"Členové","ředitel Odboru přímo řízených organizací MZD ; ředitel odboru přímo řízených organizací MZD","Pracovní skupina k rovným příležitostem pro ženy a muže (Členové) ; Řídící rada pro implementaci CZ-DRG do resortu zdravotnictví (Členové) ; Poradní skupina ekonomů lůžkové péče (Členové) ; Pracovní skupina pro klinické hodnocení humánních léčivých přípravků (Členové) ; Koncepční pracovní skupina pro přípravu budoucího programového období kohezní politiky EU 2028+ (Členové)"
1971,"prof. PhDr. Andrea Pokorná, Ph.D.",5,"Členové","zástupce Asociace vysokoškolských vzdělavatelů nelékařských zdravotnických profesí ; zástupkyně Asociace vysokoškolských vzdělavatelů nelékařských zdravotnických pracovníků","Vědecká rada Ministerstva zdravotnictví (Členové) ; Pracovní skupina Ministerstva zdravotnictví pro koordinaci spolupráce s OECD (Členové) ; Odborná rada pro ošetřovatelství a řízení implementace a hodnocení úspěšnosti Koncepce ošetřovatelství (Členové) ; Rada Národního centra pro medicínské nomenklatury a klasifikace (Členové) ; Strategická skupina pro personální stabilizaci resortu zdravotnictví (Členové)"
2226,"doc. MUDr. Bohumil Seifert, Ph.D.",5,"Členové","všeobecný lékař, 1. LF UK Praha ; Společnost všeobecného lékařství ČLS JEP ; Společnost všeobecného lékařství","Etická komise Ministerstva zdravotnictví (Členové) ; Národní rada pro implementaci Národního onkologického programu (Členové) ; Komise pro program časného záchytu karcinomu plic (Členové) ; Komise pro program screeningu kolorektálního karcinomu (Členové) ; Komise pro podporu diagnostiky a léčby rakoviny slinivky břišní (Členové)"
2538,"doc. MUDr. Roman Šmucler, CSc.",5,"Členové; Místopředseda","","Rada poskytovatelů Ministerstva zdravotnictví (Členové) ; Vědecká rada Ministerstva zdravotnictví (Členové) ; Pracovní skupina pro reformu primární péče (Místopředseda) ; Vzdělávací rada zubních lékařů (Členové) ; Meziresortní pracovní komise pro přípravu a koordinaci zavedení MKN-11 v ČR (Členové)"
2976,"Ing. Martin Zeman",5,"Členové; Tajemník","MZD/IKT ; ředitel Odboru IT a elektronizace zdravotnictví","Resortní koordinační skupina Ministerstva zdravotnictví ČR pro Evropskou unii (Členové) ; Meziresortní pracovní komise pro přípravu a koordinaci zavedení MKN-11 v ČR (Členové) ; Národní rada elektronického zdravotnictví (Tajemník) ; Řídicí výbor implementace Strategického rámce rozvoje péče o zdraví v České republice do roku 2030 (Členové) ; Pracovní skupina Digitálního zmocněnce pro adaptaci na plošné zavedení primárně elektronické formy vedení zdravotnické dokumentace v ČR (Tajemník)"
3308,"Mgr. Bc. Kateřina Grygarová",5,"Členové; Místopředseda","Ministerstvo zdravotnictví ; ředitelka Odboru evropských fondů a investičního rozvoje ; EFI MZ ; ředitelka odboru evropských fondů a investičního rozvoje MZD","Komise pro posuzování rozmístění přístrojových zdravotnických prostředků a kapacit hrazených z veřejného zdravotního pojištění (Členové) ; Národní rada pro implementaci Národního onkologického programu (Členové) ; Pracovní skupina pro koncepční řešení rozvoje geriatrické péče v České republice (Místopředseda) ; Řídicí výbor implementace Strategického rámce rozvoje péče o zdraví v České republice do roku 2030 (Členové) ; Koncepční pracovní skupina pro přípravu budoucího programového období kohezní politiky EU 2028+ (Členové)"
3367,"JUDr. Mgr. Vladimíra Těšitelová, LL.M.",5,"Členové","Ústav zdravotnických informací a statistiky ČR","Řídící rada pro implementaci CZ-DRG do resortu zdravotnictví (Členové) ; Meziresortní pracovní komise pro přípravu a koordinaci zavedení MKN-11 v ČR (Členové) ; Rada Národního centra pro medicínské nomenklatury a klasifikace (Členové) ; Pracovní skupina pro koncepci neurorehabilitační péče v ČR (Členové) ; Výbor pro umělou inteligenci ve zdravotnictví (Členové)"
3451,"Mgr. Zdeněk Kyselý",5,"Členové","Ministerstvo zdravotnictví","Národní transfuzní komise MZ (Členové) ; Resortní koordinační skupina Ministerstva zdravotnictví ČR pro Evropskou unii (Členové) ; Komise pro řešení závažných hrozeb pro veřejné zdraví s možnými přeshraničními dopady (Ústřední epidemiologická komise) (Členové) ; Centrální koordinační skupina Národního antibiotického programu (Členové) ; Národní institut pro zvládání pandemie (Členové)"
4076,"Mgr. Petr Davídek",5,"Členové; Místopředseda","MZd OLZP ; ředitel Odboru léčiv a zdravotnických prostředků MZD ; Ministerstvo zdravotnictví","Komise pro výživu kojenců a malých dětí (Členové) ; Pracovní skupina pro klinické hodnocení humánních léčivých přípravků (Členové) ; Pracovní skupina pro nastavení systémových změn v odbornosti zdravotnický záchranář (Členové) ; Poradní sbor pro lékovou politiku (Místopředseda) ; Výbor pro umělou inteligenci ve zdravotnictví (Členové)"
4225,"MUDr. Tomáš Hauer",5,"Členové; Předseda","Ministerstvo zdravotnictví","Komise pro posuzování rozmístění přístrojových zdravotnických prostředků a kapacit hrazených z veřejného zdravotního pojištění (Členové) ; Národní rada komplexních onkologických center (Členové) ; Řídící rada Národního screeningového centra (Členové) ; Výkonná rada Národního screeningového centra (Členové) ; Pracovní skupina pro specializovanou zdravotní péči a Centra vysoce specializované zdravotní péče (CVSP) (Předseda)"
19,"doc. MUDr. Martin Anders, Ph.D.",4,"Členové","","Vědecká rada Ministerstva zdravotnictví (Členové) ; Pracovní skupina k seznamu zdravotních výkonů s bodovými hodnotami (Členové) ; Meziresortní pracovní komise pro přípravu a koordinaci zavedení MKN-11 v ČR (Členové) ; Rada Národního centra pro medicínské nomenklatury a klasifikace (Členové)"
177,"MUDr. Markéta Brabcová",4,"Členové","Všeobecná zdravotní pojišťovna ČR","Pracovní skupina k seznamu zdravotních výkonů s bodovými hodnotami (Členové) ; Mezioborová a meziresortní pracovní skupina pro koncepční řešení problematiky Alzheimerovy nemoci a obdobných onemocnění (PS PAN) (Členové) ; Komise pro program screeningu kolorektálního karcinomu (Členové) ; Komise pro přípravu programu časného záchytu poruch štítné žlázy v těhotenství (Členové)"
520,"prof. MUDr. Jiří Ferda, Ph.D.",4,"Členové","Radiologická společnost ČLS JEP ; Česká radiologická společnost ČLS JEP","Pracovní skupina pro lékařské ozáření (Členové) ; Národní rada pro implementaci Národního onkologického programu (Členové) ; Komise pro přípravu programu časného záchytu karcinomu prostaty (Členové) ; Komise pro schvalování pracovišť a zařazení radiologického pracoviště pro provádění magnetické rezonance (MRI) v rámci Populačního pilotního programu časného záchytu karcinomu prostaty v ČR a pro schvalování pracovišť a zařazení urologického pracoviště pro provádění biopsie prostaty v rámci Populačního pilotního programu časného záchytu karcinomu prostaty v ČR (Členové)"
602,"MUDr. Roman Gřegoř, MBA",4,"Tajemník; Členové","","Pracovní komise pro systémové řešení urgentních příjmů (Tajemník) ; Pracovní skupina pro metodické řízení poskytovatelů zdravotnických záchranných služeb (Tajemník) ; Pracovní skupina pro restrukturalizaci intenzivní zdravotní péče (Tajemník) ; Pracovní skupina pro nastavení systémových změn v odbornosti zdravotnický záchranář (Členové)"
771,"prof. MUDr. Tomáš Honzík, Ph.D.",4,"Členové; Místopředseda","Česká pediatrická společnost ČLS JEP ; MetabERN, VFN","Vědecká rada Ministerstva zdravotnictví (Členové) ; Pracovní komise pro systémové řešení urgentních příjmů (Členové) ; Mezioborová komise pro vzácná onemocnění (Členové) ; Komise pro novorozenecký laboratorní screening (Místopředseda)"
852,"MUDr. Ilona Hülleová",4,"Členové","Sdružení praktických lékařů pro děti a dorost","Rada poskytovatelů Ministerstva zdravotnictví (Členové) ; Pracovní skupina pro reformu primární péče (Členové) ; Pracovní skupina pro koncepční řešení pediatrické péče (Členové) ; Komise pro novorozenecký laboratorní screening (Členové)"
1054,"MUDr. Igor Karen",4,"Členové; Předseda","","Národní imunizační komise (NIKO) (Členové) ; Pracovní skupina pro reformu primární péče (Předseda) ; Pracovní skupina pro obezitu a diabetes v rámci Národního programu prevence a léčby obezity České republiky (Předseda) ; Řídící rada Národního screeningového centra (Členové)"
1414,"Mgr. Šárka Liolia",4,"Hosté; Členové","OPP MZ ; Oddělení podpory práv pacientů MZD ; Oddělení podpory práv pacientů MZd","Pracovní skupina pro dobrovolnictví ve zdravotnictví (Hosté) ; Pracovní skupina pro koncepční řešení rozvoje geriatrické péče v České republice (Členové) ; Řídicí výbor implementace Strategického rámce rozvoje péče o zdraví v České republice do roku 2030 (Členové) ; Strategická skupina pro personální stabilizaci resortu zdravotnictví (Členové)"
1628,"Mgr. Vlastimil Milata",4,"Členové","bez hlasovacího práva ; DIAKTIV CZECH REPUBLIC z.s (https://www.diaktiv.cz/) ; Pacientská rada ministra zdravotnictví - trvalý náhradní člen ; Pacientská rada MZD","Pracovní skupina k seznamu zdravotních výkonů s bodovými hodnotami (Členové) ; Pacientská rada ministra zdravotnictví (Členové) ; Komise pro kategorizaci a úhradovou regulaci zdravotnických prostředků (Členové) ; Národní rada elektronického zdravotnictví (Členové)"
2458,"MUDr. Alena Šebková",4,"Členové","Odborná společnost praktických dětských lékařů","Národní imunizační komise (NIKO) (Členové) ; Pracovní skupina pro reformu primární péče (Členové) ; Komise pro výživu kojenců a malých dětí (Členové) ; Pracovní skupina pro koncepční řešení pediatrické péče (Členové)"
3017,"MUDr. Miroslav Zvolský",4,"Členové; Předseda; Tajemník","Ústav zdravotnických informací a statistiky ČR ; ÚZIS ČR","Komise pro posuzování rozmístění přístrojových zdravotnických prostředků a kapacit hrazených z veřejného zdravotního pojištění (Členové) ; Mezioborová komise pro vzácná onemocnění (Členové) ; Meziresortní pracovní komise pro přípravu a koordinaci zavedení MKN-11 v ČR (Předseda) ; Rada Národního centra pro medicínské nomenklatury a klasifikace (Tajemník)"
3176,"Mgr. Petr Peiger",4,"Členové","zástupce Odboru legislativně-právního ; MZ, LEG ; LEG MZ","Pracovní skupina pro koncepční řešení poskytování domácí péče v ČR (Členové) ; Pracovní komise pro systémové řešení urgentních příjmů (Členové) ; Pracovní skupina pro dětskou a dorostovou psychiatrii (Členové) ; Pracovní skupina pro koncepční řešení rozvoje geriatrické péče v České republice (Členové)"
3184,"Mgr. Petr Jarema",4,"Členové","Ministerstvo zdravotnictví","Pracovní skupina pro metodické řízení poskytovatelů zdravotnických záchranných služeb (Členové) ; Pracovní skupina pro reformu veřejného zdraví v ČR (Členové) ; Řídící rada Národního screeningového centra (Členové) ; Výbor pro umělou inteligenci ve zdravotnictví (Členové)"
3274,"RNDr. Marian Rybář, MHA",4,"Hosté; Členové","Ústav zdravotnických informací a statistiky ČR ; Ministerstvo zdravotnictví","Národní rada pro implementaci Národního onkologického programu (Hosté) ; Národní rada komplexních onkologických center (Členové) ; Výkonná rada Národního screeningového centra (Členové) ; Pracovní skupina pro specializovanou zdravotní péči a Centra vysoce specializované zdravotní péče (CVSP) (Členové)"
3749,"RNDr. Jitka Soukupová",4,"Členové","zástupce ÚZIS ČR ; ÚZIS ČR ; zástupkyně Ústavu zdravotnických informací a statistiky ČR","Pracovní skupina pro koncepční řešení poskytování domácí péče v ČR (Členové) ; Mezioborová a meziresortní pracovní skupina pro koncepční řešení problematiky Alzheimerovy nemoci a obdobných onemocnění (PS PAN) (Členové) ; Pracovní skupina pro koncepční řešení rozvoje geriatrické péče v České republice (Členové) ; Koncepční pracovní skupina pro přípravu budoucího programového období kohezní politiky EU 2028+ (Členové)"
3838,"Mgr. Lenka Hynštová",4,"Předseda; Členové","Ministerstvo zdravotnictví","Pracovní skupina pro dobrovolnictví ve zdravotnictví (Předseda) ; Komise pro řešení závažných hrozeb pro veřejné zdraví s možnými přeshraničními dopady (Ústřední epidemiologická komise) (Členové) ; Pracovní skupina pro rozvoj a implementaci mezinárodních principů na podporu zdraví do systémů řízení kvality ve zdravotnických zařízeních (Předseda) ; Pracovní skupina pro koncepční řešení oblasti zdravotních služeb a činností provozovaných dle živnostenského zákona (Předseda)"
3929,"Mgr. Šárka Slavíková",4,"Místopředseda; Členové","Hlas onkologických pacientů, z. s. ; Pacientská rada MZd ; Pacientská rada ministra zdravotnictví","Pacientská rada ministra zdravotnictví (Místopředseda) ; Pracovní skupina pro dobrovolnictví ve zdravotnictví (Členové) ; Národní rada pro implementaci Národního onkologického programu (Členové) ; Komise pro podporu diagnostiky a léčby rakoviny slinivky břišní (Členové)"
3975,"Mgr. Daniela Rrahmaniová",4,"Členové; Místopředseda","Ministerstvo zdravotnictví","Komise pro řešení závažných hrozeb pro veřejné zdraví s možnými přeshraničními dopady (Ústřední epidemiologická komise) (Členové) ; Komise pro kategorizaci a úhradovou regulaci zdravotnických prostředků (Členové) ; Pracovní skupina pro bakteriofágovou terapii (Místopředseda) ; Poradní sbor pro lékovou politiku (Členové)"
4077,"MUDr. Zuzana Elbertová",4,"Členové","zástupce VZP ČR ; Všeobecná zdravotní pojišťovna ČR ; Všeobecná zdravotní pojišťovna","Pracovní skupina pro koncepční řešení poskytování domácí péče v ČR (Členové) ; Komise pro program screeningu karcinomu děložního hrdla (Členové) ; Komise pro program časného záchytu karcinomu plic (Členové) ; Komise pro novorozenecký laboratorní screening (Členové)"
28,"Bc. Anna Arellanesová",3,"Členové","Česká asociace pro vzácná onemocnění, z. s. (https://vzacna-onemocneni.cz/) ; Pacientská rada ministra zdravotnictví ; zástupkyně pacientů nominovaný Pacientskou radou ministra zdravotnictví","Pacientská rada ministra zdravotnictví (Členové) ; Mezioborová komise pro vzácná onemocnění (Členové) ; Koncepční pracovní skupina pro přípravu budoucího programového období kohezní politiky EU 2028+ (Členové)"
115,"prof. MUDr. RNDr. Jiří Beneš, CSc.",3,"Členové; Předseda","Česká lékařská společnost Jana Evangelisty Purkyně ; ČLS JEP","Vědecká rada Ministerstva zdravotnictví (Členové) ; Komise pro posuzování rozmístění přístrojových zdravotnických prostředků a kapacit hrazených z veřejného zdravotního pojištění (Členové) ; Komise pro kategorizaci a úhradovou regulaci zdravotnických prostředků (Předseda)"
221,"prof. MUDr. Tomáš Büchler, Ph.D.",3,"Členové","Česká onkologická společnost ČLS JEP ; FN Motol a Homolka","Národní rada pro implementaci Národního onkologického programu (Členové) ; Komise pro přípravu programu časného záchytu karcinomu prostaty (Členové) ; Národní rada komplexních onkologických center (Členové)"
246,"doc. MUDr. Svatopluk Býma, CSc.",3,"Členové","","Vědecká rada Ministerstva zdravotnictví (Členové) ; Pracovní skupina pro reformu primární péče (Členové) ; Mezioborová a meziresortní pracovní skupina pro koncepční řešení problematiky Alzheimerovy nemoci a obdobných onemocnění (PS PAN) (Členové)"
309,"prof. MUDr. Vladimír Černý, Ph.D., FCCM, FESAIC",3,"Předseda; Členové; Místopředseda","předseda České společnosti anesteziologie, resuscitace a intenzivní medicíny ČLS JEP, ČSARIM, z.s., Brno ; ČSARIM ČLS JEP","Etická komise Ministerstva zdravotnictví (Předseda) ; Rada poskytovatelů Ministerstva zdravotnictví (Členové) ; Pracovní skupina pro restrukturalizaci intenzivní zdravotní péče (Místopředseda)"
499,"Mgr. Marta Faiereislová",3,"Tajemník; Členové","Ministerstvo zdravotnictví","Mezirezortní komise zdravotnického školství (Tajemník) ; Pracovní skupina pro koncepční řešení oblasti zdravotních služeb a činností provozovaných dle živnostenského zákona (Členové) ; Pracovní skupina pro koncepci neurorehabilitační péče v ČR (Členové)"
507,"Zdeňka Faltýnková",3,"Členové","Česká asociace paraplegiků - CZEPA, z. s. (https://czepa.cz/) ; zástupce České asociace paraplegiků CZEPA ; Pacientská rada ministra zdravotnictví","Pacientská rada ministra zdravotnictví (Členové) ; Pracovní skupina pro koncepční řešení poskytování domácí péče v ČR (Členové) ; Komise pro kategorizaci a úhradovou regulaci zdravotnických prostředků (Členové)"
536,"prof. MUDr. Jindřich Fínek, Ph.D.",3,"Členové","člen od 1.9.2025 ; Česká onkologická společnost ČLS JEP ; KOC FN Plzeň","Komise pro institucionální podporu (Členové) ; Národní rada pro implementaci Národního onkologického programu (Členové) ; Národní rada komplexních onkologických center (Členové)"
610,"doc. MUDr. Marián Hajdúch, Ph.D.",3,"Členové; Místopředseda","","Vědecká rada Ministerstva zdravotnictví (Členové) ; Pracovní skupina pro bakteriofágovou terapii (Členové) ; Výkonná rada Národního screeningového centra (Místopředseda)"
723,"Mgr. Jana Hlaváčová",3,"Členové","Ministerstvo zdravotnictví","Pracovní skupina Ministerstva zdravotnictví pro koordinaci spolupráce s OECD (Členové) ; Komise pro kategorizaci a úhradovou regulaci zdravotnických prostředků (Členové) ; Výkonná rada Národního screeningového centra (Členové)"
1021,"prof. MUDr. Marian Kacerovský, Ph.D.",3,"Místopředseda; Členové","Česká gynekologická a porodnická společnost ČLS JEP","Pracovní skupina pro reformu primární péče (Místopředseda) ; Komise pro institucionální podporu (Místopředseda) ; Komise pro výživu kojenců a malých dětí (Členové)"
1493,"RNDr. Marek Malý, CSc.",3,"Členové","Státní zdravotní ústav","Mezirezortní koordinační pracovní skupina Národního programu HIV/AIDS (Členové) ; Komise pro řešení závažných hrozeb pro veřejné zdraví s možnými přeshraničními dopady (Ústřední epidemiologická komise) (Členové) ; Meziresortní pracovní komise pro přípravu a koordinaci zavedení MKN-11 v ČR (Členové)"
1564,"Ing. Daniela Matějková",3,"Členové","","Resortní koordinační skupina Ministerstva zdravotnictví ČR pro Evropskou unii (Členové) ; Pracovní skupina Ministerstva zdravotnictví pro koordinaci spolupráce s OECD (Členové) ; Pracovní skupina k rovným příležitostem pro ženy a muže (Členové)"
1592,"doc. MUDr. Marek Mechl, Ph.D., MBA",3,"Členové","Radiologická společnost ČLS JEP ; Česká radiologická společnost ČLS JEP","Vědecká rada Ministerstva zdravotnictví (Členové) ; Komise pro posuzování rozmístění přístrojových zdravotnických prostředků a kapacit hrazených z veřejného zdravotního pojištění (Členové) ; Komise pro schvalování pracovišť a zařazení radiologického pracoviště pro provádění magnetické rezonance (MRI) v rámci Populačního pilotního programu časného záchytu karcinomu prostaty v ČR a pro schvalování pracovišť a zařazení urologického pracoviště pro provádění biopsie prostaty v rámci Populačního pilotního programu časného záchytu karcinomu prostaty v ČR (Členové)"
1671,"Ing. Jiří Mrázek, MBA",3,"Členové","Všeobecná zdravotní pojišťovna ČR ; VZP ČR","Komise pro posuzování rozmístění přístrojových zdravotnických prostředků a kapacit hrazených z veřejného zdravotního pojištění (Členové) ; Pracovní komise pro systémové řešení urgentních příjmů (Členové) ; Řídící rada pro implementaci CZ-DRG do resortu zdravotnictví (Členové)"
1856,"prof. MUDr. Antonín Pařízek, CSc.",3,"Členové","Česká gynekologická a porodnická společnost ČLS JEP","Vědecká rada Ministerstva zdravotnictví (Členové) ; Pracovní skupina pro reformu primární péče (Členové) ; Komise pro přípravu programu časného záchytu poruch štítné žlázy v těhotenství (Členové)"
1885,"prof. MUDr. Petr Pazdiora, CSc.",3,"Členové","","Národní imunizační komise (NIKO) (Členové) ; Mezirezortní koordinační pracovní skupina Národního programu HIV/AIDS (Členové) ; Národní institut pro zvládání pandemie (Členové)"
1955,"MUDr. Ludmila Plšková",3,"Členové","SZP ; SZP ČR","Komise pro reprodukční medicínu (Členové) ; Pracovní komise pro systémové řešení urgentních příjmů (Členové) ; Pracovní skupina pro restrukturalizaci intenzivní zdravotní péče (Členové)"
1980,"Mgr. Barbora Poláková",3,"Členové","vedoucí Oddělení lékařských povolání","Mezirezortní komise zdravotnického školství (Členové) ; Pracovní skupina k zajištění dostupnosti psychoterapie, psychoterapeutických a psychosociálních intervencí (Členové) ; Řídicí výbor implementace Strategického rámce rozvoje péče o zdraví v České republice do roku 2030 (Členové)"
2274,"MUDr. Aleš Skřivánek, Ph.D.",3,"Členové","Česká gynekologická a porodnická společnost ČLS JEP ; Sdružení soukromých gynekologů ČR","Komise pro program screeningu karcinomu děložního hrdla (Členové) ; Komise pro program screeningu kolorektálního karcinomu (Členové) ; Komise pro přípravu programu časného záchytu poruch štítné žlázy v těhotenství (Členové)"
2406,"prof. MUDr. Štěpán Svačina, DrSc., MBA",3,"Předseda; Členové","ČLS JEP","Vědecká rada Ministerstva zdravotnictví (Předseda) ; Národní rada elektronického zdravotnictví (Členové) ; Pracovní skupina pro obezitu a diabetes v rámci Národního programu prevence a léčby obezity České republiky (Členové)"
2528,"MUDr. Petr Šmach",3,"Členové","","Pracovní skupina pro reformu primární péče (Členové) ; Pracovní skupina pro koncepční řešení pediatrické péče (Členové) ; Pracovní skupina pro obezitu a diabetes v rámci Národního programu prevence a léčby obezity České republiky (Členové)"
2545,"PhDr. Martina Šochmanová, MBA",3,"Členové","náměstek ředitele pro ošetřovatelskou péči a kvalitu, IKEM Praha ; zástupce České asociace sester ; prezidentka České asociace sester","Etická komise Ministerstva zdravotnictví (Členové) ; Odborná rada pro ošetřovatelství a řízení implementace a hodnocení úspěšnosti Koncepce ošetřovatelství (Členové) ; Strategická skupina pro personální stabilizaci resortu zdravotnictví (Členové)"
2592,"prof. MUDr. Jaroslav Štěrba, Ph.D.",3,"Členové","Pediatrická sekce České onkologické společnosti ČLS JEP ; DOC FN Brno","Národní rada pro implementaci Národního onkologického programu (Členové) ; Pracovní skupina k problematice vzdělávání lékařských zdravotnických pracovníků (Členové) ; Národní rada komplexních onkologických center (Členové)"
2776,"prof. MUDr. Martina Koziar Vašáková, Ph.D.",3,"Členové; Předseda","ERN LUNG, Fakultní Thomayerova nemocnice ; Česká pneumologická a ftizeologická společnost ČLS JEP","Mezioborová komise pro vzácná onemocnění (Členové) ; Rada Národního centra pro medicínské nomenklatury a klasifikace (Členové) ; Komise pro program časného záchytu karcinomu plic (Předseda)"
2939,"prof. MUDr. Roman Zachoval, Ph.D., MBA",3,"Členové; Předseda","Česká urologická společnost ČLS JEP","Národní rada pro implementaci Národního onkologického programu (Členové) ; Komise pro přípravu programu časného záchytu karcinomu prostaty (Předseda) ; Komise pro schvalování pracovišť a zařazení radiologického pracoviště pro provádění magnetické rezonance (MRI) v rámci Populačního pilotního programu časného záchytu karcinomu prostaty v ČR a pro schvalování pracovišť a zařazení urologického pracoviště pro provádění biopsie prostaty v rámci Populačního pilotního programu časného záchytu karcinomu prostaty v ČR (Členové)"
2996,"MUDr. Zdeněk Zíma",3,"Členové","SPLDD ČR ; Odborná společnost praktických dětských lékařů ČLS JEP","Pracovní komise pro systémové řešení urgentních příjmů (Členové) ; Komise pro novorozenecký laboratorní screening (Členové) ; Pracovní skupina pro obezitu a diabetes v rámci Národního programu prevence a léčby obezity České republiky (Členové)"
3118,"Mgr. Simona Zábranská",3,"Předseda; Členové","Klub nemocných cystickou fibrózou, z. s. (https://klubcf.cz/) ; Pacientská rada Ministerstva zdravotnictví","Pacientská rada ministra zdravotnictví (Předseda) ; Komise pro posuzování rozmístění přístrojových zdravotnických prostředků a kapacit hrazených z veřejného zdravotního pojištění (Členové) ; Pracovní skupina pro bakteriofágovou terapii (Členové)"
3235,"Mgr. Irena Storová, MHA",3,"Členové; Předseda","ředitelka Státního ústavu pro kontrolu léčiv","Rada poskytovatelů Ministerstva zdravotnictví (Členové) ; Poradní orgán pro úhradu léčiv určených k léčbě vzácných onemocnění (Předseda) ; Řídicí výbor implementace Strategického rámce rozvoje péče o zdraví v České republice do roku 2030 (Členové)"
3286,"Ing. Michal Čarvaš, MBA",3,"Členové","","Rada poskytovatelů Ministerstva zdravotnictví (Členové) ; Řídící rada pro implementaci CZ-DRG do resortu zdravotnictví (Členové) ; Poradní skupina ekonomů lůžkové péče (Členové)"
3363,"MUDr. Marcela Koudelková",3,"Členové","Ústav zdravotnických informací a statistiky ČR ; ÚZIS ČR ; Ústav zdravotnických informací a statistiky ČR (ÚZIS ČR)","Komise pro program časného záchytu karcinomu plic (Členové) ; Komise pro přípravu programu časného záchytu karcinomu prostaty (Členové) ; Komise pro přípravu programu časného záchytu poruch štítné žlázy v těhotenství (Členové)"
3396,"Ing. Olga Laaksonen",3,"Členové","vedoucí Oddělení vědy, výzkumu a dotací ve zdravotnictví ; Ministerstvo zdravotnictví","Pracovní skupina Ministerstva zdravotnictví pro koordinaci spolupráce s OECD (Členové) ; Řídicí výbor implementace Strategického rámce rozvoje péče o zdraví v České republice do roku 2030 (Členové) ; Pracovní skupina pro koncepci neurorehabilitační péče v ČR (Členové)"
3418,"RNDr. Jan Mužík, Ph.D.",3,"Členové; Hosté","Ústav zdravotnických informací a statistiky ČR ; zástupce Ústavu zdravotnických informací a statistiky ČR","Komise pro reprodukční medicínu (Členové) ; Národní rada pro implementaci Národního onkologického programu (Hosté) ; Odborná rada pro ošetřovatelství a řízení implementace a hodnocení úspěšnosti Koncepce ošetřovatelství (Členové)"
3477,"Ing. Markéta Galiová",3,"Členové","Ministerstvo zdravotnictví ; ředitelka KRB MZ ; Vedoucí OKP MZ","Komise pro řešení závažných hrozeb pro veřejné zdraví s možnými přeshraničními dopady (Ústřední epidemiologická komise) (Členové) ; Pracovní komise pro systémové řešení urgentních příjmů (Členové) ; Pracovní skupina pro metodické řízení poskytovatelů zdravotnických záchranných služeb (Členové)"
3486,"prof. MUDr. Marek Svoboda, Ph.D.",3,"Členové","od 31.3.2020 (porada vedení č. 10 ze dne 10.3.2020) ; Masarykův onkologický ústav, spoluautor NOP ; Česká onkologická společnost ČLS JEP","Komise pro institucionální podporu (Členové) ; Národní rada pro implementaci Národního onkologického programu (Členové) ; Komise pro podporu diagnostiky a léčby rakoviny slinivky břišní (Členové)"
3696,"MUDr. Ladislav Hadravský, Ph.D.",3,"Členové","Svaz zdravotních pojišťoven ČR","Mezioborová komise pro vzácná onemocnění (Členové) ; Mezioborová a meziresortní pracovní skupina pro koncepční řešení problematiky Alzheimerovy nemoci a obdobných onemocnění (PS PAN) (Členové) ; Pracovní skupina pro obezitu a diabetes v rámci Národního programu prevence a léčby obezity České republiky (Členové)"
3876,"prof. MUDr. Ing. Lukáš Lambert, Ph.D., MBA",3,"Členové","Česká radiologická společnost ČLS JEP ; Radiologická společnost ČLS JEP","Komise pro program screeningu kolorektálního karcinomu (Členové) ; Komise pro podporu diagnostiky a léčby rakoviny slinivky břišní (Členové) ; Výbor pro umělou inteligenci ve zdravotnictví (Členové)"
3880,"Mgr. Eva Šindlářová",3,"Členové","Odbor zdravotní péče, Ministerstvo zdravotnictví ČR ; Odbor zdravotní péče Ministerstva zdravotnictví","Komise pro přípravu programu screeningu aneurysmatu abdominální aorty (Členové) ; Komise pro program časného záchytu karcinomu plic (Členové) ; Komise pro program screeningu karcinomu prsu (Členové)"
3904,"Mgr. Bc. Pavel Kurek, DiS.",3,"Místopředseda; Členové","zástupce Odboru zdravotní péče","Pracovní skupina pro koncepční řešení poskytování domácí péče v ČR (Místopředseda) ; Odborná rada pro ošetřovatelství a řízení implementace a hodnocení úspěšnosti Koncepce ošetřovatelství (Členové) ; Pracovní skupina pro nastavení systémových změn v odbornosti zdravotnický záchranář (Členové)"
3921,"PhDr. Stanislav Měšťan, LL.M.",3,"Členové","státní tajemník ; státní tajemník v Ministerstvu zdravotnictví ; Ministerstvo zdravotnictví","Řídicí výbor implementace Strategického rámce rozvoje péče o zdraví v České republice do roku 2030 (Členové) ; Strategická skupina pro personální stabilizaci resortu zdravotnictví (Členové) ; Výbor pro umělou inteligenci ve zdravotnictví (Členové)"
3968,"Mgr. Jiřina Kunášková",3,"Členové","MPSV - odbor rodinné politiky a ochrany práv dětí ; Ministerstvo práce a sociálních věcí","Komise pro reprodukční medicínu (Členové) ; Komise pro výživu kojenců a malých dětí (Členové) ; Meziresortní pracovní skupina pro problematiku institucionálního stravování (Členové)"
4018,"Mgr. Jana Velkoborská",3,"Tajemník","","Pracovní skupina pro reformu primární péče (Tajemník) ; Meziresortní pracovní skupina pro rozvoj pohybových aktivit (Tajemník) ; Pracovní skupina pro obezitu a diabetes v rámci Národního programu prevence a léčby obezity České republiky (Tajemník)"
4094,"Mgr. Alena Fikejzová",3,"Členové; Tajemník","","Pracovní skupina pro koncepční řešení oblasti zdravotních služeb a činností provozovaných dle živnostenského zákona (Členové) ; Poradní skupina ekonomů lůžkové péče (Tajemník) ; Meziresortní pracovní skupiny k výkonu rozsudku V proti ČR (Členové)"
4171,"Mgr. Petra Adámková",3,"Hosté; Členové","Předsedkyně výboru Hlas onkologických pacientů ; Pacientská rada MZD, předsedkyně Výboru Hlasu onkologických pacientů","Národní rada pro implementaci Národního onkologického programu (Hosté) ; Pracovní skupina pro klinické hodnocení humánních léčivých přípravků (Členové) ; Výkonná rada Národního screeningového centra (Členové)"
4,"Ing. Kateřina Přibylová",2,"Členové","Ministerstvo zdravotnictví ČR","Pracovní skupina Ministerstva zdravotnictví pro koordinaci spolupráce s OECD (Členové) ; Akreditační komise pro nelékařská povolání dle § 47 zákona č. 96/2004 Sb. (Členové)"
48,"doc. MUDr. Martin Balík, Ph.D., EDIC",2,"Členové","ČSARIM ČLS JEP","Pracovní komise pro systémové řešení urgentních příjmů (Členové) ; Národní institut pro zvládání pandemie (Členové)"
79,"Mgr. Kateřina Baťhová",2,"Předseda; Členové","","Resortní koordinační skupina Ministerstva zdravotnictví ČR pro Evropskou unii (Předseda) ; Pracovní skupina k rovným příležitostem pro ženy a muže (Členové)"
113,"Ing. Jan Beneš",2,"Členové","Svaz zdravotních pojišťoven ČR ; SZP ČR","Komise pro posuzování rozmístění přístrojových zdravotnických prostředků a kapacit hrazených z veřejného zdravotního pojištění (Členové) ; Komise pro kategorizaci a úhradovou regulaci zdravotnických prostředků (Členové)"
213,"Ing. René Břečťan",2,"Členové","Česká asociace pro vzácná onemocnění","Mezioborová komise pro vzácná onemocnění (Členové) ; Komise pro novorozenecký laboratorní screening (Členové)"
237,"doc. MUDr. Andrea Burgetová, Ph.D., MBA",2,"Členové","Česká radiologická společnost ČLS JEP","Komise pro přípravu programu časného záchytu karcinomu prostaty (Členové) ; Komise pro schvalování pracovišť a zařazení radiologického pracoviště pro provádění magnetické rezonance (MRI) v rámci Populačního pilotního programu časného záchytu karcinomu prostaty v ČR a pro schvalování pracovišť a zařazení urologického pracoviště pro provádění biopsie prostaty v rámci Populačního pilotního programu časného záchytu karcinomu prostaty v ČR (Členové)"
253,"MUDr. Hana Cabrnochová, MBA",2,"Členové","Odborná společnost praktických dětských lékařů ČLS JEP","Národní rada pro implementaci Národního onkologického programu (Členové) ; Národní institut pro zvládání pandemie (Členové)"
259,"Ing. Martina Cetelová",2,"Členové","","Pracovní skupina pro koncepční řešení pediatrické péče (Členové) ; Výkonná rada Národního screeningového centra (Členové)"
367,"doc. MUDr. Pavel Dlouhý, Ph.D.",2,"Členové","","Mezirezortní koordinační pracovní skupina Národního programu HIV/AIDS (Členové) ; Vzdělávací rada lékařů (Členové)"
380,"prof. MUDr. Pavla Doležalová, CSc.",2,"Členové","expert MZ pro oblast vzácných onemocnění","Mezioborová komise pro vzácná onemocnění (Členové) ; Rada Národního centra pro medicínské nomenklatury a klasifikace (Členové)"
381,"doc. MUDr. Martin Doležel, Ph.D.",2,"Členové","Společnost radiační onkologie, biologie a fyziky ČLS JEP","Národní rada pro implementaci Národního onkologického programu (Členové) ; Komise pro podporu diagnostiky a léčby rakoviny slinivky břišní (Členové)"
397,"MUDr. Markéta Dostalíková, Ph.D.",2,"Členové","Všeobecná zdravotní pojišťovna ČR","Komise pro přípravu programu screeningu aneurysmatu abdominální aorty (Členové) ; Komise pro schvalování pracovišť a zařazení radiologického pracoviště pro provádění magnetické rezonance (MRI) v rámci Populačního pilotního programu časného záchytu karcinomu prostaty v ČR a pro schvalování pracovišť a zařazení urologického pracoviště pro provádění biopsie prostaty v rámci Populačního pilotního programu časného záchytu karcinomu prostaty v ČR (Členové)"
605,"prof. MUDr. Robert Gürlich, CSc.",2,"Členové","Česká chirurgická společnost ČLS JEP","Vědecká rada Ministerstva zdravotnictví (Členové) ; Národní rada pro implementaci Národního onkologického programu (Členové)"
608,"MUDr. Jana Haberlová, Ph.D.",2,"Členové","ERN EURO-NMD, FN Motol ; Společnost dětské neurologie ČLS JEP","Mezioborová komise pro vzácná onemocnění (Členové) ; Komise pro novorozenecký laboratorní screening (Členové)"
657,"prof. MUDr. Vojtěch Havlas, Ph.D.",2,"Členové; Místopředseda","","Vědecká rada Ministerstva zdravotnictví (Členové) ; Vzdělávací rada lékařů (Místopředseda)"
691,"MUDr. Otto Herber",2,"Členové","Společnost všeobecného lékařství ČLS JEP ; zástupce České lékařské společnosti JEP","Komise pro přípravu programu časného záchytu karcinomu prostaty (Členové) ; Strategická skupina pro personální stabilizaci resortu zdravotnictví (Členové)"
810,"MUDr. Robert Houba, Ph.D.",2,"Členové","","Pracovní skupina pro reformu primární péče (Členové) ; Vzdělávací rada zubních lékařů (Členové)"
858,"PhDr. Mgr. Bc. Vladimír Husárek, DiS., MBA, LL.M.",2,"Členové","Komora záchranářů ZZS ČR","Pracovní skupina pro metodické řízení poskytovatelů zdravotnických záchranných služeb (Členové) ; Pracovní skupina pro nastavení systémových změn v odbornosti zdravotnický záchranář (Členové)"
1081,"Ing. Lucia Kiššová",2,"Členové","Úřad vlády ČR","Mezirezortní pracovní skupina k problematice komplexní ochrany před škodami působenými tabákem (MPS KOTA) (Členové) ; Meziresortní koordinační skupina pro dětské duševní zdraví (Členové)"
1116,"doc. MUDr. Vladimír Koblížek, Ph.D.",2,"Členové","Česká pneumologická a ftizeologická společnost ČLS JEP","Komise pro program časného záchytu karcinomu plic (Členové) ; Národní institut pro zvládání pandemie (Členové)"
1141,"prof. MUDr. Milan Kolář, Ph.D.",2,"Členové","člen od 1.9.2025","Vzdělávací rada lékařů (Členové) ; Komise pro institucionální podporu (Členové)"
1174,"doc. MUDr. Kateřina Kopečková, Ph.D.",2,"Hosté; Členové","Česká onkologická společnost ČLS JEP ; ERN EURACAN, FN Motol","Národní rada pro implementaci Národního onkologického programu (Hosté) ; Mezioborová komise pro vzácná onemocnění (Členové)"
1192,"Mgr. Lenka Kostelecká",2,"Členové","Ministerstvo zdravotnictví","Pracovní skupina pro návykové nemoci při Ministerstvu zdravotnictví  (PSPNN) (Členové) ; Mezirezortní pracovní skupina k problematice komplexní ochrany před škodami působenými tabákem (MPS KOTA) (Členové)"
1236,"JUDr. Jakub Král, Ph.D.",2,"Členové","ČLS JEP - trvalý náhradní člen","Rozkladová komise ministra zdravotnictví (Členové) ; Komise pro kategorizaci a úhradovou regulaci zdravotnických prostředků (Členové)"
1248,"Mgr. Václav Krása",2,"Členové","Národní rada osob se zdravotním postižením České republiky z.s (https://nrzp.cz/) ; Pacientská rada ministra zdravotnictví - trvalý náhradní člen","Pacientská rada ministra zdravotnictví (Členové) ; Komise pro kategorizaci a úhradovou regulaci zdravotnických prostředků (Členové)"
1254,"Mgr. Lucie Krausová",2,"Členové","","Resortní koordinační skupina Ministerstva zdravotnictví ČR pro Evropskou unii (Členové) ; Pracovní skupina pro reformu veřejného zdraví v ČR (Členové)"
1290,"Ing. Pavel Krupička, LL.M.",2,"Členové","Svaz zdravotních pojišťoven ČR ; SZP ČR","Komise pro posuzování rozmístění přístrojových zdravotnických prostředků a kapacit hrazených z veřejného zdravotního pojištění (Členové) ; Komise pro kategorizaci a úhradovou regulaci zdravotnických prostředků (Členové)"
1320,"MUDr. Milan Kubek",2,"Členové","prezident České lékařské komory","Vzdělávací rada lékařů (Členové) ; Strategická skupina pro personální stabilizaci resortu zdravotnictví (Členové)"
1390,"Mgr. Klára Šimáčková Laurenčíková",2,"Hosté; Předseda","","Pracovní skupina pro dětskou a dorostovou psychiatrii (Hosté) ; Meziresortní koordinační skupina pro dětské duševní zdraví (Předseda)"
1451,"prof. MUDr. Milan Macek, Jr., DrSc., MHA",2,"Členové","expert MZ pro oblast vzácných onemocnění ; FN Motol: Ústav biologie a lékařské genetiky 2. LF UK a FN Motol","Mezioborová komise pro vzácná onemocnění (Členové) ; Komise pro novorozenecký laboratorní screening (Členové)"
1458,"doc. MUDr. Rastislav Maďar, Ph.D., MBA, FRCPS",2,"Členové; Předseda","","Národní institut pro zvládání pandemie (Členové) ; Pracovní skupina pro reformu veřejného zdraví v ČR (Předseda)"
1629,"PharmDr. Jana Milštainová",2,"Členové","","Národní transfuzní komise MZ (Členové) ; Lékopisná komise Ministerstva zdravotnictví (Členové)"
1634,"prof. PhDr. Michal Miovský, Ph.D.",2,"Členové","","Mezirezortní pracovní skupina pro snížení škod působených alkoholem - MPS SPA (Členové) ; Pracovní skupina pro návykové nemoci při Ministerstvu zdravotnictví  (PSPNN) (Členové)"
1635,"prof. MUDr. Hynek Mírka, Ph.D.",2,"Místopředseda; Členové","Česká radiologická společnost ČLS JEP","Pracovní skupina pro lékařské ozáření (Místopředseda) ; Komise pro program časného záchytu karcinomu plic (Členové)"
1648,"MUDr. Zdeněk Monhart, Ph.D.",2,"Členové","","Pracovní komise pro systémové řešení urgentních příjmů (Členové) ; Národní institut pro zvládání pandemie (Členové)"
1667,"MUDr. Viktor Mravčík, Ph.D.",2,"Členové","","Mezirezortní pracovní skupina pro snížení škod působených alkoholem - MPS SPA (Členové) ; Pracovní skupina pro návykové nemoci při Ministerstvu zdravotnictví  (PSPNN) (Členové)"
1720,"RNDr. Vratislav Němeček, CSc.",2,"Členové","","Národní transfuzní komise MZ (Členové) ; Mezirezortní koordinační pracovní skupina Národního programu HIV/AIDS (Členové)"
1748,"Ing. Petr Novák",2,"Členové","","Resortní koordinační skupina Ministerstva zdravotnictví ČR pro Evropskou unii (Členové) ; Pracovní skupina Ministerstva zdravotnictví pro koordinaci spolupráce s OECD (Členové)"
1795,"prof. MUDr. Karel Odrážka, Ph.D.",2,"Členové","Společnost radiační onkologie, biologie a fyziky ČLS JEP ; KOC Pardubického kraje","Komise pro přípravu programu časného záchytu karcinomu prostaty (Členové) ; Národní rada komplexních onkologických center (Členové)"
1842,"PhDr. Alena Paloušová",2,"Členové","Asociace klinických psychologů ČR","Akreditační komise pro nelékařská povolání dle § 47 zákona č. 96/2004 Sb. (Členové) ; Pracovní skupina k zajištění dostupnosti psychoterapie, psychoterapeutických a psychosociálních intervencí (Členové)"
1847,"MUDr. Simona Papežová",2,"Členové","","Pracovní skupina pro dětskou a dorostovou psychiatrii (Členové) ; Pracovní skupina k problematice péče o pacienty s nařízeným ochranným léčením (Členové)"
1915,"Mgr. Tomáš Petr, Ph.D.",2,"Členové","","Pracovní skupina k zajištění dostupnosti psychoterapie, psychoterapeutických a psychosociálních intervencí (Členové) ; Meziresortní pracovní skupiny k výkonu rozsudku V proti ČR (Členové)"
1920,"Jana Petrenko",2,"Členové","bez hlasovacího práva ; Ministerstvo zdravotnictví","Pracovní skupina k seznamu zdravotních výkonů s bodovými hodnotami (Členové) ; Komise pro kategorizaci a úhradovou regulaci zdravotnických prostředků (Členové)"
1986,"JUDr. Radek Policar",2,"Předseda; Členové","MZD/SL","Pracovní skupina k rovným příležitostem pro ženy a muže (Předseda) ; Národní rada elektronického zdravotnictví (Členové)"
1996,"MUDr. Petr Popov",2,"Členové","","Mezirezortní pracovní skupina pro snížení škod působených alkoholem - MPS SPA (Členové) ; Pracovní skupina pro návykové nemoci při Ministerstvu zdravotnictví  (PSPNN) (Členové)"
2097,"Ing. Jitka Reineltová",2,"Místopředseda; Členové","Parent projekt z.s (https://www.parentproject.cz/) ; Parent project, z. s, zástupce Pacientské rady MZD","Pacientská rada ministra zdravotnictví (Místopředseda) ; Pracovní skupina pro koncepční řešení poskytování domácí péče v ČR (Členové)"
2109,"doc. MUDr. Martin Repko, Ph.D.",2,"Členové","zástupce České konference rektorů","Vzdělávací rada lékařů (Členové) ; Strategická skupina pro personální stabilizaci resortu zdravotnictví (Členové)"
2118,"PeadDr. Martina Richterová-Těmínová",2,"Členové","","Mezirezortní pracovní skupina pro snížení škod působených alkoholem - MPS SPA (Členové) ; Pracovní skupina pro návykové nemoci při Ministerstvu zdravotnictví  (PSPNN) (Členové)"
2126,"Ing. Helena Rögnerová",2,"Předseda; Členové","","Řídící rada pro implementaci CZ-DRG do resortu zdravotnictví (Předseda) ; Poradní skupina ekonomů lůžkové péče (Členové)"
2261,"Mgr. Vladimír Sklenář",2,"Členové","Ministerstvo školství","Mezirezortní pracovní skupina pro snížení škod působených alkoholem - MPS SPA (Členové) ; Mezirezortní pracovní skupina k problematice komplexní ochrany před škodami působenými tabákem (MPS KOTA) (Členové)"
2277,"prof. RNDr. Ondřej Slabý, Ph.D.",2,"Místopředseda; Členové","ředitel AZV ČR","Vědecká rada Ministerstva zdravotnictví (Místopředseda) ; Pracovní skupina pro klinické hodnocení humánních léčivých přípravků (Členové)"
2290,"Ing. Silvie Slavíková",2,"Členové","Ministerstvo zdravotnictví ; MZd OVZ","Mezirezortní pracovní skupina k problematice komplexní ochrany před škodami působenými tabákem (MPS KOTA) (Členové) ; Komise pro výživu kojenců a malých dětí (Členové)"
2292,"doc. MUDr. Radovan Slezák, CSc.",2,"Členové; Místopředseda","","Pracovní skupina pro reformu primární péče (Členové) ; Vzdělávací rada zubních lékařů (Místopředseda)"
2330,"doc. MUDr. Renata Soumarová, Ph.D.",2,"Členové","Společnost radiační onkologie, biologie a fyziky ČLS JEP ; KOC FNKV Praha","Komise pro posuzování rozmístění přístrojových zdravotnických prostředků a kapacit hrazených z veřejného zdravotního pojištění (Členové) ; Národní rada komplexních onkologických center (Členové)"
2339,"doc. Ing. Drahomíra Springer, Ph.D.",2,"Členové","Česká společnost klinické biochemie ČLS JEP","Komise pro přípravu programu časného záchytu poruch štítné žlázy v těhotenství (Členové) ; Komise pro podporu diagnostiky a léčby rakoviny slinivky břišní (Členové)"
2357,"prof. MUDr. Jan Starý, DrSc.",2,"Členové","Česká hematologická společnost ČLS JEP","Národní rada pro implementaci Národního onkologického programu (Členové) ; Rada Národního centra pro medicínské nomenklatury a klasifikace (Členové)"
2363,"Ing. Veronika Stejskalová",2,"Členové; Tajemník","","Pracovní skupina Ministerstva zdravotnictví pro koordinaci spolupráce s OECD (Členové) ; Pracovní skupina pro lékařské ozáření (Tajemník)"
2419,"prof. MUDr. Marek Svoboda, Ph.D.",2,"Členové","Masarykův onkologický ústav","Vědecká rada Ministerstva zdravotnictví (Členové) ; Národní rada komplexních onkologických center (Členové)"
2436,"MUDr. Mgr. Michal Synek",2,"Tajemník; Členové","","Rozkladová komise ministra zdravotnictví (Tajemník) ; Pracovní skupina Ministerstva zdravotnictví pro koordinaci spolupráce s OECD (Členové)"
2517,"prof. MUDr. Jan Škrha, DrSc., MBA",2,"Předseda; Členové","Česká diabetologická společnost ČLS JEP","Vzdělávací rada lékařů (Předseda) ; Komise pro podporu diagnostiky a léčby rakoviny slinivky břišní (Členové)"
2612,"MUDr. Hana Šustková",2,"Členové","","Pracovní skupina k seznamu zdravotních výkonů s bodovými hodnotami (Členové) ; Meziresortní pracovní komise pro přípravu a koordinaci zavedení MKN-11 v ČR (Členové)"
2637,"prof. MUDr. Vladimír Tesař, DrSc., MBA, FASN, FERA, FISN",2,"Členové","ERN RITA, VFN","Vědecká rada Ministerstva zdravotnictví (Členové) ; Mezioborová komise pro vzácná onemocnění (Členové)"
2659,"MUDr. Milada Tomanová",2,"Členové","Svaz zdravotních pojišťoven ČR","Komise pro program screeningu kolorektálního karcinomu (Členové) ; Komise pro schvalování pracovišť a zařazení radiologického pracoviště pro provádění magnetické rezonance (MRI) v rámci Populačního pilotního programu časného záchytu karcinomu prostaty v ČR a pro schvalování pracovišť a zařazení urologického pracoviště pro provádění biopsie prostaty v rámci Populačního pilotního programu časného záchytu karcinomu prostaty v ČR (Členové)"
2770,"MUDr. Hana Vaňková, Ph.D.",2,"Členové","člen výboru České gerontologické a geriatrické společnosti ČLS JEP","Mezioborová a meziresortní pracovní skupina pro koncepční řešení problematiky Alzheimerovy nemoci a obdobných onemocnění (PS PAN) (Členové) ; Pracovní skupina pro koncepční řešení rozvoje geriatrické péče v České republice (Členové)"
2854,"Mgr. et Mgr. Adam Vojtěch, MHA",2,"Předseda","ministr zdravotnictví","Komise pro řešení závažných hrozeb pro veřejné zdraví s možnými přeshraničními dopady (Ústřední epidemiologická komise) (Předseda) ; Řídící rada Národního screeningového centra (Předseda)"
2961,"prof. MUDr. Miroslav Zavoral, Ph.D.",2,"Členové; Předseda","Rada pro screening kolorektálního karcinomu ČGS ČLS JEP ; Společnost pro gastrointestinální onkologii ČLS JEP","Komise pro program screeningu kolorektálního karcinomu (Členové) ; Komise pro podporu diagnostiky a léčby rakoviny slinivky břišní (Předseda)"
2995,"prof. MUDr. Tomáš Zima, DrSc.",2,"Členové","","Pracovní skupina k seznamu zdravotních výkonů s bodovými hodnotami (Členové) ; Komise pro institucionální podporu (Členové)"
3021,"prof. MUDr. Pavel Žák, Ph.D.",2,"Členové","Česká hematologická Společnost ČLS JEP ; Zástupce HOC","Národní rada pro implementaci Národního onkologického programu (Členové) ; Národní rada komplexních onkologických center (Členové)"
3028,"Mgr. Pavlína Žílová",2,"Členové","MZ, CAU","Pracovní komise pro systémové řešení urgentních příjmů (Členové) ; Řídící rada pro implementaci CZ-DRG do resortu zdravotnictví (Členové)"
3029,"Bc. Dagmar Žitníková",2,"Členové","předsedkyně Odborového svazu zdravotnictví a sociální péče ČR","Strategická skupina pro personální stabilizaci resortu zdravotnictví (Členové) ; Pracovní skupina pro nastavení systémových změn v odbornosti zdravotnický záchranář (Členové)"
3089,"MUDr. Lenka Štěpánková, Ph.D.",2,"Členové; Místopředseda","Společnost pro léčbu závislosti na tabáku","Mezirezortní pracovní skupina k problematice komplexní ochrany před škodami působenými tabákem (MPS KOTA) (Členové) ; Pracovní skupina pro rozvoj a implementaci mezinárodních principů na podporu zdraví do systémů řízení kvality ve zdravotnických zařízeních (Místopředseda)"
3139,"prof. MUDr. Zdeněk Šumník, Ph.D.",2,"Členové","Endo-ERN, FN Motol","Mezioborová komise pro vzácná onemocnění (Členové) ; Pracovní skupina pro obezitu a diabetes v rámci Národního programu prevence a léčby obezity České republiky (Členové)"
3169,"Ing. Vanda Horná, MBA",2,"Členové; Tajemník","Členy poradního orgánu jmenuje a odvolává ministr zdravotnictví ze zástupců státu, zdravotních pojišťoven, odborných společností a pacientských organizací. Kontakt: ORPHANY (zavináč) mzd.gov.cz","Pracovní skupina Ministerstva zdravotnictví pro koordinaci spolupráce s OECD (Členové) ; Poradní orgán pro úhradu léčiv určených k léčbě vzácných onemocnění (Tajemník)"
3251,"MUDr. Jan Kynčl, Ph.D.",2,"Členové","Státní zdravotní ústav","Komise pro řešení závažných hrozeb pro veřejné zdraví s možnými přeshraničními dopady (Ústřední epidemiologická komise) (Členové) ; Národní institut pro zvládání pandemie (Členové)"
3254,"Ing. Jiří Horecký, Ph.D., MSc., MBA",2,"Členové","","Rada poskytovatelů Ministerstva zdravotnictví (Členové) ; Mezioborová a meziresortní pracovní skupina pro koncepční řešení problematiky Alzheimerovy nemoci a obdobných onemocnění (PS PAN) (Členové)"
3266,"Ing. David Šmehlík, MHA",2,"Členové","","Řídící rada pro implementaci CZ-DRG do resortu zdravotnictví (Členové) ; Řídící rada Národního screeningového centra (Členové)"
3270,"Bc. Ivona Mikulenková",2,"Členové","Česká asociace sester","Akreditační komise pro nelékařská povolání dle § 47 zákona č. 96/2004 Sb. (Členové) ; Pracovní skupina pro koncepční řešení pediatrické péče (Členové)"
3275,"JUDr. Ladislav Švec",2,"Předseda; Členové","náměstek ministra","Odborná rada pro ošetřovatelství a řízení implementace a hodnocení úspěšnosti Koncepce ošetřovatelství (Předseda) ; Pracovní skupina pro reformu veřejného zdraví v ČR (Členové)"
3289,"Ing. Jitka Šmehlíková",2,"Členové","Asociace nemocnic ČR","Pracovní komise pro systémové řešení urgentních příjmů (Členové) ; Poradní skupina ekonomů lůžkové péče (Členové)"
3321,"MUDr. Jan Šoupal, Ph.D.",2,"Členové","ČLS JEP","Komise pro kategorizaci a úhradovou regulaci zdravotnických prostředků (Členové) ; Pracovní skupina pro obezitu a diabetes v rámci Národního programu prevence a léčby obezity České republiky (Členové)"
3335,"MUDr. Markéta Trnková",2,"Členové","Společnost českých patologů ČLS JEP","Komise pro program screeningu karcinomu děložního hrdla (Členové) ; Komise pro přípravu programu časného záchytu karcinomu prostaty (Členové)"
3362,"MUDr. Michaela Matoušková",2,"Členové","Sekce ambulantních urologů ČUS ČLS JEP ; Česká urologická společnost ČLS JEP","Komise pro přípravu programu časného záchytu karcinomu prostaty (Členové) ; Komise pro schvalování pracovišť a zařazení radiologického pracoviště pro provádění magnetické rezonance (MRI) v rámci Populačního pilotního programu časného záchytu karcinomu prostaty v ČR a pro schvalování pracovišť a zařazení urologického pracoviště pro provádění biopsie prostaty v rámci Populačního pilotního programu časného záchytu karcinomu prostaty v ČR (Členové)"
3374,"Ing. et Ing. Lenka Poliaková",2,"Členové","","Resortní koordinační skupina Ministerstva zdravotnictví ČR pro Evropskou unii (Členové) ; Řídící rada pro implementaci CZ-DRG do resortu zdravotnictví (Členové)"
3376,"MUDr. Pavel Frňka",2,"Členové","","Řídící rada pro implementaci CZ-DRG do resortu zdravotnictví (Členové) ; Meziresortní pracovní komise pro přípravu a koordinaci zavedení MKN-11 v ČR (Členové)"
3379,"Pavel Nesměrák",2,"Členové","","Řídící rada pro implementaci CZ-DRG do resortu zdravotnictví (Členové) ; Meziresortní pracovní komise pro přípravu a koordinaci zavedení MKN-11 v ČR (Členové)"
3381,"Ing. Lucie Súkupová, Ph.D.",2,"Členové","Česká společnost fyziků v medicíně, z.s.","Pracovní skupina pro lékařské ozáření (Členové) ; Komise pro program časného záchytu karcinomu plic (Členové)"
3443,"Mgr. Claudia Varhol",2,"Členové","Svaz obcí a měst České republiky ; Svaz měst a obcí ČR","Mezirezortní pracovní skupina pro snížení škod působených alkoholem - MPS SPA (Členové) ; Mezirezortní pracovní skupina k problematice komplexní ochrany před škodami působenými tabákem (MPS KOTA) (Členové)"
3495,"RNDr. Šárka Daňková",2,"Členové; Tajemník","","Pracovní skupina Ministerstva zdravotnictví pro koordinaci spolupráce s OECD (Členové) ; Meziresortní pracovní komise pro přípravu a koordinaci zavedení MKN-11 v ČR (Tajemník)"
3531,"prof. MUDr. Pavel Dřevínek, Ph.D.",2,"Členové","","Národní institut pro zvládání pandemie (Členové) ; Pracovní skupina pro bakteriofágovou terapii (Členové)"
3562,"doc. PhDr. Ing. Hana Konečná, Ph.D.",2,"Členové","Jihočeská univerzita, Zdravotně sociální fakulta, České Budějovice","Etická komise Ministerstva zdravotnictví (Členové) ; Komise pro reprodukční medicínu (Členové)"
3601,"doc. Mgr. Věra Franková, Ph.D. et Ph.D.",2,"Členové","Společnost lékařské etiky ČLS JEP","Komise pro reprodukční medicínu (Členové) ; Komise pro novorozenecký laboratorní screening (Členové)"
3605,"MUDr. Jiří Škultéty",2,"Členové","","Pracovní skupina pro reformu primární péče (Členové) ; Komise pro reprodukční medicínu (Členové)"
3684,"MUDr. Jitka Vojtová, MBA",2,"Členové","Svaz zdravotních pojišťoven ČR ; Svaz zdravotních pojišťoven","Mezioborová komise pro vzácná onemocnění (Členové) ; Národní rada komplexních onkologických center (Členové)"
3686,"Mgr. Štěpánka Pokorná",2,"Členové","ředitelka, Aliance žen s rakovinou prsu, o.p.s. ; Aliance žen s rakovinou prsu, o. p. s. (https://www.breastcancer.cz/)","Etická komise Ministerstva zdravotnictví (Členové) ; Pacientská rada ministra zdravotnictví (Členové)"
3690,"MUDr. Karel Švojgr, Ph.D.",2,"Hosté; Členové","ČOS ČLS JEP - Pediatrická sekce ; ERN PaedCan, FN Motol","Národní rada pro implementaci Národního onkologického programu (Hosté) ; Mezioborová komise pro vzácná onemocnění (Členové)"
3718,"Mgr. Markéta Švejdová Jandová, DiS.",2,"Předseda; Členové","OZP MZ","Mezioborová a meziresortní pracovní skupina pro koncepční řešení problematiky Alzheimerovy nemoci a obdobných onemocnění (PS PAN) (Předseda) ; Pracovní skupina pro koncepční řešení rozvoje geriatrické péče v České republice (Členové)"
3726,"Bc. Michaela Kolářová, MBA",2,"Členové","Česká asociace sester","Pracovní skupina pro koncepční řešení pediatrické péče (Členové) ; Komise pro novorozenecký laboratorní screening (Členové)"
3781,"doc. MUDr. Jan Bláha, Ph.D., MHA",2,"Členové","ANČR","Národní transfuzní komise MZ (Členové) ; Pracovní skupina pro restrukturalizaci intenzivní zdravotní péče (Členové)"
3787,"Mgr. Miroslav Kršiak",2,"Členové","","Pracovní skupina pro koncepční řešení oblasti zdravotních služeb a činností provozovaných dle živnostenského zákona (Členové) ; Meziresortní pracovní skupiny k výkonu rozsudku V proti ČR (Členové)"
3791,"PhDr. Mgr. Jan Bodnár, LL.M.",2,"Členové","náměstek ředitele VZP ; zástupce Všeobecné zdravotní pojišťovny ČR","Pracovní skupina pro klinické hodnocení humánních léčivých přípravků (Členové) ; Koncepční pracovní skupina pro přípravu budoucího programového období kohezní politiky EU 2028+ (Členové)"
3796,"MUDr. et Mgr. Dana Hrnčiariková, Ph.D.",2,"Členové","Česká společnost paliativní medicíny ČLS JEP","Mezioborová a meziresortní pracovní skupina pro koncepční řešení problematiky Alzheimerovy nemoci a obdobných onemocnění (PS PAN) (Členové) ; Pracovní skupina pro koncepční řešení rozvoje geriatrické péče v České republice (Členové)"
3797,"MUDr. Vladimíra Víšková",2,"Členové","","Mezioborová a meziresortní pracovní skupina pro koncepční řešení problematiky Alzheimerovy nemoci a obdobných onemocnění (PS PAN) (Členové) ; Meziresortní pracovní skupina pro rozvoj pohybových aktivit (Členové)"
3800,"prof. MUDr. Jakub Hort, Ph.D.",2,"Členové","","Vědecká rada Ministerstva zdravotnictví (Členové) ; Mezioborová a meziresortní pracovní skupina pro koncepční řešení problematiky Alzheimerovy nemoci a obdobných onemocnění (PS PAN) (Členové)"
3801,"MUDr. Astrid Matějková",2,"Členové","Společnost všeobecného lékařství ČLS JEP","Mezioborová a meziresortní pracovní skupina pro koncepční řešení problematiky Alzheimerovy nemoci a obdobných onemocnění (PS PAN) (Členové) ; Pracovní skupina pro koncepční řešení rozvoje geriatrické péče v České republice (Členové)"
3822,"MUDr. Michael Vít, Ph.D.",2,"Členové","","Poradní sbor hygieny práce a pracovního lékařství náměstkyně pro ochranu a podporu veřejného zdraví MZ ČR a hlavní hygieničky České republiky (Členové) ; Pracovní skupina pro reformu veřejného zdraví v ČR (Členové)"
3885,"MUDr. Samuel Heller, Ph.D.",2,"Členové","Česká angiologická společnost ČLS JEP","Komise pro posuzování rozmístění přístrojových zdravotnických prostředků a kapacit hrazených z veřejného zdravotního pojištění (Členové) ; Komise pro přípravu programu screeningu aneurysmatu abdominální aorty (Členové)"
3886,"prof. MUDr. Jiří Moláček, Ph.D.",2,"Členové","Česká společnost kardiovaskulární chirurgie ČLS JEP ; Česká chirurgická společnost ČLS JEP","Komise pro přípravu programu screeningu aneurysmatu abdominální aorty (Členové) ; Národní rada komplexních onkologických center (Členové)"
3899,"Renata Marková",2,"Členové","","Pracovní skupina k zajištění dostupnosti psychoterapie, psychoterapeutických a psychosociálních intervencí (Členové) ; Pracovní skupina k problematice péče o pacienty s nařízeným ochranným léčením (Členové)"
3909,"MUDr. Eliška Selinger, MSc.",2,"Členové","WHO","Komise pro výživu kojenců a malých dětí (Členové) ; Pracovní skupina pro reformu veřejného zdraví v ČR (Členové)"
3945,"Mgr. Kristýna Jánišová",2,"Členové","","Pracovní skupina k seznamu zdravotních výkonů s bodovými hodnotami (Členové) ; Pracovní skupina pro koncepční řešení pediatrické péče (Členové)"
3961,"Mgr. Jan Knytl",2,"Členové","Odbor legislativně-právní MZD","Pracovní skupina k zajištění dostupnosti psychoterapie, psychoterapeutických a psychosociálních intervencí (Členové) ; Pracovní skupina pro klinické hodnocení humánních léčivých přípravků (Členové)"
3985,"PhDr. Ondřej Andrys, MAE, MBA, MPA",2,"Členové","Ministerstvo školství, mládeže a tělovýchovy","Komise pro řešení závažných hrozeb pro veřejné zdraví s možnými přeshraničními dopady (Ústřední epidemiologická komise) (Členové) ; Meziresortní pracovní skupina pro rozvoj pohybových aktivit (Členové)"
4011,"Mgr. Nora Veselá",2,"Tajemník","","Meziresortní pracovní skupina pro problematiku institucionálního stravování (Tajemník) ; Národní institut pro zvládání pandemie (Tajemník)"
4022,"prof. MUDr. Martin Matoulek, Ph.D.",2,"Členové","","Meziresortní pracovní skupina pro rozvoj pohybových aktivit (Členové) ; Pracovní skupina pro obezitu a diabetes v rámci Národního programu prevence a léčby obezity České republiky (Členové)"
4028,"Mgr. Jana Havrdová, MPA",2,"Členové","","Meziresortní pracovní skupina pro rozvoj pohybových aktivit (Členové) ; Pracovní skupina pro obezitu a diabetes v rámci Národního programu prevence a léčby obezity České republiky (Členové)"
4035,"Mgr. David Kolář",2,"Členové","výkonný ředitel AIFP","Pracovní skupina pro klinické hodnocení humánních léčivých přípravků (Členové) ; Pracovní skupina pro bakteriofágovou terapii (Členové)"
4041,"Bc. Lenka Šnajdrová",2,"Členové; Tajemník","Ministerstvo zdravotnictví ČR","Akreditační komise pro nelékařská povolání dle § 47 zákona č. 96/2004 Sb. (Členové) ; Pracovní skupina pro nastavení systémových změn v odbornosti zdravotnický záchranář (Tajemník)"
4096,"Mgr. Stanislav Verosta",2,"Členové","Ministerstvo zdravotnictví","Komise pro kategorizaci a úhradovou regulaci zdravotnických prostředků (Členové) ; Poradní sbor pro lékovou politiku (Členové)"
4114,"MUDr. Alena Jeníková",2,"Členové","Všeobecná zdravotní pojišťovna ČR","Komise pro reprodukční medicínu (Členové) ; Komise pro podporu diagnostiky a léčby rakoviny slinivky břišní (Členové)"
4118,"prof. MUDr. Ondřej Urban, Ph.D.",2,"Členové","člen od 1.9.2025 ; Česká gastroenterologická společnost ČLS JEP","Komise pro institucionální podporu (Členové) ; Komise pro podporu diagnostiky a léčby rakoviny slinivky břišní (Členové)"
4119,"MUDr. Kamal Farhan",2,"Členové","Asociace krajů ČR ; AKČR","Komise pro posuzování rozmístění přístrojových zdravotnických prostředků a kapacit hrazených z veřejného zdravotního pojištění (Členové) ; Národní rada elektronického zdravotnictví (Členové)"
4124,"Ing. Magdalena Vondráčková, Ph.D.",2,"Členové","předsedkyně LK Svazu zdravotních pojišťoven ČR","Pracovní skupina pro klinické hodnocení humánních léčivých přípravků (Členové) ; Pracovní skupina pro bakteriofágovou terapii (Členové)"
4131,"Bc. Petr Foltýn",2,"Předseda","MZD/Digitální zmocněnec","Národní rada elektronického zdravotnictví (Předseda) ; Pracovní skupina Digitálního zmocněnce pro adaptaci na plošné zavedení primárně elektronické formy vedení zdravotnické dokumentace v ČR (Předseda)"
4134,"Ing. Zdeněk Blažek, MBA",2,"Členové","IPVZ ; Instituce postgraduálního vzdělávání ve zdravotnictví","Národní rada elektronického zdravotnictví (Členové) ; Výbor pro umělou inteligenci ve zdravotnictví (Členové)"
4147,"prof. MUDr. Igor Kiss, Ph.D., MBA",2,"Členové","Česká onkologická společnost ČLS JEP","Národní rada pro implementaci Národního onkologického programu (Členové) ; Národní rada komplexních onkologických center (Členové)"
4165,"Mgr. Jana Zvoníčková",2,"Tajemník; Členové","","Rozkladová komise ministra zdravotnictví (Tajemník) ; Pracovní skupina pro koncepční řešení oblasti zdravotních služeb a činností provozovaných dle živnostenského zákona (Členové)"
4168,"Mgr. Jaroslava Tkáčová",2,"Členové","zástupce NCO NZO v Brně ; zástupce Národního centra ošetřovatelství a nelékařských oborů v Brně","Pracovní skupina pro koncepční řešení poskytování domácí péče v ČR (Členové) ; Odborná rada pro ošetřovatelství a řízení implementace a hodnocení úspěšnosti Koncepce ošetřovatelství (Členové)"
4199,"Mgr. Marie Židův",2,"Tajemník; Členové","","Rozkladová komise ministra zdravotnictví (Tajemník) ; Meziresortní pracovní skupiny k výkonu rozsudku V proti ČR (Členové)"
4213,"Ing. Adam Gřunděl, MBA, MPH",2,"Členové; Místopředseda","Ministerstvo zdravotnictví","Pracovní skupina Ministerstva zdravotnictví pro koordinaci spolupráce s OECD (Členové) ; Výbor pro umělou inteligenci ve zdravotnictví (Místopředseda)"
4227,"MUDr. Tomáš Doležal, Ph.D.",2,"Členové","Národní institut kvality a excelence zdravotnictví","Komise pro posuzování rozmístění přístrojových zdravotnických prostředků a kapacit hrazených z veřejného zdravotního pojištění (Členové) ; Poradní sbor pro lékovou politiku (Členové)"
4247,"Bc. Michaela Tůmová",2,"Členové","Hlas onkologických pacientů","Národní rada komplexních onkologických center (Členové) ; Řídící rada Národního screeningového centra (Členové)"
4275,"Mgr. Lucie Růžičková",2,"Členové","MZd OPP","Pracovní skupina k seznamu zdravotních výkonů s bodovými hodnotami (Členové) ; Komise pro výživu kojenců a malých dětí (Členové)"
4284,"Mgr. Eliška Svobodová",2,"Tajemník","Odbor zdravotní péče MZd ; Ministerstvo zdravotnictví","Národní rada pro implementaci Národního onkologického programu (Tajemník) ; Komise pro schvalování pracovišť a zařazení radiologického pracoviště pro provádění magnetické rezonance (MRI) v rámci Populačního pilotního programu časného záchytu karcinomu prostaty v ČR a pro schvalování pracovišť a zařazení urologického pracoviště pro provádění biopsie prostaty v rámci Populačního pilotního programu časného záchytu karcinomu prostaty v ČR (Tajemník)"
4288,"PhDr. Alena Mikutová",2,"Tajemník","MZd OZP","Komise pro reprodukční medicínu (Tajemník) ; Komise pro výživu kojenců a malých dětí (Tajemník)"
5,"MUDr. Jan Adámek",1,"Hosté","Ministerstvo pro místní rozvoj","Koncepční pracovní skupina pro přípravu budoucího programového období kohezní politiky EU 2028+ (Hosté)"
17,"prof. MUDr. Michal Anděl, CSc.",1,"Členové","","Komise pro institucionální podporu (Členové)"
23,"doc. MUDr. Yvona Angerová, Ph.D., MBA",1,"Členové","","Rada Národního centra pro medicínské nomenklatury a klasifikace (Členové)"
29,"prof. MUDr. Petr Arenberger, DrSc., MBA",1,"Členové","Česká dermatovenerologická společnost ČLS JEP","Národní rada pro implementaci Národního onkologického programu (Členové)"
56,"MUDr. Jana Barnatová",1,"Členové","","Pracovní skupina k seznamu zdravotních výkonů s bodovými hodnotami (Členové)"
61,"MUDr. Emília Bartišková",1,"Členové","","Meziresortní pracovní komise pro přípravu a koordinaci zavedení MKN-11 v ČR (Členové)"
70,"MUDr. Jiří Bartoš, MBA",1,"Členové","KOC KN Liberec","Národní rada komplexních onkologických center (Členové)"
94,"MUDr. Jiří Běhounek",1,"Členové","","Řídící rada pro implementaci CZ-DRG do resortu zdravotnictví (Členové)"
105,"Mgr. Martina Benčíková",1,"Členové","","Mezirezortní pracovní skupina pro snížení škod působených alkoholem - MPS SPA (Členové)"
123,"Mgr. et Mgr. Hana Benešová",1,"Členové","","Pracovní skupina Ministerstva zdravotnictví pro koordinaci spolupráce s OECD (Členové)"
149,"Ing. Hana Bízková",1,"Tajemník","","Lékopisná komise Ministerstva zdravotnictví (Tajemník)"
151,"Ing. Milan Blaha, Ph.D.",1,"Členové","","Rada Národního centra pro medicínské nomenklatury a klasifikace (Členové)"
152,"MUDr. Eduard Bláha",1,"Členové","","Rada poskytovatelů Ministerstva zdravotnictví (Členové)"
153,"Ing. Karel Bláha, CSc.",1,"Členové","Ministerstvo životního prostředí","Mezirezortní pracovní skupina k problematice komplexní ochrany před škodami působenými tabákem (MPS KOTA) (Členové)"
163,"Mgr. Kateřina Blechová",1,"Členové","","Rozkladová komise ministra zdravotnictví (Členové)"
166,"plk. MUDr. Miloš Bohoněk, Ph.D.",1,"Členové","","Národní transfuzní komise MZ (Členové)"
183,"prof. MUDr. Milan Brázdil, Ph.D., FRCP",1,"Členové","ERN EpiCARE, FNuSA","Mezioborová komise pro vzácná onemocnění (Členové)"
200,"doc. MUDr. Jiří Bronský, Ph.D.",1,"Členové","","Pracovní skupina pro koncepční řešení pediatrické péče (Členové)"
217,"prim. MUDr. Hana Bučková, Ph.D.",1,"Členové","ERN Skin, FN Brno","Mezioborová komise pro vzácná onemocnění (Členové)"
224,"MUDr. Alena Bulíková, Ph.D.",1,"Členové","","Národní transfuzní komise MZ (Členové)"
229,"MVDr. Jiří Bureš",1,"Místopředseda","","Lékopisná komise Ministerstva zdravotnictví (Místopředseda)"
254,"Mgr. Jiřina Cahlíková, MBA",1,"Členové","","Pracovní skupina pro rozvoj a implementaci mezinárodních principů na podporu zdraví do systémů řízení kvality ve zdravotnických zařízeních (Členové)"
264,"prof. MUDr. David Cibula, CSc., FCMA",1,"Členové","Onkologická sekce České gynekologicko-porodnické společnosti ČLS JEP","Národní rada pro implementaci Národního onkologického programu (Členové)"
272,"PhDr. Ladislav Csémy",1,"Členové","","Mezirezortní pracovní skupina pro snížení škod působených alkoholem - MPS SPA (Členové)"
275,"MUDr. Ing. Jakub Cvek, Ph.D.",1,"Členové","KOC FN Ostrava","Národní rada komplexních onkologických center (Členové)"
329,"JUDr. Milan Čichoň",1,"Členové","","Rozkladová komise ministra zdravotnictví (Členové)"
331,"Mgr. Klára Čížková",1,"Členové","","Pracovní skupina Ministerstva zdravotnictví pro koordinaci spolupráce s OECD (Členové)"
339,"prof. MUDr. Jan Daneš, CSc.",1,"Předseda","Asociace mamodiagnostiků ČR","Komise pro program screeningu karcinomu prsu (Předseda)"
348,"Mgr. Bc. Hana Davidová",1,"Tajemník","","Mezirezortní koordinační pracovní skupina Národního programu HIV/AIDS (Tajemník)"
364,"MUDr. Jozef Dlhý, Ph.D.",1,"Tajemník","","Národní imunizační komise (NIKO) (Tajemník)"
374,"MUDr. Jiří Dolák",1,"Členové","A.N.O. - Asociace nestátních organizací","Mezirezortní pracovní skupina k problematice komplexní ochrany před škodami působenými tabákem (MPS KOTA) (Členové)"
398,"prof. MUDr. Taťjana Dostálova, DrSc., MBA",1,"Členové","ERN CRANIO, FN Motol","Mezioborová komise pro vzácná onemocnění (Členové)"
430,"Ing. Vladimír Drvota",1,"Členové","SSN ČR","Pracovní skupina pro restrukturalizaci intenzivní zdravotní péče (Členové)"
437,"doc. MUDr. Iva Dudová, Ph.D.",1,"Členové","","Pracovní skupina pro dětskou a dorostovou psychiatrii (Členové)"
445,"Mgr. Oldřich Ďurech",1,"Hosté","","Pracovní skupina pro dětskou a dorostovou psychiatrii (Hosté)"
448,"doc. RNDr. Jaroslav Dušek, CSc.",1,"Členové","","Pracovní skupina pro koncepční řešení pediatrické péče (Členové)"
456,"PhDr. Ivan Duškov, MSc.",1,"Členové","","Řídící rada Národního screeningového centra (Členové)"
457,"prof. MUDr. Jana Dušková, DrSc., MBA",1,"Členové","","Vzdělávací rada zubních lékařů (Členové)"
461,"MUDr. Jiří Dvořáček",1,"Členové","","Pracovní skupina pro návykové nemoci při Ministerstvu zdravotnictví  (PSPNN) (Členové)"
504,"plk. MUDr. Jana Fajfrová, Ph.D.",1,"Členové","Ministerstvo obrany","Mezirezortní pracovní skupina k problematice komplexní ochrany před škodami působenými tabákem (MPS KOTA) (Členové)"
511,"Ing. Ondřej Fasora, Ph.D.",1,"Členové","Ministerstvo financí","Mezirezortní pracovní skupina k problematice komplexní ochrany před škodami působenými tabákem (MPS KOTA) (Členové)"
525,"MUDr. Ing. Petr Fiala",1,"Předseda","","Rada pro duchovní péči ve zdravotnictví (Předseda)"
527,"Ing. Jindřich Fialka",1,"Členové","Ministerstvo zemědělství","Mezirezortní pracovní skupina k problematice komplexní ochrany před škodami působenými tabákem (MPS KOTA) (Členové)"
542,"prof. MUDr. et MUDr. René Foltán, Ph.D., FEBOMFS",1,"Členové","","Pracovní skupina pro reformu primární péče (Členové)"
549,"MUDr. Ondřej Franěk",1,"Členové","SUMMK ČLS JEP- OŘ","Pracovní skupina pro metodické řízení poskytovatelů zdravotnických záchranných služeb (Členové)"
556,"Mgr. Pavlína Fridrichovská, Dis.",1,"Členové","","Pracovní skupina pro rozvoj a implementaci mezinárodních principů na podporu zdraví do systémů řízení kvality ve zdravotnických zařízeních (Členové)"
570,"MUDr. Dana Galuszková, Ph.D., MBA",1,"Členové","","Národní transfuzní komise MZ (Členové)"
573,"PhDr. Libuše Gavlasová, MBA",1,"Členové","","Pracovní skupina pro rozvoj a implementaci mezinárodních principů na podporu zdraví do systémů řízení kvality ve zdravotnických zařízeních (Členové)"
577,"doc. MUDr. Michal Goetz, Ph.D.",1,"Předseda","","Pracovní skupina pro dětskou a dorostovou psychiatrii (Předseda)"
584,"Mgr. Eva Gottvaldová",1,"Členové","","Resortní koordinační skupina Ministerstva zdravotnictví ČR pro Evropskou unii (Členové)"
591,"PharmDr. Jana Gregorová",1,"Členové","","Vzdělávací rada farmaceutů (Členové)"
623,"MUDr. David Halata",1,"Členové","Společnost všeobecného lékařství, ČLS JEP","Komise pro přípravu programu screeningu aneurysmatu abdominální aorty (Členové)"
631,"Mgr. Marek Hampel",1,"Členové","","Rada poskytovatelů Ministerstva zdravotnictví (Členové)"
650,"MUDr. et. MUDr. Lukáš Hauer, Ph.D.",1,"Členové","","Vzdělávací rada zubních lékařů (Členové)"
666,"MUDr. Miluše Havlová",1,"Členové","Všeobecná zdravotní pojišťovna ČR","Pracovní skupina pro koncepci neurorehabilitační péče v ČR (Členové)"
667,"MUDr. Milena Havlová",1,"Členové","","Pracovní skupina pro návykové nemoci při Ministerstvu zdravotnictví  (PSPNN) (Členové)"
669,"prim. MUDr. Markéta Havlovicová",1,"Členové","ERN ITHACA, FN Motol","Mezioborová komise pro vzácná onemocnění (Členové)"
680,"doc. MUDr. Jarmila Heissigerová, Ph.D., MBA",1,"Členové","","Vzdělávací rada lékařů (Členové)"
681,"Mgr. Eva Heisslerová",1,"Členové","","Mezirezortní pracovní skupina pro snížení škod působených alkoholem - MPS SPA (Členové)"
719,"Mgr. Tereza Hladilová",1,"Členové","Asociace klinických logopedů ČR","Akreditační komise pro nelékařská povolání dle § 47 zákona č. 96/2004 Sb. (Členové)"
734,"PhDr. Petr Hnízdo",1,"Členové","Ministerstvo kultury","Mezirezortní pracovní skupina k problematice komplexní ochrany před škodami působenými tabákem (MPS KOTA) (Členové)"
738,"MUDr. Iva Hodková",1,"Členové","","Pracovní skupina pro dětskou a dorostovou psychiatrii (Členové)"
746,"Mgr. Michal Hojný",1,"Členové","","Rada poskytovatelů Ministerstva zdravotnictví (Členové)"
757,"MUDr. Martin Hollý, MBA",1,"Předseda","","Pracovní skupina k zajištění dostupnosti psychoterapie, psychoterapeutických a psychosociálních intervencí (Předseda)"
759,"doc. MUDr. Iva Holmerová, Ph.D.",1,"Členové","vedoucí Centra pro studium dlouhověkosti a dlouhodobé péče FHS UK ředitelka Gerontologického centra","Etická komise Ministerstva zdravotnictví (Členové)"
760,"prof. MUDr. Michal Holub, Ph.D.",1,"Členové","","Pracovní skupina pro bakteriofágovou terapii (Členové)"
776,"prof. MUDr. Jiří Horáček, Ph.D., FCMA",1,"Členové","ředitel, Národní institut duševního zdraví","Etická komise Ministerstva zdravotnictví (Členové)"
806,"doc. MUDr. David Hoskovec, Ph.D.",1,"Členové","","Národní transfuzní komise MZ (Členové)"
812,"Ing. Milan Houska, CSc.",1,"Členové","","Lékopisná komise Ministerstva zdravotnictví (Členové)"
819,"doc. Ing. Jiří Hozman, Ph.D.",1,"Členové","Česká společnost biomedicínského inženýrství a lékařské informatiky ČLS JEP","Akreditační komise pro nelékařská povolání dle § 47 zákona č. 96/2004 Sb. (Členové)"
821,"doc. Ing. Jaroslav Hrabák, Ph.D.",1,"Členové","","Řídící rada pro implementaci CZ-DRG do resortu zdravotnictví (Členové)"
836,"MUDr. Bc. Michal Hrnčiarik",1,"Místopředseda","","Rada pro duchovní péči ve zdravotnictví (Místopředseda)"
847,"MUDr. Petr Hubáček, MBA LL.M.",1,"Členové","","Národní institut pro zvládání pandemie (Členové)"
854,"PhDr. Robert Huneš",1,"Členové","","Rada poskytovatelů Ministerstva zdravotnictví (Členové)"
869,"doc. MUDr. František Charvát, Ph.D.",1,"Členové","","Pracovní skupina pro lékařské ozáření (Členové)"
875,"prof. MUDr. Roman Chlíbek, Ph.D.",1,"Předseda","","Národní institut pro zvládání pandemie (Předseda)"
882,"Mgr. Ondřej Fries",1,"Členové","Odborný pracovník v ochraně a podpoře veřejného zdraví jmenovaný hlavním hygienikem ČR","Akreditační komise pro nelékařská povolání dle § 47 zákona č. 96/2004 Sb. (Členové)"
905,"prim. MUDr. Libor Chvíla, CSc.",1,"Členové","","Pracovní skupina pro návykové nemoci při Ministerstvu zdravotnictví  (PSPNN) (Členové)"
914,"prof. MUDr. Lydie Izakovičová-Hollá, Ph.D.",1,"Předseda","","Vzdělávací rada zubních lékařů (Předseda)"
940,"MUDr. Daniel Janek",1,"Členové","","Národní transfuzní komise MZ (Členové)"
950,"prof. MUDr. Jan Janoušek, Ph.D.",1,"Členové","ERN GUARD-Heart, FN Motol","Mezioborová komise pro vzácná onemocnění (Členové)"
956,"prof. MUDr. Pavel Jansa, Ph.D.",1,"Členové","zástupce České biskupské konference","Koncepční pracovní skupina pro přípravu budoucího programového období kohezní politiky EU 2028+ (Členové)"
957,"PharmDr. Michal Janů, Ph.D.",1,"Členové","","Lékopisná komise Ministerstva zdravotnictví (Členové)"
963,"Mgr. Vladimír Jarušek, MBA",1,"Členové","Komora zdravotnických záchranných služeb ČR","Akreditační komise pro nelékařská povolání dle § 47 zákona č. 96/2004 Sb. (Členové)"
976,"Ing. Dalibor Ježorek",1,"Členové","Pacientská rada","Meziresortní pracovní skupina pro problematiku institucionálního stravování (Členové)"
1000,"doc. MUDr. Jan Jiskra, Ph.D.",1,"Předseda","Česká endokrinologická společnost ČLS JEP","Komise pro přípravu programu časného záchytu poruch štítné žlázy v těhotenství (Předseda)"
1003,"RNDr. Libor Judas, Ph.D.",1,"Členové","Česká společnost fyziků v medicíně","Akreditační komise pro nelékařská povolání dle § 47 zákona č. 96/2004 Sb. (Členové)"
1007,"Ing. Tomáš Jung, MBA",1,"Členové","","Pracovní skupina pro návykové nemoci při Ministerstvu zdravotnictví  (PSPNN) (Členové)"
1009,"MUDr. Božena Jurašková, Ph.D.",1,"Členové","předsedkyně České gerontologické a geriatrické společnosti ČLS JEP","Pracovní skupina pro koncepční řešení rozvoje geriatrické péče v České republice (Členové)"
1012,"Ing. Eva Jursíková",1,"Členové","Státní úřad pro jadernou bezpečnost","Komise pro program screeningu karcinomu prsu (Členové)"
1030,"prof. MUDr. Zdeněk Kala, CSc.",1,"Členové","Česká chirurgická společnost ČLS JEP","Komise pro podporu diagnostiky a léčby rakoviny slinivky břišní (Členové)"
1056,"doc. MUDr. Debora Karetová, CSc.",1,"Členové","Česká angiologická společnost, ČLS JEP","Komise pro přípravu programu screeningu aneurysmatu abdominální aorty (Členové)"
1060,"MUDr. Eva Kasalická",1,"Členové","zástupce Sdružení praktických lékařů ČLS JEP","Pracovní skupina pro koncepční řešení poskytování domácí péče v ČR (Členové)"
1069,"prof. MUDr. Josef Kautzner, CSc.",1,"Členové","člen od 1.1.2024","Komise pro institucionální podporu (Členové)"
1097,"Ing. Martina Klimková",1,"Členové","","Pracovní skupina pro rozvoj a implementaci mezinárodních principů na podporu zdraví do systémů řízení kvality ve zdravotnických zařízeních (Členové)"
1114,"Mgr. Daniela Kobilková",1,"Členové","ředitelka Odboru kanceláře ministra","Řídicí výbor implementace Strategického rámce rozvoje péče o zdraví v České republice do roku 2030 (Členové)"
1115,"PhDr. Karel Koblic",1,"Členové","","Pracovní skupina k zajištění dostupnosti psychoterapie, psychoterapeutických a psychosociálních intervencí (Členové)"
1119,"MUDr. Petr Kocna, CSc.",1,"Členové","Česká společnost klinické biochemie ČLS JEP","Komise pro program screeningu kolorektálního karcinomu (Členové)"
1122,"PhDr. Jana Kocourková, MBA",1,"Hosté","","Pracovní skupina k zajištění dostupnosti psychoterapie, psychoterapeutických a psychosociálních intervencí (Hosté)"
1125,"MUDr. Jaromír Kočí, Ph.D., FACS",1,"Členové","SUMMK ČLS JEP","Pracovní komise pro systémové řešení urgentních příjmů (Členové)"
1127,"doc. MUDr. Radim Kočvara, CSc., FEAPU",1,"Členové","ERN eUrogen, VFN","Mezioborová komise pro vzácná onemocnění (Členové)"
1133,"Mgr. Lukáš Kohoutek",1,"Členové","Česká koalice proti tabáku","Mezirezortní pracovní skupina k problematice komplexní ochrany před škodami působenými tabákem (MPS KOTA) (Členové)"
1134,"Ing. Ivana Kohoutová",1,"Členové","","Lékopisná komise Ministerstva zdravotnictví (Členové)"
1136,"prof. MUDr. Martin Köcher, Ph.D.",1,"Předseda","Česká společnost intervenční radiologie ČLS JEP","Komise pro přípravu programu screeningu aneurysmatu abdominální aorty (Předseda)"
1154,"Mgr. Jitka Kolmanová",1,"Členové","","Meziresortní pracovní skupiny k výkonu rozsudku V proti ČR (Členové)"
1156,"MUDr. Petr Kolouch, MBA",1,"Členové","Asociace ZZS ČR","Pracovní komise pro systémové řešení urgentních příjmů (Členové)"
1175,"Mgr. Denisa Kopková",1,"Předseda","","Rozkladová komise ministra zdravotnictví (Předseda)"
1181,"doc. MUDr. Pavel Koranda, Ph.D.",1,"Členové","","Pracovní skupina pro lékařské ozáření (Členové)"
1190,"MUDr. Pavel Kosina, Ph.D.",1,"Členové","","Národní institut pro zvládání pandemie (Členové)"
1199,"MUDr. Veronika Kotková",1,"Členové","","Pracovní skupina pro návykové nemoci při Ministerstvu zdravotnictví  (PSPNN) (Členové)"
1209,"Ing. Bc. Irena Kouřilová",1,"Členové","","Pracovní skupina k seznamu zdravotních výkonů s bodovými hodnotami (Členové)"
1213,"MUDr. Martina Kövári, MHA",1,"Členové","Společnost pro rehabilitační a fyzikální medicínu ČLS JEP","Pracovní skupina pro koncepci neurorehabilitační péče v ČR (Členové)"
1228,"Mgr. Ondřej Krahula, MBA",1,"Členové","Společnost radiologických asistentů ČR","Akreditační komise pro nelékařská povolání dle § 47 zákona č. 96/2004 Sb. (Členové)"
1243,"prof. MUDr. Eva Králíková, CSc.",1,"Členové","Společnost pro léčbu závislosti na tabáku","Komise pro program časného záchytu karcinomu plic (Členové)"
1259,"Mgr. Aleš Krebs, Ph.D.",1,"Členové","","Vzdělávací rada farmaceutů (Členové)"
1281,"Mgr. Ilona Krsková",1,"Členové","","Mezirezortní koordinační pracovní skupina Národního programu HIV/AIDS (Členové)"
1282,"prof. MUDr. Michal Kršek, CSc., MBA",1,"Členové","Česká endokrinologická společnost ČLS JEP","Komise pro přípravu programu časného záchytu poruch štítné žlázy v těhotenství (Členové)"
1285,"prof. MUDr. Zdeněk Krška, DrSc.",1,"Členové","ČLS JEP","Komise pro kategorizaci a úhradovou regulaci zdravotnických prostředků (Členové)"
1329,"MUDr. Vladimír Kučera",1,"Členové","Svaz zdravotních pojišťoven ČR","Komise pro podporu diagnostiky a léčby rakoviny slinivky břišní (Členové)"
1331,"MUDr. Ivan Kučera, Ph.D.",1,"Členové","","Poradní sbor hygieny práce a pracovního lékařství náměstkyně pro ochranu a podporu veřejného zdraví MZ ČR a hlavní hygieničky České republiky (Členové)"
1332,"MVDr. Eva Kučerová",1,"Členové","","Národní transfuzní komise MZ (Členové)"
1336,"MUDr. Zdeňka Kučerová Salcman, MBA, LL.M.",1,"Členové","","Řídící rada pro implementaci CZ-DRG do resortu zdravotnictví (Členové)"
1354,"Ing. Jaroslava Kunová",1,"Členové","","Řídící rada pro implementaci CZ-DRG do resortu zdravotnictví (Členové)"
1364,"MUDr. Vladislav Kutěj",1,"Členové","SUMMK ČLS JEP","Pracovní komise pro systémové řešení urgentních příjmů (Členové)"
1366,"prof. MUDr. Milan Kvapil, CSc., MBA",1,"Členové","","Pracovní skupina pro obezitu a diabetes v rámci Národního programu prevence a léčby obezity České republiky (Členové)"
1401,"doc. Ing. Lenka Lhotská, CSc.",1,"Členové","","Rada Národního centra pro medicínské nomenklatury a klasifikace (Členové)"
1404,"Ing. Jan Linda",1,"Členové","","Řídící rada pro implementaci CZ-DRG do resortu zdravotnictví (Členové)"
1411,"Mgr. Miroslava Linhartová",1,"Tajemník","","Pracovní skupina pro bakteriofágovou terapii (Tajemník)"
1425,"MUDr. Radka Lohynská, Ph.D.",1,"Členové","","Pracovní skupina pro lékařské ozáření (Členové)"
1438,"RNDr. Jaroslav Loucký, Ph.D.",1,"Členové","","Rada poskytovatelů Ministerstva zdravotnictví (Členové)"
1449,"prof. MUDr. Milan Macek, DrSc.",1,"Předseda","","Rada Národního centra pro medicínské nomenklatury a klasifikace (Předseda)"
1487,"PhDr. Hana Malinová, CSc.",1,"Členové","","Mezirezortní koordinační pracovní skupina Národního programu HIV/AIDS (Členové)"
1495,"MUDr. Jan Malý, Ph.D.",1,"Členové","","Pracovní skupina pro koncepční řešení pediatrické péče (Členové)"
1505,"doc. MUDr. Tonko Mardešič, CSc.",1,"Členové","","Komise pro reprodukční medicínu (Členové)"
1574,"doc. PharmDr. Ludmila Matysová, Ph.D.",1,"Předseda","","Lékopisná komise Ministerstva zdravotnictví (Předseda)"
1579,"PharmDr. Jaroslav Maxa, Ph.D.",1,"Členové","","Lékopisná komise Ministerstva zdravotnictví (Členové)"
1580,"Ing. Martin Mayer, Ph.D., MHA",1,"Místopředseda","Česká společnost biomedicínského inženýrství a lékařské informatiky ČLS JEP","Komise pro posuzování rozmístění přístrojových zdravotnických prostředků a kapacit hrazených z veřejného zdravotního pojištění (Místopředseda)"
1581,"prof. MUDr. Jiří Mayer, CSc.",1,"Členové","ERN EuroBloodNet, FN Brno","Mezioborová komise pro vzácná onemocnění (Členové)"
1586,"prim. MUDr. Jan Mečl",1,"Členové","ČLK","Národní rada elektronického zdravotnictví (Členové)"
1597,"prof. MUDr. Bohuslav Melichar, Ph.D.",1,"Členové","KOC FN Olomouc","Národní rada komplexních onkologických center (Členové)"
1607,"MUDr. Ivana Mervartová",1,"Místopředseda","","Pracovní skupina k seznamu zdravotních výkonů s bodovými hodnotami (Místopředseda)"
1654,"MUDr. Dana Moravčíková",1,"Členové","Společnost všeobecného lékařství ČLS JEP","Komise pro přípravu programu časného záchytu poruch štítné žlázy v těhotenství (Členové)"
1655,"Ing. Václav Moravec",1,"Členové","","Rada poskytovatelů Ministerstva zdravotnictví (Členové)"
1662,"prof. MUDr. Zuzana Moťovská, Ph.D., FESC.",1,"Členové","zástupkyně přednosty pro vědeckou činnost (Kardiologie), 3. LF a FNKV","Pracovní skupina pro klinické hodnocení humánních léčivých přípravků (Členové)"
1677,"MUDr. Zdeněk Mrozek, Ph.D.",1,"Členové","","Pracovní komise pro systémové řešení urgentních příjmů (Členové)"
1682,"Mgr. Edita Müllerová",1,"Členové","Pacientská rada ministra zdravotnictví","Výbor pro umělou inteligenci ve zdravotnictví (Členové)"
1696,"MUDr. Lubomír Nečas",1,"Členové","Asociace krajů","Mezirezortní pracovní skupina k problematice komplexní ochrany před škodami působenými tabákem (MPS KOTA) (Členové)"
1699,"Mgr. et Mgr. Pavel Nedbal",1,"Členové","","Pracovní skupina pro lékařské ozáření (Členové)"
1702,"JUDr. Kamil Nedvědický",1,"Členové","","Mezirezortní pracovní skupina pro snížení škod působených alkoholem - MPS SPA (Členové)"
1741,"MUDr. Petr Nevšímal",1,"Členové","","Pracovní skupina pro návykové nemoci při Ministerstvu zdravotnictví  (PSPNN) (Členové)"
1746,"prim. MUDr. Martin Nováček",1,"Členové","AČMN","Pracovní skupina pro restrukturalizaci intenzivní zdravotní péče (Členové)"
1757,"Mgr. Jana Nováková, MBA",1,"Členové","","Pracovní skupina pro dobrovolnictví ve zdravotnictví (Členové)"
1789,"MUDr. Otakar Nyč, Ph.D.",1,"Členové","","Centrální koordinační skupina Národního antibiotického programu (Členové)"
1803,"MUDr. Jindřich Olšovský, Ph.D.",1,"Členové","","Pracovní skupina pro obezitu a diabetes v rámci Národního programu prevence a léčby obezity České republiky (Členové)"
1832,"prof. MUDr. Pavel Pafko, DrSc.",1,"Členové","III. chirurgická klinika 1.LF UK a FN Motol, Praha","Etická komise Ministerstva zdravotnictví (Členové)"
1851,"Mgr. Petr Papírník",1,"Členové","","Pracovní skupina pro lékařské ozáření (Členové)"
1854,"doc. MUDr. Jiří Páral, Ph.D., MBA",1,"Členové","Česká chirurgická společnost ČLS JEP","Komise pro posuzování rozmístění přístrojových zdravotnických prostředků a kapacit hrazených z veřejného zdravotního pojištění (Členové)"
1865,"MUDr. Marek Páv, Ph.D., MBA",1,"Členové","","Pracovní skupina k problematice péče o pacienty s nařízeným ochranným léčením (Členové)"
1870,"Jindřiška Pavlicová",1,"Členové","zdravotní sestra, Česká asociace sester Praha","Etická komise Ministerstva zdravotnictví (Členové)"
1878,"MUDr. Vilma Pavlíková",1,"Členové","Svaz zdravotních pojišťoven ČR","Komise pro program screeningu karcinomu děložního hrdla (Členové)"
1881,"JUDr. Marek Pavlovský, Ph.D.",1,"Členové","","Rozkladová komise ministra zdravotnictví (Členové)"
1890,"PharmDr. Zdeněk Pečinka",1,"Členové","","Lékopisná komise Ministerstva zdravotnictví (Členové)"
1894,"Mgr. Jaroslav Pekara, Ph.D.",1,"Členové","","Meziresortní pracovní skupiny k výkonu rozsudku V proti ČR (Členové)"
1907,"MUDr. Lenka Pešáková, Ph.D.",1,"Předseda","","Poradní sbor hygieny práce a pracovního lékařství náměstkyně pro ochranu a podporu veřejného zdraví MZ ČR a hlavní hygieničky České republiky (Předseda)"
1923,"prof. MUDr. Luboš Petruželka, CSc.",1,"Členové","Česká onkologická společnost ČLS JEP","Komise pro program časného záchytu karcinomu plic (Členové)"
1943,"RNDr. Michal Pitoňák, Ph.D.",1,"Členové","","Mezirezortní koordinační pracovní skupina Národního programu HIV/AIDS (Členové)"
1953,"MUDr. František Plhoň",1,"Členové","","Pracovní skupina k seznamu zdravotních výkonů s bodovými hodnotami (Členové)"
1954,"doc. MUDr. Stanislav Plíšek, Ph.D.",1,"Členové","","Pracovní skupina k problematice vzdělávání lékařských zdravotnických pracovníků (Členové)"
1961,"Mgr. Zbyněk Podhrázký",1,"Členové","","Resortní koordinační skupina Ministerstva zdravotnictví ČR pro Evropskou unii (Členové)"
1963,"Mgr. Kateřina Podrazilová, Ph.D.",1,"Členové","","Pracovní skupina pro návykové nemoci při Ministerstvu zdravotnictví  (PSPNN) (Členové)"
1974,"MUDr. Petr Pokorný",1,"Předseda","","Pracovní skupina k seznamu zdravotních výkonů s bodovými hodnotami (Předseda)"
1991,"prim. MUDr. Zdenka Polzerová, MBA",1,"Členové","Asociace nemocnic ČR","Pracovní skupina pro koncepční řešení rozvoje geriatrické péče v České republice (Členové)"
2011,"Mgr. Martina Postupová",1,"Členové","","Rozkladová komise ministra zdravotnictví (Členové)"
2012,"JUDr. Lukáš Potěšil, Ph.D.",1,"Členové","","Rozkladová komise ministra zdravotnictví (Členové)"
2014,"MUDr. Michal Považan",1,"Členové","","Pracovní skupina pro dětskou a dorostovou psychiatrii (Členové)"
2019,"prof. MUDr. Ján Praško Pavlov, CSc.",1,"Členové","","Pracovní skupina k zajištění dostupnosti psychoterapie, psychoterapeutických a psychosociálních intervencí (Členové)"
2020,"doc. MUDr. Jana Prausová, Ph.D., MBA",1,"Členové","KOC MN Ústí nad Labem","Národní rada komplexních onkologických center (Členové)"
2024,"prof. MUDr. Martin Prázný, Ph.D., CSc.",1,"Členové","","Pracovní skupina pro obezitu a diabetes v rámci Národního programu prevence a léčby obezity České republiky (Členové)"
2051,"JUDr. Ing. Lukáš Prudil, Ph.D.",1,"Členové","advokát, Brno","Etická komise Ministerstva zdravotnictví (Členové)"
2056,"prof. MUDr. Roman Prymula, CSc., Ph.D.",1,"Členové","","Řídící rada pro implementaci CZ-DRG do resortu zdravotnictví (Členové)"
2074,"RNDr. Helena Puffrová",1,"Členové","","Lékopisná komise Ministerstva zdravotnictví (Členové)"
2078,"Mgr. Mario Pytel",1,"Členové","","Pracovní skupina pro nastavení systémových změn v odbornosti zdravotnický záchranář (Členové)"
2081,"prof. MUDr. Jaroslav Racek, DrSc.",1,"Členové","Česká společnost klinické biochemie ČLS JEP","Komise pro přípravu programu časného záchytu karcinomu prostaty (Členové)"
2094,"MUDr. Jan Raupach, Ph.D.",1,"Členové","Česká společnost intervenční radiologie, ČLS JEP","Komise pro přípravu programu screeningu aneurysmatu abdominální aorty (Členové)"
2102,"MUDr. Pavel Rejtar, Ph.D.",1,"Členové","","Pracovní skupina pro lékařské ozáření (Členové)"
2105,"MUDr. Juraj Rektor",1,"Členové","","Pracovní skupina k zajištění dostupnosti psychoterapie, psychoterapeutických a psychosociálních intervencí (Členové)"
2107,"prof. MUDr. Irena Rektorová, Ph.D.",1,"Členové","členka od 1.9.2025","Komise pro institucionální podporu (Členové)"
2110,"prof. MUDr. Vladimír Resl, CSc.",1,"Členové","","Mezirezortní koordinační pracovní skupina Národního programu HIV/AIDS (Členové)"
2121,"prof. MUDr. Miloslav Roček, CSc.",1,"Členové","Česká radiologická společnost ČLS JEP","Komise pro přípravu programu screeningu aneurysmatu abdominální aorty (Členové)"
2154,"MUDr. Irena Rubešová",1,"Členové","bez hlasovacího práva","Pracovní skupina k seznamu zdravotních výkonů s bodovými hodnotami (Členové)"
2171,"prof. MUDr. Michal Rygl, Ph.D.",1,"Členové","ERN ERNICA, FN Motol","Mezioborová komise pro vzácná onemocnění (Členové)"
2175,"prof. MUDr. Romana Ryšavá, CSc.",1,"Členové","","Pracovní skupina k problematice vzdělávání lékařských zdravotnických pracovníků (Členové)"
2180,"Ing. Marie Ředinová",1,"Členové","Pacientská rada ministra zdravotnictví","Komise pro kategorizaci a úhradovou regulaci zdravotnických prostředků (Členové)"
2181,"MUDr. Vít Řeháček",1,"Předseda","","Národní transfuzní komise MZ (Předseda)"
2187,"MUDr. Zuzana Řeřichová",1,"Členové","","Pracovní skupina k problematice péče o pacienty s nařízeným ochranným léčením (Členové)"
2207,"Mgr. Renata Sasová",1,"Členové","","Pracovní skupina pro nastavení systémových změn v odbornosti zdravotnický záchranář (Členové)"
2212,"MUDr. Martin Sedláček",1,"Členové","","Pracovní skupina k seznamu zdravotních výkonů s bodovými hodnotami (Členové)"
2213,"doc. MUDr. Dalibor Sedláček, CSc.",1,"Členové","","Mezirezortní koordinační pracovní skupina Národního programu HIV/AIDS (Členové)"
2232,"Ing. Petr Severa",1,"Členové","Asociace krajů ČR","Pracovní skupina pro koncepční řešení rozvoje geriatrické péče v České republice (Členové)"
2237,"MUDr. Jana Schmidtová",1,"Členové","","Pracovní skupina pro návykové nemoci při Ministerstvu zdravotnictví  (PSPNN) (Členové)"
2253,"PeadDr. Markéta Skalická",1,"Členové","Asociace zrakových terapeutů, z. s.","Akreditační komise pro nelékařská povolání dle § 47 zákona č. 96/2004 Sb. (Členové)"
2267,"prim. MUDr. Miroslava Skovajsová, Ph.D.",1,"Členové","Asociace mamodiagnostiků ČR","Komise pro program screeningu karcinomu prsu (Členové)"
2270,"prof. MUDr. Jana Skřičková, CSc.",1,"Členové","Česká pneumologická a ftizeologická společnost ČLS JEP","Národní rada pro implementaci Národního onkologického programu (Členové)"
2280,"MUDr. Bc. Petra Sládková, Ph.D.",1,"Členové","","Meziresortní pracovní komise pro přípravu a koordinaci zavedení MKN-11 v ČR (Členové)"
2284,"MUDr. Ondřej Sláma, Ph.D.",1,"Členové","Česká společnost paliativní medicíny ČLS JEP","Národní rada pro implementaci Národního onkologického programu (Členové)"
2287,"MUDr. Lubomír Slavíček, Ph.D.",1,"Členové","KOC Nemocnice Jihlava","Národní rada komplexních onkologických center (Členové)"
2298,"MUDr. Petr Smejkal",1,"Členové","","Národní institut pro zvládání pandemie (Členové)"
2305,"prof. MUDr. Martin Smrčka, Ph.D., MBA",1,"Členové","Česká neurochirurgická společnost ČLS JEP","Pracovní skupina pro koncepci neurorehabilitační péče v ČR (Členové)"
2322,"Ing. Jitka Sosnovcová",1,"Členové","","Pracovní skupina pro reformu veřejného zdraví v ČR (Členové)"
2324,"Mgr. Marek Souček",1,"Členové","","Rozkladová komise ministra zdravotnictví (Členové)"
2332,"prof. MUDr. Eliška Sovová, Ph.D., MBA",1,"Místopředseda","","Meziresortní pracovní skupina pro rozvoj pohybových aktivit (Místopředseda)"
2333,"Ing. Robert Spáčil",1,"Členové","Ministerstvo dopravy","Mezirezortní pracovní skupina k problematice komplexní ochrany před škodami působenými tabákem (MPS KOTA) (Členové)"
2361,"prof. MUDr. David Stejskal",1,"Členové","","Komise pro reprodukční medicínu (Členové)"
2382,"doc. MUDr. Martin Stříteský, CSc.",1,"Členové","ČSARIM ČLS JEP","Pracovní skupina pro restrukturalizaci intenzivní zdravotní péče (Členové)"
2384,"prof. MUDr. Ilja Stříž, CSc.",1,"Členové","","Národní institut pro zvládání pandemie (Členové)"
2411,"MUDr. Marika Svatošová",1,"Členové","","Pracovní skupina pro reformu primární péče (Členové)"
2413,"Mgr. Kateřina Svěcená, Ph.D.",1,"Členové","Česká asociace ergoterapeutů","Akreditační komise pro nelékařská povolání dle § 47 zákona č. 96/2004 Sb. (Členové)"
2414,"JUDr. Jaroslav Svejkovský",1,"Členové","","Rozkladová komise ministra zdravotnictví (Členové)"
2453,"MVDr. Petr Šatrán",1,"Členové","","Centrální koordinační skupina Národního antibiotického programu (Členové)"
2466,"prof. MUDr. Aleksi Šedo, DrSc., FCMA",1,"Předseda","","Komise pro institucionální podporu (Předseda)"
2476,"prof. MUDr. Pavel Ševčík, CSc.",1,"Členové","Klinika anesteziologie, resuscitace a intenzivní medicíny, Ostrava","Etická komise Ministerstva zdravotnictví (Členové)"
2488,"MUDr. Petr Šilhán, Ph.D.",1,"Členové","","Meziresortní pracovní skupiny k výkonu rozsudku V proti ČR (Členové)"
2490,"PharmDr. Martin Šíma",1,"Členové","","Vzdělávací rada farmaceutů (Členové)"
2500,"Bc. Alena Šindelářová",1,"Členové","Česká komora farmaceutických asistentů","Akreditační komise pro nelékařská povolání dle § 47 zákona č. 96/2004 Sb. (Členové)"
2509,"doc. PharmDr. Zdeňka Šklubalová, Ph.D.",1,"Členové","","Lékopisná komise Ministerstva zdravotnictví (Členové)"
2519,"Mgr. Martin Škrobánek",1,"Členové","","Mezirezortní pracovní skupina pro snížení škod působených alkoholem - MPS SPA (Členové)"
2527,"doc. MUDr. Alena Šmahelová, Ph.D.",1,"Členové","","Pracovní skupina pro obezitu a diabetes v rámci Národního programu prevence a léčby obezity České republiky (Členové)"
2554,"prof. MUDr. Julius Špičák, CSc.",1,"Členové","Česká společnost pro umělou inteligenci a inovativní technologie ČLS JEP","Výbor pro umělou inteligenci ve zdravotnictví (Členové)"
2555,"doc. MUDr. Miloš Špidlen, Ph.D.",1,"Členové","","Vzdělávací rada zubních lékařů (Členové)"
2572,"prof. MUDr. Vladimír Šrámek, Ph.D., EDIC",1,"Členové","ČSIM","Pracovní skupina pro restrukturalizaci intenzivní zdravotní péče (Členové)"
2584,"PharmDr. RNDr. Jiří Štěpán, Ph.D.",1,"Členové","","Lékopisná komise Ministerstva zdravotnictví (Členové)"
2605,"MUDr. Ivana Štverka Kořínková",1,"Hosté","","Pracovní skupina pro dobrovolnictví ve zdravotnictví (Hosté)"
2618,"Bc. Martin Švanda",1,"Členové","","Pracovní skupina Ministerstva zdravotnictví pro koordinaci spolupráce s OECD (Členové)"
2640,"prof. MUDr. Petra Tesařová, CSc.",1,"Členové","KOC FN Bulovka","Národní rada komplexních onkologických center (Členové)"
2671,"prof. MUDr. Eva Topinková",1,"Členové","vědecký sekretář České gerontologické a geriatrické společnosti ČLS JEP","Pracovní skupina pro koncepční řešení rozvoje geriatrické péče v České republice (Členové)"
2686,"MUDr. Zdeňka Trestrová",1,"Členové","Ministerstvo zdravotnictví","Meziresortní pracovní skupina pro problematiku institucionálního stravování (Členové)"
2699,"prof. MUDr. Milan Tuček, CSc.",1,"Členové","","Poradní sbor hygieny práce a pracovního lékařství náměstkyně pro ochranu a podporu veřejného zdraví MZ ČR a hlavní hygieničky České republiky (Členové)"
2708,"MUDr. Petr Turek",1,"Místopředseda","","Národní transfuzní komise MZ (Místopředseda)"
2730,"RNDr. Pavla Urbášková",1,"Členové","","Centrální koordinační skupina Národního antibiotického programu (Členové)"
2731,"doc. MUDr. Bc. Libor Ustohal, Ph.D.",1,"Místopředseda","","Mezioborová a meziresortní pracovní skupina pro koncepční řešení problematiky Alzheimerovy nemoci a obdobných onemocnění (PS PAN) (Místopředseda)"
2744,"Mgr. Zuzana Pražáková",1,"Členové","","Pracovní skupina pro nastavení systémových změn v odbornosti zdravotnický záchranář (Členové)"
2768,"Ing. Monika Vaňhová, MBA",1,"Členové","","Pracovní skupina pro rozvoj a implementaci mezinárodních principů na podporu zdraví do systémů řízení kvality ve zdravotnických zařízeních (Členové)"
2786,"Mgr. Ivo Večeřa",1,"Členové","","Rozkladová komise ministra zdravotnictví (Členové)"
2788,"Mgr. Jarmila Vedralová",1,"Tajemník","","Centrální koordinační skupina Národního antibiotického programu (Tajemník)"
2796,"prof. MUDr. Jiří Vencovský",1,"Členové","ERN ReCONNET, Rehabilitační ústav","Mezioborová komise pro vzácná onemocnění (Členové)"
2806,"prof. MUDr. Josef Veselka, CSc., FESC, FSCAI, FICA",1,"Členové","","Vědecká rada Ministerstva zdravotnictví (Členové)"
2824,"Ing. Pavel Vinkler",1,"Členové","Ministerstvo průmyslu a obchodu","Mezirezortní pracovní skupina k problematice komplexní ochrany před škodami působenými tabákem (MPS KOTA) (Členové)"
2826,"prof. RNDr. Jarmila Vinšová, CSc.",1,"Členové","","Lékopisná komise Ministerstva zdravotnictví (Členové)"
2830,"MUDr. Eva Vítková",1,"Členové","","Lékopisná komise Ministerstva zdravotnictví (Členové)"
2836,"Mgr. Marie Vlachová",1,"Členové","","Pracovní skupina pro rozvoj a implementaci mezinárodních principů na podporu zdraví do systémů řízení kvality ve zdravotnických zařízeních (Členové)"
2849,"MUDr. Andrea Vocilková",1,"Členové","","Pracovní skupina k seznamu zdravotních výkonů s bodovými hodnotami (Členové)"
2857,"MUDr. Václav Volejník, CSc.",1,"Členové","","Rada poskytovatelů Ministerstva zdravotnictví (Členové)"
2870,"PharmDr. Lenka Vostalová",1,"Členové","","Pracovní skupina Ministerstva zdravotnictví pro koordinaci spolupráce s OECD (Členové)"
2871,"MUDr. Milan Vošmik",1,"Členové","KOC FN Hradec Králové","Národní rada komplexních onkologických center (Členové)"
2872,"doc. MUDr. Felix Votava, Ph.D.",1,"Členové","FN Královské Vinohrady: Oddělení dětí a dorostu – Laboratoř Novorozeneckého screeningu","Komise pro novorozenecký laboratorní screening (Členové)"
2877,"doc. MUDr. Jiří Votruba, Ph.D.",1,"Členové","","Pracovní skupina pro obezitu a diabetes v rámci Národního programu prevence a léčby obezity České republiky (Členové)"
2880,"Mgr. Filip Vrána",1,"Místopředseda","","Pracovní skupina k rovným příležitostem pro ženy a muže (Místopředseda)"
2901,"prof. MUDr. Josef Vymazal, DrSc.",1,"Předseda","Radiologická společnost ČLS JEP","Komise pro posuzování rozmístění přístrojových zdravotnických prostředků a kapacit hrazených z veřejného zdravotního pojištění (Předseda)"
2902,"doc. MUDr. Tomáš Vymazal, Ph.D., MHA",1,"Členové","ČSARIM ČLS JEP","Pracovní skupina pro restrukturalizaci intenzivní zdravotní péče (Členové)"
2925,"PhDr. Radka Wilhelmová, Ph.D.",1,"Členové","Unie porodních asistentek","Akreditační komise pro nelékařská povolání dle § 47 zákona č. 96/2004 Sb. (Členové)"
2926,"PhDr. Petr Winkler, Ph.D.",1,"Členové","","Meziresortní koordinační skupina pro dětské duševní zdraví (Členové)"
2940,"Mgr. Zuzana Zajarošová",1,"Členové","Ministerstvo práce a sociálních věcí","Mezirezortní pracovní skupina k problematice komplexní ochrany před škodami působenými tabákem (MPS KOTA) (Členové)"
2949,"MUDr. Libor Zámečník, Ph.D., FEBU, FECSM",1,"Členové","","Komise pro reprodukční medicínu (Členové)"
2956,"Mgr. Jiří Zatřepálek",1,"Členové","Česká asociace adiktologů","Mezirezortní pracovní skupina k problematice komplexní ochrany před škodami působenými tabákem (MPS KOTA) (Členové)"
3005,"MUDr. Zorjan Jojko",1,"Členové","","Rada poskytovatelů Ministerstva zdravotnictví (Členové)"
3015,"MUDr. Kamila Zvolská",1,"Členové","ČLS JEP","Mezirezortní pracovní skupina k problematice komplexní ochrany před škodami působenými tabákem (MPS KOTA) (Členové)"
3016,"MUDr. Miroslav Zvolsky",1,"Členové","bez hlasovacího práva","Pracovní skupina k seznamu zdravotních výkonů s bodovými hodnotami (Členové)"
3048,"JUDr. Viktor Hodek",1,"Členové","","Rozkladová komise ministra zdravotnictví (Členové)"
3086,"MUDr. Alena Šteflová, Ph.D., MPH",1,"Členové","Svaz zdravotních pojišťoven ČR","Komise pro přípravu programu screeningu aneurysmatu abdominální aorty (Členové)"
3098,"MUDr. Libor Seneta",1,"Členové","AZZS ČR","Pracovní skupina pro metodické řízení poskytovatelů zdravotnických záchranných služeb (Členové)"
3100,"MUDr. Jan Kolář",1,"Členové","","Pracovní skupina k seznamu zdravotních výkonů s bodovými hodnotami (Členové)"
3102,"Mgr. Ivana Koudelková",1,"Členové","","Pracovní skupina k seznamu zdravotních výkonů s bodovými hodnotami (Členové)"
3104,"Jan Matera",1,"Členové","","Resortní koordinační skupina Ministerstva zdravotnictví ČR pro Evropskou unii (Členové)"
3107,"doc. MUDr. Štěpán Suchánek, Ph.D.",1,"Předseda","Společnost pro gastrointestinální onkologii ČLS JEP","Komise pro program screeningu kolorektálního karcinomu (Předseda)"
3108,"prof. MUDr. Jaroslava Dušková, CSc., F.I.A.C",1,"Členové","Společnost českých patologů ČLS JEP","Komise pro program screeningu karcinomu děložního hrdla (Členové)"
3116,"MUDr. Petr Chudomel, MBA",1,"Členové","Statutární zástupce poskytovatele zdravotních služeb (AČMN a ASPZS)","Komise pro posuzování rozmístění přístrojových zdravotnických prostředků a kapacit hrazených z veřejného zdravotního pojištění (Členové)"
3125,"MUDr. David Rumpík, Ph.D.",1,"Členové","","Komise pro reprodukční medicínu (Členové)"
3127,"doc. MUDr. Vít Unzeitig, CSc.",1,"Členové","","Komise pro reprodukční medicínu (Členové)"
3128,"Mgr. Martin Pohl",1,"Členové","","Komise pro reprodukční medicínu (Členové)"
3130,"RNDr. Tomáš Kučera, CSc.",1,"Členové","","Komise pro reprodukční medicínu (Členové)"
3162,"doc. Damián Němec, dr.",1,"Členové","","Rada pro duchovní péči ve zdravotnictví (Členové)"
3163,"prof. PharmDr. Martin Doležal, Ph.D.",1,"Členové","","Vědecká rada Ministerstva zdravotnictví (Členové)"
3164,"Ing. Marcela Kubicová",1,"Členové","","Pracovní skupina Ministerstva zdravotnictví pro koordinaci spolupráce s OECD (Členové)"
3165,"Mgr. et Mgr. Roman Odložilík, MPA",1,"Členové","","Resortní koordinační skupina Ministerstva zdravotnictví ČR pro Evropskou unii (Členové)"
3175,"Mgr. Kateřina Dimitrovová",1,"Hosté","zástupkyně odboru evropských fondů a investičního rozvoje MZD","Koncepční pracovní skupina pro přípravu budoucího programového období kohezní politiky EU 2028+ (Hosté)"
3177,"MUDr. Jana Vocílková",1,"Členové","zástupce Sdružení ambulantních specialistů ČLS JEP","Pracovní skupina pro koncepční řešení poskytování domácí péče v ČR (Členové)"
3178,"Bc. Hana Pekárková",1,"Členové","zástupce Pracoviště ošetřovatelské péče Hradec Králové, s.r.o.","Pracovní skupina pro koncepční řešení poskytování domácí péče v ČR (Členové)"
3179,"Andrea Turková",1,"Členové","zástupce Pracoviště ošetřovatelské péče Hradec Králové, s.r.o.","Pracovní skupina pro koncepční řešení poskytování domácí péče v ČR (Členové)"
3180,"Mgr. Lucie Brožková",1,"Členové","KDP Sluníčko, zástupce Grémia manažerů agentur domácí péče","Pracovní skupina pro koncepční řešení poskytování domácí péče v ČR (Členové)"
3182,"Alena Makarová",1,"Členové","vrchní sestra VFN, zástupce Asociace nemocnic ČR","Pracovní skupina pro koncepční řešení poskytování domácí péče v ČR (Členové)"
3183,"Lucie Linkeová, BA",1,"Členové","vedoucí odboru nelůžkových služeb zdravotního úseku ČPZP, zástupce Svazu zdravotních pojišťoven","Pracovní skupina pro koncepční řešení poskytování domácí péče v ČR (Členové)"
3185,"Ing. Markéta Bartůňková",1,"Členové","","Řídící rada pro implementaci CZ-DRG do resortu zdravotnictví (Členové)"
3188,"PhDr. Pavel Král, Ph.D.",1,"Členové","","Pracovní skupina k zajištění dostupnosti psychoterapie, psychoterapeutických a psychosociálních intervencí (Členové)"
3199,"Mgr. Michal Pospíšil",1,"Členové","","Pracovní skupina Ministerstva zdravotnictví pro koordinaci spolupráce s OECD (Členové)"
3209,"Mgr. Lenka Smolová",1,"Členové","","Pracovní skupina pro nastavení systémových změn v odbornosti zdravotnický záchranář (Členové)"
3236,"RNDr. Hana Jůzová",1,"Členové","","Lékopisná komise Ministerstva zdravotnictví (Členové)"
3244,"Ing. Zdeněk Zeman",1,"Členové","Ministerstvo průmyslu a obchodu","Komise pro řešení závažných hrozeb pro veřejné zdraví s možnými přeshraničními dopady (Ústřední epidemiologická komise) (Členové)"
3256,"MUDr. Martin Engel",1,"Členové","zástupce Lékařského odborového klubu","Strategická skupina pro personální stabilizaci resortu zdravotnictví (Členové)"
3260,"Mgr. Ondřej Čady",1,"Členové","","Pracovní skupina Ministerstva zdravotnictví pro koordinaci spolupráce s OECD (Členové)"
3264,"prof. MUDr. Robert Jech, Ph.D.",1,"Členové","Česká neurologická společnost ČLS JEP","Pracovní skupina pro koncepci neurorehabilitační péče v ČR (Členové)"
3272,"Ing. Jiří Štěrba",1,"Členové","","Národní transfuzní komise MZ (Členové)"
3285,"Mgr. Jaroslava Nováková",1,"Členové","Česká asociace sester","Akreditační komise pro nelékařská povolání dle § 47 zákona č. 96/2004 Sb. (Členové)"
3290,"MUDr. Vít Lorenc",1,"Členové","ANČM","Pracovní komise pro systémové řešení urgentních příjmů (Členové)"
3291,"MUDr. Martin Polák",1,"Členové","","Pracovní komise pro systémové řešení urgentních příjmů (Členové)"
3292,"MUDr. Jiří Nový",1,"Členové","","Pracovní komise pro systémové řešení urgentních příjmů (Členové)"
3293,"MUDr. Dagmar Märzová",1,"Členové","","Pracovní komise pro systémové řešení urgentních příjmů (Členové)"
3304,"PhDr. David Peřan, Ph.D., FERC",1,"Členové","","Pracovní skupina pro nastavení systémových změn v odbornosti zdravotnický záchranář (Členové)"
3312,"Ing. Šárka Dvořáková",1,"Členové","SVPZP","Komise pro kategorizaci a úhradovou regulaci zdravotnických prostředků (Členové)"
3314,"Václav Antonín",1,"Členové","SČOO - trvalý náhradní člen","Komise pro kategorizaci a úhradovou regulaci zdravotnických prostředků (Členové)"
3315,"Mgr. Jan Zahálka",1,"Členové","SČOO","Komise pro kategorizaci a úhradovou regulaci zdravotnických prostředků (Členové)"
3316,"Ing. Michal Maštalíř",1,"Členové","CzechMed - trvalý náhradní člen","Komise pro kategorizaci a úhradovou regulaci zdravotnických prostředků (Členové)"
3317,"Mgr. Monika Hradecká",1,"Členové","CzechMed","Komise pro kategorizaci a úhradovou regulaci zdravotnických prostředků (Členové)"
3318,"Bc. Vladan Princ",1,"Členové","APZZP","Komise pro kategorizaci a úhradovou regulaci zdravotnických prostředků (Členové)"
3320,"MUDr. Petr Krawczyk",1,"Členové","ČLS JEP","Komise pro kategorizaci a úhradovou regulaci zdravotnických prostředků (Členové)"
3325,"Mgr. Jindřich Lauschmann",1,"Členové","Ministerstvo zdravotnictví","Výbor pro umělou inteligenci ve zdravotnictví (Členové)"
3334,"Mgr. Jaromír Odrobiňák",1,"Členové","","Rada pro duchovní péči ve zdravotnictví (Členové)"
3355,"MUDr. Ivana Čierna - Peterová",1,"Členové","Sekce ambulantních pneumologů ČPFS ČLS JEP","Komise pro program časného záchytu karcinomu plic (Členové)"
3356,"MUDr. Richard Pikner, Ph.D.",1,"Členové","","Národní institut pro zvládání pandemie (Členové)"
3373,"Mgr., Bc. Markéta Heflerová",1,"Členové","","Resortní koordinační skupina Ministerstva zdravotnictví ČR pro Evropskou unii (Členové)"
3375,"JUDr. Václav Janalík, MBA",1,"Členové","","Řídící rada pro implementaci CZ-DRG do resortu zdravotnictví (Členové)"
3377,"RNDr. Tomáš Pavlík, Ph.D.",1,"Členové","","Řídící rada pro implementaci CZ-DRG do resortu zdravotnictví (Členové)"
3378,"Ing. Petr Hrabák, MHA",1,"Členové","","Řídící rada pro implementaci CZ-DRG do resortu zdravotnictví (Členové)"
3380,"Ing. Zdeněk Vitásek, MBA",1,"Členové","","Řídící rada pro implementaci CZ-DRG do resortu zdravotnictví (Členové)"
3382,"MUDr. David Kadaňka",1,"Členové","","Řídící rada pro implementaci CZ-DRG do resortu zdravotnictví (Členové)"
3388,"JUDr. Josef Vedral, Ph.D.",1,"Členové","","Rozkladová komise ministra zdravotnictví (Členové)"
3389,"JUDr. Jan Brož, Ph.D.",1,"Členové","","Rozkladová komise ministra zdravotnictví (Členové)"
3391,"Mgr. Michael Židův",1,"Členové","","Rozkladová komise ministra zdravotnictví (Členové)"
3394,"Mgr. Jana Patková",1,"Členové","zástupce Odboru legislativně-právního","Odborná rada pro ošetřovatelství a řízení implementace a hodnocení úspěšnosti Koncepce ošetřovatelství (Členové)"
3417,"Mgr. Milada Menšíková",1,"Členové","MZD ČR, odbor zdravotní péče","Komise pro přípravu programu časného záchytu poruch štítné žlázy v těhotenství (Členové)"
3422,"MUDr. Anna Mydlilová",1,"Členové","Laktační ligou zapsaný spolek Národním laktačním centrem Fakultní Thomayerovy nemocnice","Komise pro výživu kojenců a malých dětí (Členové)"
3423,"Mgr. Marcela Šrámková",1,"Členové","","Rada pro duchovní péči ve zdravotnictví (Členové)"
3425,"MUDr. Soňa Csemyová",1,"Členové","","Pracovní skupina pro rozvoj a implementaci mezinárodních principů na podporu zdraví do systémů řízení kvality ve zdravotnických zařízeních (Členové)"
3426,"MUDr. Lívia Večeřová, MBA",1,"Členové","","Pracovní skupina pro rozvoj a implementaci mezinárodních principů na podporu zdraví do systémů řízení kvality ve zdravotnických zařízeních (Členové)"
3427,"Mgr. Nina Müllerová",1,"Členové","","Pracovní skupina pro rozvoj a implementaci mezinárodních principů na podporu zdraví do systémů řízení kvality ve zdravotnických zařízeních (Členové)"
3429,"Mgr. Kateřina Pokorná",1,"Členové","","Pracovní skupina pro rozvoj a implementaci mezinárodních principů na podporu zdraví do systémů řízení kvality ve zdravotnických zařízeních (Členové)"
3431,"Mgr. Petra Vytasil Krajíčková, MBA",1,"Členové","zástupce České asociace sester","Pracovní skupina pro koncepční řešení poskytování domácí péče v ČR (Členové)"
3432,"Bc. Jana Šnýdrová",1,"Členové","zástupce Asociace domácí péče ČR","Pracovní skupina pro koncepční řešení poskytování domácí péče v ČR (Členové)"
3436,"Mgr. Jana Pivovarčíková",1,"Členové","Asociace českých a moravských nemocnic","Akreditační komise pro nelékařská povolání dle § 47 zákona č. 96/2004 Sb. (Členové)"
3438,"Bc. Gabriela Klausová, DiS.",1,"Členové","Česká asociace sester - Sekce asistentů ochrany a podpory veřejného zdraví","Akreditační komise pro nelékařská povolání dle § 47 zákona č. 96/2004 Sb. (Členové)"
3439,"Mgr. Veronika Hauerová",1,"Členové","Česká asociace sester - Sekce zdravotních laborantů","Akreditační komise pro nelékařská povolání dle § 47 zákona č. 96/2004 Sb. (Členové)"
3444,"MUDr. Marie Nejedlá",1,"Členové","Státní zdravotní ústav","Mezirezortní pracovní skupina pro snížení škod působených alkoholem - MPS SPA (Členové)"
3445,"Mgr. Martin Neřold, M.A.",1,"Členové","","Mezirezortní pracovní skupina pro snížení škod působených alkoholem - MPS SPA (Členové)"
3447,"Mgr. Petra Hájková",1,"Členové","","Resortní koordinační skupina Ministerstva zdravotnictví ČR pro Evropskou unii (Členové)"
3448,"Mgr. Jan Cibulka",1,"Členové","","Resortní koordinační skupina Ministerstva zdravotnictví ČR pro Evropskou unii (Členové)"
3449,"Ing. Tomáš Kučera",1,"Členové","","Resortní koordinační skupina Ministerstva zdravotnictví ČR pro Evropskou unii (Členové)"
3455,"MUDr. Marian Koranda",1,"Členové","","Pracovní skupina pro návykové nemoci při Ministerstvu zdravotnictví  (PSPNN) (Členové)"
3456,"Ing. Miroslav Pokorný",1,"Členové","","Resortní koordinační skupina Ministerstva zdravotnictví ČR pro Evropskou unii (Členové)"
3458,"Ing. Michael Souček",1,"Členové","","Pracovní skupina pro dobrovolnictví ve zdravotnictví (Členové)"
3461,"MUDr. Anna Kubátová",1,"Místopředseda","","Mezirezortní koordinační pracovní skupina Národního programu HIV/AIDS (Místopředseda)"
3465,"Mgr. Petr Kalla",1,"Členové","","Mezirezortní koordinační pracovní skupina Národního programu HIV/AIDS (Členové)"
3473,"PhDr. Kateřina Bocianová, Ph.D.",1,"Členové","Ministerstvo zahraničních věcí","Mezirezortní pracovní skupina k problematice komplexní ochrany před škodami působenými tabákem (MPS KOTA) (Členové)"
3487,"Ing. Kateřina Talašová",1,"Členové","Úřad vlády ČR","Mezirezortní pracovní skupina k problematice komplexní ochrany před škodami působenými tabákem (MPS KOTA) (Členové)"
3488,"Mgr. Adam Kulhánek",1,"Členové","Společnost pro návykové nemoci ČLS JEP","Mezirezortní pracovní skupina k problematice komplexní ochrany před škodami působenými tabákem (MPS KOTA) (Členové)"
3489,"Mgr. Aneta Dvořáková",1,"Členové","Ministerstvo spravedlnosti","Mezirezortní pracovní skupina k problematice komplexní ochrany před škodami působenými tabákem (MPS KOTA) (Členové)"
3492,"Ing. Dana Večeřová",1,"Hosté","","Mezirezortní pracovní skupina pro snížení škod působených alkoholem - MPS SPA (Hosté)"
3494,"PharmDr. Aleš Mareček",1,"Členové","","Pracovní skupina k seznamu zdravotních výkonů s bodovými hodnotami (Členové)"
3512,"Bc. Lenka Kopecká",1,"Členové","Asociace nemocnic ČR","Akreditační komise pro nelékařská povolání dle § 47 zákona č. 96/2004 Sb. (Členové)"
3515,"Bc. Petra Kamarádová",1,"Členové","Státní zdravotní ústav","Mezirezortní pracovní skupina k problematice komplexní ochrany před škodami působenými tabákem (MPS KOTA) (Členové)"
3520,"Ing. Vladimír Novotný",1,"Členové","Komise RAK ČR pro zdravotnictví","Pracovní skupina pro metodické řízení poskytovatelů zdravotnických záchranných služeb (Členové)"
3522,"MUDr. Pavla Krtilová",1,"Členové","","Národní transfuzní komise MZ (Členové)"
3530,"doc. Mgr. Martina Lengerová, Ph.D.",1,"Členové","","Národní institut pro zvládání pandemie (Členové)"
3532,"Ing. Eduard Ježo",1,"Členové","","Pracovní skupina pro reformu veřejného zdraví v ČR (Členové)"
3544,"Mgr. Lukáš Bouz",1,"Členové","","Pracovní skupina Ministerstva zdravotnictví pro koordinaci spolupráce s OECD (Členové)"
3547,"prof. MUDr. Jan Smetana, Ph.D.",1,"Členové","","Národní institut pro zvládání pandemie (Členové)"
3563,"doc. JUDr. Tomáš Doležal, Ph.D., LL.M.",1,"Členové","Ústav státu a práva AV ČR, Praha","Etická komise Ministerstva zdravotnictví (Členové)"
3564,"prof. RNDr. Renata Veselská, Ph.D., M.Sc.",1,"Členové","Masarykova univerzita Brno","Etická komise Ministerstva zdravotnictví (Členové)"
3566,"PhDr. David Černý, Ph.D.",1,"Členové","Ústav státu a práva AV ČR, Praha","Etická komise Ministerstva zdravotnictví (Členové)"
3568,"MUDr. Boris Šťastný",1,"Členové","","Pracovní skupina pro obezitu a diabetes v rámci Národního programu prevence a léčby obezity České republiky (Členové)"
3583,"Mgr. Daniel Krejcar, MBA",1,"Místopředseda","","Pracovní skupina k zajištění dostupnosti psychoterapie, psychoterapeutických a psychosociálních intervencí (Místopředseda)"
3591,"Prof. RNDr. Dagmar Dzúrová, CSc.",1,"Členové","","Rada Národního centra pro medicínské nomenklatury a klasifikace (Členové)"
3603,"MUDr. Jan Vodička",1,"Členové","","Komise pro reprodukční medicínu (Členové)"
3604,"MUDr. Štěpán Machač, Ph.D.",1,"Místopředseda","","Komise pro reprodukční medicínu (Místopředseda)"
3608,"MUDr. Jiří Mašek",1,"Členové","","Řídící rada Národního screeningového centra (Členové)"
3611,"RNDr. Helena Jiřincová",1,"Členové","","Národní institut pro zvládání pandemie (Členové)"
3615,"MUDr. Tomáš Havelka",1,"Členové","","Pracovní skupina pro dětskou a dorostovou psychiatrii (Členové)"
3617,"Marie Hájek Salomonová, MSci.",1,"Členové","","Pracovní skupina pro dětskou a dorostovou psychiatrii (Členové)"
3618,"Alena Müllerová",1,"Členové","","Pracovní skupina pro dětskou a dorostovou psychiatrii (Členové)"
3635,"PhDr. Ivana Mádlová",1,"Členové","zástupce Výboru pro zdravotnictví PS Parlamentu ČR","Odborná rada pro ošetřovatelství a řízení implementace a hodnocení úspěšnosti Koncepce ošetřovatelství (Členové)"
3642,"Ing. Pavel Dvořák",1,"Členové","","Pracovní skupina pro lékařské ozáření (Členové)"
3677,"JUDr. Pavel Šulda",1,"Členové","","Rozkladová komise ministra zdravotnictví (Členové)"
3685,"Ing. Zdeněk Kabátek",1,"Členové","VZP ČR","Národní rada elektronického zdravotnictví (Členové)"
3688,"MUDr. Miroslav Zvolský",1,"Členové","","Pracovní skupina pro dobrovolnictví ve zdravotnictví (Členové)"
3689,"doc. MUDr. Jiří Klempíř, Ph.D.",1,"Členové","ERN-RND, VFN","Mezioborová komise pro vzácná onemocnění (Členové)"
3691,"MUDr. Jiří Bonaventura, Ph.D.",1,"Členové","ERN GUARD-Heart, FN Motol","Mezioborová komise pro vzácná onemocnění (Členové)"
3692,"doc. MUDr. Petra Lišková, Ph.D.",1,"Členové","ERN EYE, VFN","Mezioborová komise pro vzácná onemocnění (Členové)"
3693,"doc. MUDr. Ondřej Souček, Ph.D.",1,"Členové","ERN BOND, FN Motol","Mezioborová komise pro vzácná onemocnění (Členové)"
3694,"doc. MUDr. Jakub Zieg, Ph.D.",1,"Členové","ERKNet, FN Motol","Mezioborová komise pro vzácná onemocnění (Členové)"
3697,"MUDr. Iva Burianová",1,"Členové","Česká neonatologická společnost ČLS JEP","Komise pro novorozenecký laboratorní screening (Členové)"
3698,"Ing. Karolína Pešková",1,"Místopředseda","Všeobecná fakultní nemocnice Praha - Klinika pediatrie a dědičných poruch metabolismu","Komise pro novorozenecký laboratorní screening (Místopředseda)"
3705,"Mgr. Magdaléna Baštecká",1,"Členové","","Meziresortní pracovní komise pro přípravu a koordinaci zavedení MKN-11 v ČR (Členové)"
3706,"MUDr. Ludmila Šulcová Hejnalová, MBA, LL.M.",1,"Členové","","Meziresortní pracovní komise pro přípravu a koordinaci zavedení MKN-11 v ČR (Členové)"
3707,"MUDr. Michal Sojka",1,"Členové","","Meziresortní pracovní komise pro přípravu a koordinaci zavedení MKN-11 v ČR (Členové)"
3708,"MUDr. Martin Pretl, Ph.D.",1,"Členové","","Meziresortní pracovní komise pro přípravu a koordinaci zavedení MKN-11 v ČR (Členové)"
3709,"Plk. gšt. MUDr. Richard Kraus",1,"Členové","","Meziresortní pracovní komise pro přípravu a koordinaci zavedení MKN-11 v ČR (Členové)"
3710,"Bc. Kamil Doležel",1,"Členové","","Rada poskytovatelů Ministerstva zdravotnictví (Členové)"
3723,"Petra Pařízková",1,"Členové","Česká společnost porodních asistentek","Komise pro výživu kojenců a malých dětí (Členové)"
3727,"MUDr. Jana Kulhánková",1,"Členové","Sdružení praktických lékařů pro děti a dorost, z. s.","Komise pro výživu kojenců a malých dětí (Členové)"
3730,"MUDr. Petra Uhlíková",1,"Členové","","Pracovní skupina pro dětskou a dorostovou psychiatrii (Členové)"
3731,"MUDr. Petra Tomášková",1,"Členové","","Pracovní skupina pro dětskou a dorostovou psychiatrii (Členové)"
3732,"MUDr. Jan Uhlíř",1,"Členové","","Pracovní skupina pro dětskou a dorostovou psychiatrii (Členové)"
3734,"MUDr. František Matuška",1,"Členové","","Pracovní skupina k zajištění dostupnosti psychoterapie, psychoterapeutických a psychosociálních intervencí (Členové)"
3735,"Mgr. Karel Kolitsch",1,"Členové","","Pracovní skupina k zajištění dostupnosti psychoterapie, psychoterapeutických a psychosociálních intervencí (Členové)"
3737,"Markéta Vítková",1,"Členové","","Pracovní skupina k zajištění dostupnosti psychoterapie, psychoterapeutických a psychosociálních intervencí (Členové)"
3738,"PaedDr. Michal Černý",1,"Členové","","Meziresortní koordinační skupina pro dětské duševní zdraví (Členové)"
3739,"Mgr. Ivo Jupa",1,"Členové","","Meziresortní koordinační skupina pro dětské duševní zdraví (Členové)"
3740,"Mgr. Jaromír Beran",1,"Členové","","Meziresortní koordinační skupina pro dětské duševní zdraví (Členové)"
3741,"JUDr. Michal Barbořík",1,"Členové","","Meziresortní koordinační skupina pro dětské duševní zdraví (Členové)"
3744,"JUDr. Jiří Berkovec",1,"Tajemník","","Pracovní skupina k rovným příležitostem pro ženy a muže (Tajemník)"
3745,"Mgr. Adéla Heryánová",1,"Členové","","Pracovní skupina k rovným příležitostem pro ženy a muže (Členové)"
3747,"Mgr. Matěj Čermák",1,"Členové","","Pracovní skupina k rovným příležitostem pro ženy a muže (Členové)"
3756,"Mgr. Martina Brzková",1,"Tajemník","Ministerstvo zdravotnictví","Mezioborová komise pro vzácná onemocnění (Tajemník)"
3765,"RNDr. Jiří Jarkovský, Ph.D.",1,"Členové","","Národní institut pro zvládání pandemie (Členové)"
3770,"RNDr. Lenka Přibylová, Ph.D.",1,"Členové","","Národní institut pro zvládání pandemie (Členové)"
3772,"RNDr. Martin Šmíd, Ph.D.",1,"Členové","","Národní institut pro zvládání pandemie (Členové)"
3775,"prof. MUDr. Jiří Beneš, CSc.",1,"Členové","","Vědecká rada Ministerstva zdravotnictví (Členové)"
3776,"MUDr. Pavel Dlouhý",1,"Členové","","Národní institut pro zvládání pandemie (Členové)"
3780,"Mgr. Tomáš Machalík, Ph.D.",1,"Členové","","Meziresortní koordinační skupina pro dětské duševní zdraví (Členové)"
3782,"Mgr. Jan Mušuta",1,"Členové","","Meziresortní koordinační skupina pro dětské duševní zdraví (Členové)"
3783,"Ing. Marek Mikulka",1,"Členové","SVPZP - trvalý náhradní člen","Komise pro kategorizaci a úhradovou regulaci zdravotnických prostředků (Členové)"
3789,"PhDr. Miloš Novák",1,"Členové","","Pracovní skupina pro koncepční řešení oblasti zdravotních služeb a činností provozovaných dle živnostenského zákona (Členové)"
3790,"Ing. Martin Tulis",1,"Členové","","Pracovní skupina pro koncepční řešení oblasti zdravotních služeb a činností provozovaných dle živnostenského zákona (Členové)"
3794,"Mgr. Hana Horáková, Ph.D.",1,"Členové","","Mezioborová a meziresortní pracovní skupina pro koncepční řešení problematiky Alzheimerovy nemoci a obdobných onemocnění (PS PAN) (Členové)"
3795,"doc. MUDr. Robert Rusina, Ph.D.",1,"Členové","","Mezioborová a meziresortní pracovní skupina pro koncepční řešení problematiky Alzheimerovy nemoci a obdobných onemocnění (PS PAN) (Členové)"
3798,"Mgr. Matěj Kučera",1,"Členové","","Mezioborová a meziresortní pracovní skupina pro koncepční řešení problematiky Alzheimerovy nemoci a obdobných onemocnění (PS PAN) (Členové)"
3799,"doc. Ing. PhDr. Petr Marešová, Ph.D.",1,"Členové","","Mezioborová a meziresortní pracovní skupina pro koncepční řešení problematiky Alzheimerovy nemoci a obdobných onemocnění (PS PAN) (Členové)"
3802,"Mgr. Barbora Brozová Rittichová",1,"Členové","","Mezioborová a meziresortní pracovní skupina pro koncepční řešení problematiky Alzheimerovy nemoci a obdobných onemocnění (PS PAN) (Členové)"
3806,"Věra Ryšavá",1,"Členové","","Mezioborová a meziresortní pracovní skupina pro koncepční řešení problematiky Alzheimerovy nemoci a obdobných onemocnění (PS PAN) (Členové)"
3808,"PhDr. Zuzana Žáčková",1,"Členové","","Mezioborová a meziresortní pracovní skupina pro koncepční řešení problematiky Alzheimerovy nemoci a obdobných onemocnění (PS PAN) (Členové)"
3812,"Mgr. Jana Heřmanová",1,"Členové","zástupce Asociace zdravotnických škol","Odborná rada pro ošetřovatelství a řízení implementace a hodnocení úspěšnosti Koncepce ošetřovatelství (Členové)"
3813,"MUDr. Karel Dvorník",1,"Členové","","Pracovní skupina k seznamu zdravotních výkonů s bodovými hodnotami (Členové)"
3821,"Mgr. Jana Urbanová, DiS.",1,"Tajemník","","Poradní sbor hygieny práce a pracovního lékařství náměstkyně pro ochranu a podporu veřejného zdraví MZ ČR a hlavní hygieničky České republiky (Tajemník)"
3823,"Ing. Pavel Hlaváč",1,"Členové","","Poradní sbor hygieny práce a pracovního lékařství náměstkyně pro ochranu a podporu veřejného zdraví MZ ČR a hlavní hygieničky České republiky (Členové)"
3824,"doc. MUDr. Marie Nakládalová, Ph.D.",1,"Členové","","Poradní sbor hygieny práce a pracovního lékařství náměstkyně pro ochranu a podporu veřejného zdraví MZ ČR a hlavní hygieničky České republiky (Členové)"
3825,"JUDr. Bořivoj Šubrt",1,"Členové","","Poradní sbor hygieny práce a pracovního lékařství náměstkyně pro ochranu a podporu veřejného zdraví MZ ČR a hlavní hygieničky České republiky (Členové)"
3826,"Ing. Robert Czékus",1,"Předseda","","Poradní skupina ekonomů lůžkové péče (Předseda)"
3827,"Ing. Jiří Čihař",1,"Místopředseda","","Poradní skupina ekonomů lůžkové péče (Místopředseda)"
3829,"Ing. Viktor Wendler",1,"Členové","","Poradní skupina ekonomů lůžkové péče (Členové)"
3830,"Ing. Martin Knápek",1,"Členové","","Poradní skupina ekonomů lůžkové péče (Členové)"
3831,"Ing. Jitka Hiršová",1,"Členové","","Poradní skupina ekonomů lůžkové péče (Členové)"
3832,"Ing. Jan Hodač",1,"Členové","","Pracovní skupina Ministerstva zdravotnictví pro koordinaci spolupráce s OECD (Členové)"
3834,"Bc. Ludmila Kučerová",1,"Členové","","Rada poskytovatelů Ministerstva zdravotnictví (Členové)"
3837,"Mgr. Jana Povolná",1,"Členové","","Pracovní skupina pro lékařské ozáření (Členové)"
3843,"PhDr. Mgr. Hana Kubešová",1,"Členové","","Pracovní skupina pro rozvoj a implementaci mezinárodních principů na podporu zdraví do systémů řízení kvality ve zdravotnických zařízeních (Členové)"
3844,"MUDr. Martin Vejražka, Ph.D.",1,"Členové","","Rada Národního centra pro medicínské nomenklatury a klasifikace (Členové)"
3845,"Ing. Gleb Donin, Ph.D.",1,"Členové","","Rada Národního centra pro medicínské nomenklatury a klasifikace (Členové)"
3846,"RNDr. Vladislav Jakubů, Ph.D.",1,"Členové","","Centrální koordinační skupina Národního antibiotického programu (Členové)"
3847,"MUDr. Jan Kubele",1,"Členové","","Centrální koordinační skupina Národního antibiotického programu (Členové)"
3848,"Mgr. Lucie Pokludová",1,"Členové","","Centrální koordinační skupina Národního antibiotického programu (Členové)"
3849,"Ing. Taťjana Kolesniková",1,"Členové","","Centrální koordinační skupina Národního antibiotického programu (Členové)"
3850,"MUDr. Tomáš Srb",1,"Členové","","Centrální koordinační skupina Národního antibiotického programu (Členové)"
3851,"PharmDr. Georg Michálek",1,"Členové","","Centrální koordinační skupina Národního antibiotického programu (Členové)"
3852,"PharmDr. Helena Simonová, Ph.D.",1,"Členové","","Centrální koordinační skupina Národního antibiotického programu (Členové)"
3855,"PharmDr. Irena Murínová",1,"Členové","","Centrální koordinační skupina Národního antibiotického programu (Členové)"
3856,"MUDr. Michal Prokeš",1,"Členové","","Centrální koordinační skupina Národního antibiotického programu (Členové)"
3860,"Ing. Denisa Ciprová",1,"Členové","VZP ČR","Komise pro kategorizaci a úhradovou regulaci zdravotnických prostředků (Členové)"
3861,"PaedDr. Jana Kaufmanová",1,"Členové","VZP ČR","Komise pro kategorizaci a úhradovou regulaci zdravotnických prostředků (Členové)"
3865,"MUDr. Irena Maříková, Ph.D., MBA",1,"Členové","ředitelka, IPVZ Praha","Etická komise Ministerstva zdravotnictví (Členové)"
3866,"doc. MUDr. Jan Šperl, CSc.",1,"Členové","ERN RARE-LIVER, IKEM","Mezioborová komise pro vzácná onemocnění (Členové)"
3867,"doc. MUDr. Lenka Foretová, Ph.D.",1,"Členové","ERN GENTURIS, Masarykův onkologický ústav","Mezioborová komise pro vzácná onemocnění (Členové)"
3868,"MUDr. Věra Pellantová, Ph.D.",1,"Členové","","Národní imunizační komise (NIKO) (Členové)"
3869,"Ing. Kateřina Humpová",1,"Členové","","Pracovní skupina pro koncepční řešení oblasti zdravotních služeb a činností provozovaných dle živnostenského zákona (Členové)"
3871,"Mgr. Karolína Peštová",1,"Členové","SÚKL","Komise pro kategorizaci a úhradovou regulaci zdravotnických prostředků (Členové)"
3872,"Ing. Miloslav Franta",1,"Členové","SÚKL - trvalý náhradní člen","Komise pro kategorizaci a úhradovou regulaci zdravotnických prostředků (Členové)"
3874,"MUDr. Jan Král, Ph.D., MBA",1,"Členové","Spolek ambulantních gastroenterologů","Komise pro program screeningu kolorektálního karcinomu (Členové)"
3875,"MUDr. Kateřina Kamarádová, Ph.D.",1,"Členové","Společnost českých patologů ČLS JEP","Komise pro program screeningu kolorektálního karcinomu (Členové)"
3877,"MUDr. Radovan Turyna, Ph.D.",1,"Členové","Sekce kolposkopie a cervikální patologie ČGPS ČLS JEP","Komise pro program screeningu karcinomu děložního hrdla (Členové)"
3878,"MUDr. Tomáš Malík",1,"Členové","Sdružení soukromých gynekologů ČR","Komise pro program screeningu karcinomu děložního hrdla (Členové)"
3879,"MUDr. Aleš Kotouš",1,"Členové","Společnost klinické cytologie ČLS JEP","Komise pro program screeningu karcinomu děložního hrdla (Členové)"
3881,"MUDr. Josef Bárta",1,"Členové","Česká radiologická společnost ČLS JEP","Komise pro program screeningu karcinomu prsu (Členové)"
3882,"MUDr. Lucia Veverková, Ph.D.",1,"Členové","Komise odborníků pro mamární diagnostiku ČRS ČLS JEP","Komise pro program screeningu karcinomu prsu (Členové)"
3883,"MUDr. Vojtěch Suchánek",1,"Členové","Česká radiologická společnost ČLS JEP","Komise pro program časného záchytu karcinomu plic (Členové)"
3884,"prof. MUDr. Robert Lischke, Ph.D.",1,"Členové","Česká chirurgická společnost ČLS JEP","Komise pro program časného záchytu karcinomu plic (Členové)"
3887,"doc. MUDr. Petr Utíkal, Ph.D.",1,"Členové","Česká společnost kardiovaskulární chirurgie, ČLS JEP","Komise pro přípravu programu screeningu aneurysmatu abdominální aorty (Členové)"
3888,"MUDr. Theodor Adla",1,"Členové","Česká radiologická společnost ČLS JEP","Komise pro přípravu programu screeningu aneurysmatu abdominální aorty (Členové)"
3890,"MUDr. Richard Stejskal",1,"Členové","Sdružení ambulantních endokrinologů ČR","Komise pro přípravu programu časného záchytu poruch štítné žlázy v těhotenství (Členové)"
3892,"Mgr. Kateřina Bělohlávková",1,"Členové","","Pracovní skupina k problematice péče o pacienty s nařízeným ochranným léčením (Členové)"
3893,"Mgr. Michaela Borovanská",1,"Členové","","Pracovní skupina k problematice péče o pacienty s nařízeným ochranným léčením (Členové)"
3894,"Mgr. Taťána Skalická",1,"Členové","","Pracovní skupina k problematice péče o pacienty s nařízeným ochranným léčením (Členové)"
3895,"Mgr. Kamila Špejrová",1,"Členové","","Pracovní skupina k problematice péče o pacienty s nařízeným ochranným léčením (Členové)"
3896,"Mgr. Petr Fassati",1,"Členové","","Pracovní skupina k problematice péče o pacienty s nařízeným ochranným léčením (Členové)"
3897,"JUDr. Petr Zeman, Ph.D.",1,"Členové","","Pracovní skupina k problematice péče o pacienty s nařízeným ochranným léčením (Členové)"
3898,"MUDr. Růžena Hajnová",1,"Členové","","Pracovní skupina k problematice péče o pacienty s nařízeným ochranným léčením (Členové)"
3900,"Mgr. Matěj Stříteský, Ph.D., MBA",1,"Členové","","Pracovní skupina k problematice péče o pacienty s nařízeným ochranným léčením (Členové)"
3902,"prim. MUDr. Adéla Stoklasová",1,"Členové","","Pracovní skupina k problematice péče o pacienty s nařízeným ochranným léčením (Členové)"
3903,"Mgr. Samuel Jezný",1,"Členové","zástupce MŠMT - za vysoké školství","Odborná rada pro ošetřovatelství a řízení implementace a hodnocení úspěšnosti Koncepce ošetřovatelství (Členové)"
3905,"prim. MUDr. Antonín Šípek Jr., Ph.D.",1,"Členové","Společnost lékařské genetiky a genomiky ČLS JEP","Komise pro novorozenecký laboratorní screening (Členové)"
3907,"MUDr. Jan Nový",1,"Členové","","Pracovní skupina pro reformu primární péče (Členové)"
3911,"Bc. Veronika Hažlinská",1,"Členové","Unie porodních asistentek, z.s.","Komise pro výživu kojenců a malých dětí (Členové)"
3912,"Ing. Klečková Jana",1,"Členové","VVD MZ","Pracovní skupina pro koncepční řešení rozvoje geriatrické péče v České republice (Členové)"
3913,"Mgr. Václav Pláteník, MA, LL.M.",1,"Členové","náměstek ministra zdravotnictví","Pracovní skupina pro koncepční řešení rozvoje geriatrické péče v České republice (Členové)"
3914,"Mgr. Tereza Vránová",1,"Členové","EFI MZ","Pracovní skupina pro koncepční řešení rozvoje geriatrické péče v České republice (Členové)"
3916,"MUDr. Zuzana Šnajdrová",1,"Členové","člen výboru České gerontologické a geriatrické společnosti ČLS JEP","Pracovní skupina pro koncepční řešení rozvoje geriatrické péče v České republice (Členové)"
3917,"MUDr. Markéta Dostálová",1,"Členové","VZP ČR","Pracovní skupina pro koncepční řešení rozvoje geriatrické péče v České republice (Členové)"
3918,"Ing. Martin Vilímek",1,"Členové","","Poradní skupina ekonomů lůžkové péče (Členové)"
3919,"Mgr. Jakub Dvořáček, MHA, LL.M.",1,"Předseda","","Pracovní skupina pro bakteriofágovou terapii (Předseda)"
3925,"Drahoslava Kolací",1,"Členové","Sdružení pro rehabilitaci osob po cévních mozkových příhodách, z. s.","Pracovní skupina pro koncepci neurorehabilitační péče v ČR (Členové)"
3927,"Ing. Jiřina Landová",1,"Členové","Unie ROSKA z.s (https://www.roska.eu/)","Pacientská rada ministra zdravotnictví (Členové)"
3930,"Mgr. Luboš Zajíc",1,"Členové","Sjednocená organizace nevidomých a slabozrakých ČR, z. s. (https://www.sons.cz/)","Pacientská rada ministra zdravotnictví (Členové)"
3931,"Mgr. Jana Romanová",1,"Členové","Česká asociace sester","Komise pro výživu kojenců a malých dětí (Členové)"
3932,"Mgr. Andrea Poloková",1,"Členové","Mamila, o. z.","Komise pro výživu kojenců a malých dětí (Členové)"
3933,"Michaela Topinková",1,"Členové","Přirozené kojení","Komise pro výživu kojenců a malých dětí (Členové)"
3934,"Ing. Andrea Kredbová",1,"Členové","SpoKojení, z. s.","Komise pro výživu kojenců a malých dětí (Členové)"
3937,"Mgr. Lucie Hradecká",1,"Členové","Úřad vlády ČR","Komise pro výživu kojenců a malých dětí (Členové)"
3938,"RNDr. Jitka Jírová",1,"Členové","ÚZIS ČR","Komise pro výživu kojenců a malých dětí (Členové)"
3944,"Mgr. BcA. Kristýna Hrdličková",1,"Členové","NUDZ","Komise pro výživu kojenců a malých dětí (Členové)"
3946,"Mgr. Karolína Kroufková, Ph.D.",1,"Členové","","Mezioborová a meziresortní pracovní skupina pro koncepční řešení problematiky Alzheimerovy nemoci a obdobných onemocnění (PS PAN) (Členové)"
3947,"prim. MUDr. René Hrdlička, Ph.D.",1,"Členové","","Pracovní skupina pro koncepční řešení pediatrické péče (Členové)"
3948,"MUDr. Martina Kašparová",1,"Členové","","Pracovní skupina pro koncepční řešení pediatrické péče (Členové)"
3949,"MUDr. Šárka Fingerhutová",1,"Členové","","Pracovní skupina pro koncepční řešení pediatrické péče (Členové)"
3951,"Petr Bannert",1,"Členové","zástupce Ministerstva školství, mládeže a tělovýchovy","Strategická skupina pro personální stabilizaci resortu zdravotnictví (Členové)"
3963,"Mgr. Bc. Martina Běťáková",1,"Členové","Ministerstvo školství, mládeže a tělovýchovy","Meziresortní pracovní skupina pro problematiku institucionálního stravování (Členové)"
3964,"Mgr. Monika Dobrovodská",1,"Členové","Ministerstvo pro místní rozvoj","Meziresortní pracovní skupina pro problematiku institucionálního stravování (Členové)"
3965,"Ing. Jitka Götzová",1,"Členové","Ministerstvo zemědělství","Meziresortní pracovní skupina pro problematiku institucionálního stravování (Členové)"
3966,"Mgr. Alexandra Košťálová",1,"Členové","garantka odborné skupiny pro školní stravování, Státní zdravotní ústav","Meziresortní pracovní skupina pro problematiku institucionálního stravování (Členové)"
3969,"Mgr. Jan Mareš, MBA",1,"Členové","Ministerstvo školství, mládeže a tělovýchovy","Meziresortní pracovní skupina pro problematiku institucionálního stravování (Členové)"
3970,"Ing. Petra Martínková",1,"Členové","Asociace krajů ČR","Meziresortní pracovní skupina pro problematiku institucionálního stravování (Členové)"
3972,"Bc. Markéta Rydvalová",1,"Členové","Svaz měst a obcí ČR","Meziresortní pracovní skupina pro problematiku institucionálního stravování (Členové)"
3974,"brig. gen. Ing Petr Ošlejšek, Ph.D.",1,"Členové","Generální ředitelství HZS ČR","Komise pro řešení závažných hrozeb pro veřejné zdraví s možnými přeshraničními dopady (Ústřední epidemiologická komise) (Členové)"
3976,"Ing. Eliška Urbancová",1,"Členové","Ministerstvo zdravotnictví","Komise pro řešení závažných hrozeb pro veřejné zdraví s možnými přeshraničními dopady (Ústřední epidemiologická komise) (Členové)"
3978,"Ing. Pavel Švagr, CSc.",1,"Členové","Správa státních hmotných rezerv","Komise pro řešení závažných hrozeb pro veřejné zdraví s možnými přeshraničními dopady (Ústřední epidemiologická komise) (Členové)"
3979,"Ing. Miloslav Novák",1,"Členové","Správa státních hmotných rezerv","Komise pro řešení závažných hrozeb pro veřejné zdraví s možnými přeshraničními dopady (Ústřední epidemiologická komise) (Členové)"
3980,"Ing. Helena Doktorová",1,"Členové","Ministerstvo financí","Komise pro řešení závažných hrozeb pro veřejné zdraví s možnými přeshraničními dopady (Ústřední epidemiologická komise) (Členové)"
3981,"plk. MUDr. Zuzana Dvořáková",1,"Členové","Ministerstvo obrany","Komise pro řešení závažných hrozeb pro veřejné zdraví s možnými přeshraničními dopady (Ústřední epidemiologická komise) (Členové)"
3982,"Mgr. Karel Mikuláš",1,"Členové","Ministerstvo spravedlnosti","Komise pro řešení závažných hrozeb pro veřejné zdraví s možnými přeshraničními dopady (Ústřední epidemiologická komise) (Členové)"
3983,"Ing. Ladislav Němec",1,"Členové","Ministerstvo dopravy","Komise pro řešení závažných hrozeb pro veřejné zdraví s možnými přeshraničními dopady (Ústřední epidemiologická komise) (Členové)"
3984,"Ing. Milan Ekert",1,"Členové","Ministerstvo zahraničních věcí","Komise pro řešení závažných hrozeb pro veřejné zdraví s možnými přeshraničními dopady (Ústřední epidemiologická komise) (Členové)"
3987,"Mgr. Milan Němeček, Ph.D.",1,"Členové","Ministerstvo kultury","Komise pro řešení závažných hrozeb pro veřejné zdraví s možnými přeshraničními dopady (Ústřední epidemiologická komise) (Členové)"
3988,"Ing. Petr Kutálek",1,"Členové","Ministerstvo zemědělství","Komise pro řešení závažných hrozeb pro veřejné zdraví s možnými přeshraničními dopady (Ústřední epidemiologická komise) (Členové)"
3989,"Ing. Bc. Pavel Tuček",1,"Členové","Asociace krajů ČR","Komise pro řešení závažných hrozeb pro veřejné zdraví s možnými přeshraničními dopady (Ústřední epidemiologická komise) (Členové)"
3990,"plk. PhDr. Jaromír Bischof",1,"Členové","Policejní prezidium ČR","Komise pro řešení závažných hrozeb pro veřejné zdraví s možnými přeshraničními dopady (Ústřední epidemiologická komise) (Členové)"
3991,"Mgr. Jiří Toman",1,"Členové","Ministerstvo vnitra","Komise pro řešení závažných hrozeb pro veřejné zdraví s možnými přeshraničními dopady (Ústřední epidemiologická komise) (Členové)"
3992,"ThLic. Tomáš Kotrlý, Th.D.",1,"Členové","Ministerstvo pro místní rozvoj","Komise pro řešení závažných hrozeb pro veřejné zdraví s možnými přeshraničními dopady (Ústřední epidemiologická komise) (Členové)"
3993,"doc. MUDr. Ilja Tachecí, Ph.D.",1,"Členové","Česká gastroenterologická společnost ČLS JEP","Komise pro podporu diagnostiky a léčby rakoviny slinivky břišní (Členové)"
3994,"prof. MUDr. Stanislav Rejchrt, Ph.D.",1,"Členové","Česká gastroenterologická společnost ČLS JEP","Komise pro program screeningu kolorektálního karcinomu (Členové)"
3995,"Mgr. Jan Kubů",1,"Členové","","Poradní skupina ekonomů lůžkové péče (Členové)"
3997,"Ing. Vojtěch Žabka",1,"Členové","","Pracovní skupina pro dobrovolnictví ve zdravotnictví (Členové)"
3998,"Mgr. Libuše Martináková, MBA",1,"Členové","","Pracovní skupina pro dobrovolnictví ve zdravotnictví (Členové)"
3999,"Mgr. Dana Vaňková",1,"Členové","","Pracovní skupina pro dobrovolnictví ve zdravotnictví (Členové)"
4000,"Mgr. Edita Klavíková, MBA",1,"Členové","","Pracovní skupina pro dobrovolnictví ve zdravotnictví (Členové)"
4001,"Mgr. et Mgr. Oldřich Hošek",1,"Členové","","Pracovní skupina pro dobrovolnictví ve zdravotnictví (Členové)"
4002,"JUDr. Adam Furek",1,"Členové","","Rozkladová komise ministra zdravotnictví (Členové)"
4003,"JUDr. Jan Kněžínek, Ph.D.",1,"Členové","","Rozkladová komise ministra zdravotnictví (Členové)"
4005,"JUDr. Aleš Mácha, Ph.D.",1,"Členové","","Rozkladová komise ministra zdravotnictví (Členové)"
4007,"Mgr. et Mgr. Marie Kotrlá",1,"Členové","","Rozkladová komise ministra zdravotnictví (Členové)"
4012,"MUDr. Lenka Petroušová, Ph.D.",1,"Členové","","Národní institut pro zvládání pandemie (Členové)"
4014,"MUDr. František Ulman",1,"Členové","","Národní institut pro zvládání pandemie (Členové)"
4016,"Iva Vystrčilová",1,"Členové","","Meziresortní pracovní skupina pro rozvoj pohybových aktivit (Členové)"
4017,"Mgr. Karolína Vašendová",1,"Členové","","Meziresortní pracovní skupina pro rozvoj pohybových aktivit (Členové)"
4019,"Ing. Bc. Simona Marešová",1,"Členové","","Meziresortní pracovní skupina pro rozvoj pohybových aktivit (Členové)"
4020,"Mgr. Petr Sobotovič",1,"Členové","","Meziresortní pracovní skupina pro rozvoj pohybových aktivit (Členové)"
4021,"PhDr. Pavla Kortusová",1,"Členové","","Meziresortní pracovní skupina pro rozvoj pohybových aktivit (Členové)"
4023,"Mgr. Jakub Rychtecký",1,"Členové","","Meziresortní pracovní skupina pro rozvoj pohybových aktivit (Členové)"
4024,"RNDr. Aleš Jakubec, Ph.D.",1,"Členové","","Meziresortní pracovní skupina pro rozvoj pohybových aktivit (Členové)"
4026,"Ing. Dušan Macháček",1,"Členové","","Meziresortní pracovní skupina pro rozvoj pohybových aktivit (Členové)"
4027,"PaedDr. Ladislav Malý",1,"Členové","","Meziresortní pracovní skupina pro rozvoj pohybových aktivit (Členové)"
4029,"Mgr. Kateřina Valachová, Ph.D.",1,"Členové","","Meziresortní pracovní skupina pro rozvoj pohybových aktivit (Členové)"
4030,"Ing. Vladimír Štrébl",1,"Členové","","Meziresortní pracovní skupina pro rozvoj pohybových aktivit (Členové)"
4031,"Ing. Michaela Vostřáková",1,"Členové","Státní úřad pro jadernou bezpečnost","Komise pro program časného záchytu karcinomu plic (Členové)"
4032,"PharmDr. Jakub Velík, Ph.D.",1,"Členové","","Pracovní skupina pro bakteriofágovou terapii (Členové)"
4033,"doc. MUDr. Regina Demlová, Ph.D.",1,"Místopředseda","ředitelka CZECRIN","Pracovní skupina pro klinické hodnocení humánních léčivých přípravků (Místopředseda)"
4034,"Mgr. Radek Halouzka, MBA",1,"Členové","vedoucí právního oddělení, Masarykův onkologický ústav","Pracovní skupina pro klinické hodnocení humánních léčivých přípravků (Členové)"
4037,"MUDr. Alice Němcová",1,"Členové","ředitelka odboru klinického hodnocení léčivých přípravků, SÚKL","Pracovní skupina pro klinické hodnocení humánních léčivých přípravků (Členové)"
4043,"Mgr. Bc. Petr Bureš, MBA",1,"Členové","","Pracovní skupina pro nastavení systémových změn v odbornosti zdravotnický záchranář (Členové)"
4044,"PhDr. Ing. Petr Matouch",1,"Členové","","Pracovní skupina pro nastavení systémových změn v odbornosti zdravotnický záchranář (Členové)"
4045,"Mgr. Markéta Vyhnanovská, MBA",1,"Členové","","Pracovní skupina pro nastavení systémových změn v odbornosti zdravotnický záchranář (Členové)"
4046,"Mgr. Adéla Lemrová, PhD.",1,"Členové","Státní zdravotní ústav","Komise pro výživu kojenců a malých dětí (Členové)"
4049,"MUDr. Miroslav Mach",1,"Členové","","Poradní skupina ekonomů lůžkové péče (Členové)"
4051,"Mgr. Jana Vácová",1,"Členové","","Pracovní skupina pro rozvoj a implementaci mezinárodních principů na podporu zdraví do systémů řízení kvality ve zdravotnických zařízeních (Členové)"
4052,"Šárka Tavanzi",1,"Členové","","Pracovní skupina pro rozvoj a implementaci mezinárodních principů na podporu zdraví do systémů řízení kvality ve zdravotnických zařízeních (Členové)"
4054,"Žofie Vojáčková",1,"Členové","","Pracovní skupina pro dobrovolnictví ve zdravotnictví (Členové)"
4055,"Mgr. Hana Fungačová",1,"Hosté","","Pracovní skupina pro dobrovolnictví ve zdravotnictví (Hosté)"
4058,"Bc. Kateřina Čechová, DiS.",1,"Členové","zástupce ZZS hl. m. Prahy","Pracovní skupina pro koncepční řešení poskytování domácí péče v ČR (Členové)"
4059,"Mgr. Ladislav Vilček",1,"Tajemník","","Pracovní skupina Ministerstva zdravotnictví pro koordinaci spolupráce s OECD (Tajemník)"
4060,"Mgr. Soňa Zemanová",1,"Členové","","Pracovní skupina Ministerstva zdravotnictví pro koordinaci spolupráce s OECD (Členové)"
4061,"Ing. Kristýna Matějková",1,"Členové","","Pracovní skupina Ministerstva zdravotnictví pro koordinaci spolupráce s OECD (Členové)"
4063,"Mgr. Martin Pilník",1,"Členové","","Pracovní skupina Ministerstva zdravotnictví pro koordinaci spolupráce s OECD (Členové)"
4067,"Mgr. Zdeněk Třískala",1,"Členové","Ministerstvo zdravotnictví","Pracovní skupina pro koncepci neurorehabilitační péče v ČR (Členové)"
4069,"Bc. Aneta Hroníková",1,"Tajemník","Ministerstvo zdravotnictví","Pracovní skupina pro koncepci neurorehabilitační péče v ČR (Tajemník)"
4070,"prof. MUDr. Marcela Grünerová-Lippertová, Ph.D.",1,"Členové","Česká neurorehabilitační společnost, z. s.","Pracovní skupina pro koncepci neurorehabilitační péče v ČR (Členové)"
4071,"Mgr. Jakub Pětioký, MBA",1,"Členové","Česká neurorehabilitační společnost, z. s.","Pracovní skupina pro koncepci neurorehabilitační péče v ČR (Členové)"
4072,"Mgr. Ilona Benková",1,"Členové","Česká neurorehabilitační společnost, z. s.","Pracovní skupina pro koncepci neurorehabilitační péče v ČR (Členové)"
4073,"MUDr. Ivana Vacková",1,"Členové","Svaz zdravotních pojišťoven ČR","Pracovní skupina pro koncepci neurorehabilitační péče v ČR (Členové)"
4074,"Mgr. Anna Rejtarová",1,"Členové","Česká asociace ergoterapeutů","Pracovní skupina pro koncepci neurorehabilitační péče v ČR (Členové)"
4075,"Mgr. Ondřej Němeček",1,"Členové","Unie fyzioterapeutů ČR","Pracovní skupina pro koncepci neurorehabilitační péče v ČR (Členové)"
4081,"doc. PharmDr. Josef Malý, Ph.D.",1,"Členové","","Vzdělávací rada farmaceutů (Členové)"
4082,"doc. RNDr. Jozef Kolář, CSc.",1,"Členové","","Vzdělávací rada farmaceutů (Členové)"
4083,"MUDr. Jan Přáda",1,"Členové","","Vzdělávací rada lékařů (Členové)"
4084,"MDDr. Iva Voborná, Ph.D.",1,"Členové","","Vzdělávací rada zubních lékařů (Členové)"
4085,"doc. MUDr. Martin Starosta, Ph.D.",1,"Členové","","Vzdělávací rada zubních lékařů (Členové)"
4086,"plk. Mgr. Bc. Radek Karlík",1,"Členové","","Meziresortní pracovní skupiny k výkonu rozsudku V proti ČR (Členové)"
4087,"plk. Mgr. Jiří Stejskal",1,"Členové","","Meziresortní pracovní skupiny k výkonu rozsudku V proti ČR (Členové)"
4089,"MUDr. Tomáš Gottvald, MHA",1,"Členové","","Meziresortní pracovní skupiny k výkonu rozsudku V proti ČR (Členové)"
4090,"Mgr. Jan Hudáč",1,"Členové","","Meziresortní pracovní skupiny k výkonu rozsudku V proti ČR (Členové)"
4091,"plk. Mgr. Kateřina Hlaváčová, Ph.D.",1,"Místopředseda","","Meziresortní pracovní skupiny k výkonu rozsudku V proti ČR (Místopředseda)"
4092,"JUDr. Jana Martinková, Ph.D., LL.M.",1,"Členové","","Meziresortní pracovní skupiny k výkonu rozsudku V proti ČR (Členové)"
4093,"JUDr. Vladimír Janoušek Pysk, LL.M.",1,"Členové","","Meziresortní pracovní skupiny k výkonu rozsudku V proti ČR (Členové)"
4097,"Ing. Jakub Šourek",1,"Členové","VZP ČR – trvalý náhradní člen","Komise pro kategorizaci a úhradovou regulaci zdravotnických prostředků (Členové)"
4098,"Mgr. Martin Dymáček",1,"Členové","APZZP – trvalý náhradní člen","Komise pro kategorizaci a úhradovou regulaci zdravotnických prostředků (Členové)"
4102,"Mgr. Marián Čop",1,"Členové","","Rada pro duchovní péči ve zdravotnictví (Členové)"
4103,"Ing. Iva Hrnčiříková, Ph.D.",1,"Členové","","Pracovní skupina pro rozvoj a implementaci mezinárodních principů na podporu zdraví do systémů řízení kvality ve zdravotnických zařízeních (Členové)"
4104,"Mgr. Hana Drábková",1,"Členové","","Pracovní skupina pro rozvoj a implementaci mezinárodních principů na podporu zdraví do systémů řízení kvality ve zdravotnických zařízeních (Členové)"
4105,"Mgr. Monika Fatrová, MHA",1,"Členové","","Pracovní skupina pro rozvoj a implementaci mezinárodních principů na podporu zdraví do systémů řízení kvality ve zdravotnických zařízeních (Členové)"
4106,"Tomáš Kelbich, BBA, MHA",1,"Členové","","Pracovní skupina pro rozvoj a implementaci mezinárodních principů na podporu zdraví do systémů řízení kvality ve zdravotnických zařízeních (Členové)"
4107,"MUDr. Jiří Weichet, Ph.D.",1,"Členové","","Pracovní skupina pro lékařské ozáření (Členové)"
4108,"Ing. Michaela Matoušková, MPA, MHA",1,"Hosté","náměstkyně ministra","Koncepční pracovní skupina pro přípravu budoucího programového období kohezní politiky EU 2028+ (Hosté)"
4110,"doc. MUDr. Martin Loveček, Ph.D., MHA",1,"Členové","Společnost pro gastrointestinální onkologii ČLS JEP","Komise pro podporu diagnostiky a léčby rakoviny slinivky břišní (Členové)"
4111,"prof. MUDr. Tomáš Hucl, Ph.D.",1,"Členové","Společnost pro gastrointestinální onkologii ČLS JEP","Komise pro podporu diagnostiky a léčby rakoviny slinivky břišní (Členové)"
4112,"Mgr. Ondřej Ngo, Ph.D.",1,"Místopředseda","Národní screeningové centrum ÚZIS ČR","Komise pro podporu diagnostiky a léčby rakoviny slinivky břišní (Místopředseda)"
4113,"prof. MUDr. Ondřej Daum, Ph.D.",1,"Členové","Společnost českých patologů ČLS JEP","Komise pro podporu diagnostiky a léčby rakoviny slinivky břišní (Členové)"
4115,"PhDr. Miloslav Klugar, Ph.D.",1,"Členové","Metodické centrum NIKEZ","Komise pro podporu diagnostiky a léčby rakoviny slinivky břišní (Členové)"
4117,"MUDr. Monika Koudová, MBA",1,"Členové","Společnost lékařské genetiky a genomiky ČLS JEP","Komise pro podporu diagnostiky a léčby rakoviny slinivky břišní (Členové)"
4120,"PharmDr. František Pavlík",1,"Členové","","Pracovní skupina pro bakteriofágovou terapii (Členové)"
4121,"Ing. Daniel Holý",1,"Členové","","Pracovní skupina pro bakteriofágovou terapii (Členové)"
4122,"MUDr. Romana Švejdová",1,"Členové","","Pracovní skupina pro bakteriofágovou terapii (Členové)"
4123,"MUDr. Jana Šípková",1,"Členové","","Pracovní skupina pro bakteriofágovou terapii (Členové)"
4125,"pplk. PharmDr. Michal Kočí",1,"Členové","","Pracovní skupina pro bakteriofágovou terapii (Členové)"
4126,"as. MUDr. Radek Bartoška, Ph.D.",1,"Členové","","Pracovní skupina pro bakteriofágovou terapii (Členové)"
4127,"Ing. Milan Buňata",1,"Členové","","Pracovní skupina pro bakteriofágovou terapii (Členové)"
4128,"RNDr. Marek Moša, Ph.D.",1,"Členové","","Pracovní skupina pro bakteriofágovou terapii (Členové)"
4129,"RNDr. Juraj Vronka",1,"Členové","","Pracovní skupina pro bakteriofágovou terapii (Členové)"
4130,"Ing. Marie Vávrová",1,"Členové","","Pracovní skupina pro bakteriofágovou terapii (Členové)"
4132,"Ing. Jan Gábriš",1,"Členové","MZD/SIT","Národní rada elektronického zdravotnictví (Členové)"
4133,"Ing. Petr Koucký",1,"Členové","SÚKL","Národní rada elektronického zdravotnictví (Členové)"
4135,"Mgr. Jan Kust",1,"Členové","KZP","Národní rada elektronického zdravotnictví (Členové)"
4136,"Ing. Martin Mesršmíd",1,"Členové","DIA","Národní rada elektronického zdravotnictví (Členové)"
4137,"Ing. Čeněk Merta, Ph.D., MBA",1,"Členové","FNOL","Národní rada elektronického zdravotnictví (Členové)"
4142,"MUDr. Pavol Tomašov, Ph.D.",1,"Členové","","Pracovní skupina pro lékařské ozáření (Členové)"
4143,"Ing. Petra Kačírková",1,"Členové","","Meziresortní koordinační skupina pro dětské duševní zdraví (Členové)"
4144,"Mgr. Tomáš Jandáč, Ph.D.",1,"Hosté","","Pracovní skupina pro dětskou a dorostovou psychiatrii (Hosté)"
4145,"Veronika Novotná",1,"Tajemník","","Komise pro kategorizaci a úhradovou regulaci zdravotnických prostředků (Tajemník)"
4148,"Eva Schönherrová",1,"Členové","zástupce České biskupské konference","Koncepční pracovní skupina pro přípravu budoucího programového období kohezní politiky EU 2028+ (Členové)"
4149,"Mgr. Michaela Klapková",1,"Členové","zástupkyně Všeobecné zdravotní pojišťovny ČR","Koncepční pracovní skupina pro přípravu budoucího programového období kohezní politiky EU 2028+ (Členové)"
4150,"Mgr. Gabriela Hůlková",1,"Členové","zástupkyně Svazu měst a obcí ČR","Koncepční pracovní skupina pro přípravu budoucího programového období kohezní politiky EU 2028+ (Členové)"
4151,"Libor Helis",1,"Členové","zástupce Svazu měst a obcí ČR","Koncepční pracovní skupina pro přípravu budoucího programového období kohezní politiky EU 2028+ (Členové)"
4152,"Mgr. Zdeněk Semorád",1,"Členové","zástupce Asociace krajů ČR","Koncepční pracovní skupina pro přípravu budoucího programového období kohezní politiky EU 2028+ (Členové)"
4154,"Ing. Pavla Jurášková",1,"Hosté","Ministerstvo pro místní rozvoj","Koncepční pracovní skupina pro přípravu budoucího programového období kohezní politiky EU 2028+ (Hosté)"
4155,"Ing. Stanislava Polanecká",1,"Tajemník","odbor evropských fondů a investičního rozvoje MZD","Koncepční pracovní skupina pro přípravu budoucího programového období kohezní politiky EU 2028+ (Tajemník)"
4156,"Ing. Dagmar Pospíšilová, Ph.D.",1,"Členové","","Lékopisná komise Ministerstva zdravotnictví (Členové)"
4157,"PharmDr. Irena Štverková",1,"Členové","","Lékopisná komise Ministerstva zdravotnictví (Členové)"
4158,"MUDr. Jolana Schreiberová, Ph.D.",1,"Členové","","Lékopisná komise Ministerstva zdravotnictví (Členové)"
4159,"RNDr. Eva Novotná, Ph.D.",1,"Členové","","Lékopisná komise Ministerstva zdravotnictví (Členové)"
4160,"doc. PharmDr. Tomáš Siatka, CSc.",1,"Členové","","Lékopisná komise Ministerstva zdravotnictví (Členové)"
4161,"prof. MUDr. Václav Liška, Ph.D.",1,"Členové","člen od 1.9.2025","Komise pro institucionální podporu (Členové)"
4162,"Mgr. Šimon Toman",1,"Členové","","Rada poskytovatelů Ministerstva zdravotnictví (Členové)"
4163,"MUDr. Markéta Holubová",1,"Členové","","Pracovní skupina pro koncepční řešení oblasti zdravotních služeb a činností provozovaných dle živnostenského zákona (Členové)"
4164,"Mgr. Ivana Schwallerová, DiS.",1,"Členové","","Pracovní skupina pro koncepční řešení oblasti zdravotních služeb a činností provozovaných dle živnostenského zákona (Členové)"
4166,"Mgr. Pavel Boháček",1,"Členové","zástupce Odborového svazu zdravotnictví a sociální péče","Odborná rada pro ošetřovatelství a řízení implementace a hodnocení úspěšnosti Koncepce ošetřovatelství (Členové)"
4167,"PhDr. Monika Měšťanová",1,"Členové","zástupce MŠMT pro střední a vyšší odborné školství","Odborná rada pro ošetřovatelství a řízení implementace a hodnocení úspěšnosti Koncepce ošetřovatelství (Členové)"
4169,"Tereza Vojtěchová",1,"Členové","zástupce Panelu mládeže při MŠMT","Odborná rada pro ošetřovatelství a řízení implementace a hodnocení úspěšnosti Koncepce ošetřovatelství (Členové)"
4170,"Jan Mráz",1,"Členové","zástupce Panelu mládeže při MŠMT","Odborná rada pro ošetřovatelství a řízení implementace a hodnocení úspěšnosti Koncepce ošetřovatelství (Členové)"
4172,"MUDr. Petr Vaculík",1,"Členové","místopředseda ACRO-CZ","Pracovní skupina pro klinické hodnocení humánních léčivých přípravků (Členové)"
4173,"Mgr. Matěj Hájek, Th.D.",1,"Členové","","Rada pro duchovní péči ve zdravotnictví (Členové)"
4175,"Mgr. Erika Minářová",1,"Místopředseda","Národní centrum ošetřovatelství a nelékařských zdravotnických oborů","Akreditační komise pro nelékařská povolání dle § 47 zákona č. 96/2004 Sb. (Místopředseda)"
4178,"Pavla Ratajová",1,"Členové","Česká asociace sester Sekce zdravotně – sociálních pracovníků","Akreditační komise pro nelékařská povolání dle § 47 zákona č. 96/2004 Sb. (Členové)"
4180,"Olga Jůzová",1,"Členové","Česká asociace zdravotních laborantů","Akreditační komise pro nelékařská povolání dle § 47 zákona č. 96/2004 Sb. (Členové)"
4181,"Ing. Jan Červený",1,"Členové","Federace ortopedických protetiků technických oborů","Akreditační komise pro nelékařská povolání dle § 47 zákona č. 96/2004 Sb. (Členové)"
4183,"Ing. Květa Pelinková, MBA",1,"Členové","Komora vysokoškolsky vzdělaných odborných pracovníků ve zdravotnictví","Akreditační komise pro nelékařská povolání dle § 47 zákona č. 96/2004 Sb. (Členové)"
4184,"Mgr. Klára Kučerová, Ph.D.",1,"Členové","Unie fyzioterapeutů ČR","Akreditační komise pro nelékařská povolání dle § 47 zákona č. 96/2004 Sb. (Členové)"
4185,"Mgr. Věra Andrášková",1,"Členové","Česká asociace sester - Sekce nutričních terapeutů","Akreditační komise pro nelékařská povolání dle § 47 zákona č. 96/2004 Sb. (Členové)"
4186,"Bc. Alexandra Seidlová",1,"Členové","Komora zubních techniků ČR","Akreditační komise pro nelékařská povolání dle § 47 zákona č. 96/2004 Sb. (Členové)"
4187,"Mgr. Bc. Barbora Hráčková",1,"Členové","Česká společnost ortoptistek","Akreditační komise pro nelékařská povolání dle § 47 zákona č. 96/2004 Sb. (Členové)"
4188,"Mgr. et Mgr. Martin Svoboda",1,"Členové","Česká asociace adiktologů","Akreditační komise pro nelékařská povolání dle § 47 zákona č. 96/2004 Sb. (Členové)"
4191,"Bc. Kateřina Žaloudková, DiS.",1,"Členové","Společenstvo českých optiků a optometristů","Akreditační komise pro nelékařská povolání dle § 47 zákona č. 96/2004 Sb. (Členové)"
4192,"Ing. Tereza Kislingerová",1,"Členové","Česká společnost pro zdravotnickou techniku","Akreditační komise pro nelékařská povolání dle § 47 zákona č. 96/2004 Sb. (Členové)"
4193,"prof. PhDr. Karel Pančocha, Ph.D., M.Sc.",1,"Členové","Česká odborná společnost Aplikované behaviorální analýzy, z. s.","Akreditační komise pro nelékařská povolání dle § 47 zákona č. 96/2004 Sb. (Členové)"
4194,"Marta Matušková, DiS., MBA",1,"Členové","Asociace dentálních hygienistek ČR","Akreditační komise pro nelékařská povolání dle § 47 zákona č. 96/2004 Sb. (Členové)"
4197,"Karla Maříková",1,"Předseda","náměstkyně ministra","Komise pro výživu kojenců a malých dětí (Předseda)"
4200,"Mgr. Kristýna Peňásová",1,"Tajemník","","Rozkladová komise ministra zdravotnictví (Tajemník)"
4202,"doc. MUDr. Petr Jabandžiev, Ph.D.",1,"Členové","Česká pediatrická společnost ČLS JEP","Komise pro novorozenecký laboratorní screening (Členové)"
4203,"doc. MUDr. Jan David, Ph.D.",1,"Členové","Česká pediatrická společnost ČLS JEP","Komise pro novorozenecký laboratorní screening (Členové)"
4204,"Ing. Petr Chrastina",1,"Členové","Česká společnost klinické biochemie, ČLS JEP","Komise pro novorozenecký laboratorní screening (Členové)"
4205,"doc. MUDr. Markéta Bloomfield, Ph.D.",1,"Členové","Česká společnost alergologie a klinické imunologie ČLS JEP","Komise pro novorozenecký laboratorní screening (Členové)"
4206,"Ing. Markéta Benešová, MHA",1,"Členové","Svaz zdravotních pojišťoven ČR","Komise pro novorozenecký laboratorní screening (Členové)"
4207,"PharmDr. Kateřina Chreňová",1,"Členové","Národní centrum medicínské nomenklatury a klasifikace, ÚZIS ČR","Komise pro novorozenecký laboratorní screening (Členové)"
4208,"prof. RNDr. David Friedecký, Ph.D.",1,"Členové","Fakultní nemocnice Olomouc - Oddělení klinické biochemie","Komise pro novorozenecký laboratorní screening (Členové)"
4209,"MUDr. Hana Vinohradská",1,"Členové","Fakultní nemocnice Brno - Oddělení dětské hematologie a biochemie","Komise pro novorozenecký laboratorní screening (Členové)"
4210,"prof. RNDr. Šárka Pospíšilová, Ph.D.",1,"Členové","Fakultní nemocnice Brno - Ústav lékařské genetiky a genomiky","Komise pro novorozenecký laboratorní screening (Členové)"
4211,"Mgr. Petra Krulová, Ph.D.",1,"Členové","poradkyně ministra zdravotnictví","Odborná rada pro ošetřovatelství a řízení implementace a hodnocení úspěšnosti Koncepce ošetřovatelství (Členové)"
4212,"PhDr. Mgr. Pavla Kudlová, Ph.D., MBA",1,"Členové","zástupkyně Spolku vysokoškolsky vzdělaných sester","Odborná rada pro ošetřovatelství a řízení implementace a hodnocení úspěšnosti Koncepce ošetřovatelství (Členové)"
4214,"Ing. Jana Loosová, Ph.D.",1,"Členové","","Pracovní skupina pro reformu veřejného zdraví v ČR (Členové)"
4215,"Mgr. Tomáš Vodný",1,"Členové","","Pracovní skupina pro reformu veřejného zdraví v ČR (Členové)"
4216,"prof. MUDr. Radek Špíšek, Ph.D.",1,"Členové","","Vědecká rada Ministerstva zdravotnictví (Členové)"
4217,"doc. RNDr. Klára Hulíková Tesárková, Ph.D.",1,"Členové","","Vědecká rada Ministerstva zdravotnictví (Členové)"
4218,"doc. Jakub Hlávka, Ph.D.",1,"Členové","","Vědecká rada Ministerstva zdravotnictví (Členové)"
4219,"doc. MUDr. Ondřej Volný, Ph.D., FESO",1,"Členové","","Vědecká rada Ministerstva zdravotnictví (Členové)"
4220,"prof. MUDr. Karel Pacák, DrSc., FACE, Dr. h. c.",1,"Členové","","Vědecká rada Ministerstva zdravotnictví (Členové)"
4221,"prof. MUDr. Tomáš Grus, Ph.D., MBA",1,"Členové","","Vědecká rada Ministerstva zdravotnictví (Členové)"
4222,"MUDr. Mgr. Ing. Bc. Dalimil Chocholáč, Ph.D., MBA, LL.M.",1,"Členové","Česká společnost pro akreditaci ve zdravotnictví","Etická komise Ministerstva zdravotnictví (Členové)"
4223,"JUDr. Barbora Steinlauf, MA, Ph.D.",1,"Členové","advokátka, Praha","Etická komise Ministerstva zdravotnictví (Členové)"
4224,"prof. MUDr. Jan Trnka, Ph.D., MPhil., MSc.",1,"Členové","děkan 3. LF UK Praha","Etická komise Ministerstva zdravotnictví (Členové)"
4226,"prof. MUDr. Petr Ošťádal, Ph.D.",1,"Členové","Česká kardiologická společnost","Komise pro posuzování rozmístění přístrojových zdravotnických prostředků a kapacit hrazených z veřejného zdravotního pojištění (Členové)"
4228,"doc. Dr. Rer. Nat. Aleš Tichopád, Ph.D.",1,"Členové","","Výkonná rada Národního screeningového centra (Členové)"
4229,"Mgr. Lucie Hájková",1,"Členové","","Mezioborová a meziresortní pracovní skupina pro koncepční řešení problematiky Alzheimerovy nemoci a obdobných onemocnění (PS PAN) (Členové)"
4230,"PhDr. Eva Jarolímová, Ph.D.",1,"Členové","","Mezioborová a meziresortní pracovní skupina pro koncepční řešení problematiky Alzheimerovy nemoci a obdobných onemocnění (PS PAN) (Členové)"
4231,"Mgr. Michal Kurečka",1,"Členové","","Mezioborová a meziresortní pracovní skupina pro koncepční řešení problematiky Alzheimerovy nemoci a obdobných onemocnění (PS PAN) (Členové)"
4232,"Mgr. Karolína Suchopárková",1,"Členové","","Mezioborová a meziresortní pracovní skupina pro koncepční řešení problematiky Alzheimerovy nemoci a obdobných onemocnění (PS PAN) (Členové)"
4233,"Mgr. Renata Svobodová",1,"Členové","","Mezioborová a meziresortní pracovní skupina pro koncepční řešení problematiky Alzheimerovy nemoci a obdobných onemocnění (PS PAN) (Členové)"
4234,"Jitka Ondráčková",1,"Členové","","Mezioborová a meziresortní pracovní skupina pro koncepční řešení problematiky Alzheimerovy nemoci a obdobných onemocnění (PS PAN) (Členové)"
4235,"Ing. Gustav Ondráček",1,"Členové","","Mezioborová a meziresortní pracovní skupina pro koncepční řešení problematiky Alzheimerovy nemoci a obdobných onemocnění (PS PAN) (Členové)"
4236,"Bc. Iveta Leischová",1,"Členové","","Mezioborová a meziresortní pracovní skupina pro koncepční řešení problematiky Alzheimerovy nemoci a obdobných onemocnění (PS PAN) (Členové)"
4237,"PhDr. Tomáš Klinecký",1,"Členové","","Mezioborová a meziresortní pracovní skupina pro koncepční řešení problematiky Alzheimerovy nemoci a obdobných onemocnění (PS PAN) (Členové)"
4238,"MUDr. Markéta Pospíšková, Ph.D.",1,"Členové","KOC KN Zlín","Národní rada komplexních onkologických center (Členové)"
4239,"MUDr. Tatiana Karpianusová",1,"Členové","KOC Nemocnice České Budějovice","Národní rada komplexních onkologických center (Členové)"
4240,"MUDr. Jaromír Richter",1,"Členové","KOC Nový Jičín","Národní rada komplexních onkologických center (Členové)"
4242,"doc. MUDr. Michal Vočka, Ph.D.",1,"Členové","KOC Všeobecná fakultní nemocnice v Praze","Národní rada komplexních onkologických center (Členové)"
4243,"MUDr. Hana Korunková",1,"Členové","spolupracující pracoviště Karlovy Vary","Národní rada komplexních onkologických center (Členové)"
4244,"doc. MUDr. Lucie Šrámková, Ph.D.",1,"Členové","DOC FN Motol a Homolka","Národní rada komplexních onkologických center (Členové)"
4245,"MUDr. Kateřina Jirsová",1,"Členové","Zástupce ROC","Národní rada komplexních onkologických center (Členové)"
4246,"prof. MUDr. Martin Doležal, Ph.D.",1,"Členové","Společnost radiační onkologie, biologie a fyziky ČLS JEP","Národní rada komplexních onkologických center (Členové)"
4248,"Mgr. Kateřina Azim Aburas",1,"Členové","AIPO, z. s.","Pacientská rada ministra zdravotnictví (Členové)"
4249,"Bc. Martina Smolíková",1,"Členové","Asociace rodičů a přátel zdravotně postižených dětí v ČR, z. s.","Pacientská rada ministra zdravotnictví (Členové)"
4250,"JUDr. Nataša Randlová",1,"Členové","CEREBRUM – Asociace osob po získaném poškození mozku, z. s.","Pacientská rada ministra zdravotnictví (Členové)"
4251,"Jiří Pavlát, MBA",1,"Členové","Česká společnost AIDS pomoc, z. s.","Pacientská rada ministra zdravotnictví (Členové)"
4252,"MUDr. Jan Šťastný",1,"Členové","České ILCO, z. s.","Pacientská rada ministra zdravotnictví (Členové)"
4253,"Bc. Lucie Halbrštátová",1,"Členové","DIALOGOS, z. s.","Pacientská rada ministra zdravotnictví (Členové)"
4254,"Martina Sehnoutková",1,"Členové","ENDO Talks CZ, z. s.","Pacientská rada ministra zdravotnictví (Členové)"
4255,"Ing. Jana Nováčková",1,"Členové","Ondřej, sdružení na pomoc duševně nemocným, z. s.","Pacientská rada ministra zdravotnictví (Členové)"
4256,"Mgr. Lucie Laštíková",1,"Členové","Pacienti IBD, z. s.","Pacientská rada ministra zdravotnictví (Členové)"
4257,"Ing. Petr Ilčík",1,"Členové","Popálky, z. ú.","Pacientská rada ministra zdravotnictví (Členové)"
4258,"Ing. Miluše Šulcová",1,"Členové","Sdružení pacientů s plicní hypertenzí, z. s.","Pacientská rada ministra zdravotnictví (Členové)"
4259,"MUDr. Anežka Dašková",1,"Členové","SMÁci, z. s.","Pacientská rada ministra zdravotnictví (Členové)"
4260,"PhDr. Tereza Hradilová",1,"Členové","Svaz neslyšících a nedoslýchavých osob v ČR, z. s.","Pacientská rada ministra zdravotnictví (Členové)"
4261,"Roman Herink",1,"Členové","Unie pečujících, z. s.","Pacientská rada ministra zdravotnictví (Členové)"
4262,"PhDr. Adéla Holubová",1,"Členové","ZAHOJÍME, z. s.","Pacientská rada ministra zdravotnictví (Členové)"
4263,"MUDr. Jiří Šulc",1,"Členové","","Pracovní skupina pro reformu primární péče (Členové)"
4264,"MUDr. Hana Zallmannová Čechová",1,"Členové","","Pracovní skupina pro reformu primární péče (Členové)"
4265,"doc. MUDr. Radek Mounajjed, D.D.S., Ph.D., FAP",1,"Členové","","Pracovní skupina pro reformu primární péče (Členové)"
4266,"prof. MUDr. Martin Haluzík, DrSc.",1,"Členové","","Pracovní skupina pro obezitu a diabetes v rámci Národního programu prevence a léčby obezity České republiky (Členové)"
4267,"MUDr. Michal Krčma, Ph.D.",1,"Členové","","Pracovní skupina pro obezitu a diabetes v rámci Národního programu prevence a léčby obezity České republiky (Členové)"
4268,"MUDr. Monika Nývltová",1,"Členové","","Pracovní skupina pro obezitu a diabetes v rámci Národního programu prevence a léčby obezity České republiky (Členové)"
4269,"MUDr. Petr Sucharda, CSc.",1,"Členové","","Pracovní skupina pro obezitu a diabetes v rámci Národního programu prevence a léčby obezity České republiky (Členové)"
4270,"MUDr. Antonín Gabera",1,"Členové","","Pracovní skupina pro obezitu a diabetes v rámci Národního programu prevence a léčby obezity České republiky (Členové)"
4271,"MUDr. Jan Boženský, MBA",1,"Členové","","Pracovní skupina pro obezitu a diabetes v rámci Národního programu prevence a léčby obezity České republiky (Členové)"
4272,"MUDr. Jakub Mitro, MBA",1,"Členové","","Pracovní skupina pro obezitu a diabetes v rámci Národního programu prevence a léčby obezity České republiky (Členové)"
4273,"Ing. Jiří Zajíček",1,"Členové","","Pracovní skupina pro obezitu a diabetes v rámci Národního programu prevence a léčby obezity České republiky (Členové)"
4274,"doc. MUDr. Irena Aldhoon Hainerová, Ph.D.",1,"Členové","","Pracovní skupina pro obezitu a diabetes v rámci Národního programu prevence a léčby obezity České republiky (Členové)"
4276,"Mgr. Zlata van Beek",1,"Členové","","Meziresortní pracovní skupiny k výkonu rozsudku V proti ČR (Členové)"
4277,"pplk. Mgr. Bc. Martin Pech, DiS.",1,"Členové","","Meziresortní pracovní skupiny k výkonu rozsudku V proti ČR (Členové)"
4278,"MUDr. Bc. Tomáš Fiala, MBA",1,"Členové","","Řídící rada Národního screeningového centra (Členové)"
4280,"Bc. Stanislava Hamáková, DiS.",1,"Hosté","","Pracovní skupina pro dobrovolnictví ve zdravotnictví (Hosté)"
4281,"Ing. Dagmar Hoferková",1,"Hosté","","Pracovní skupina pro dobrovolnictví ve zdravotnictví (Hosté)"
4282,"PhDr. Veronika Kavan",1,"Hosté","","Pracovní skupina pro dobrovolnictví ve zdravotnictví (Hosté)"
4283,"MUDr. Ing. Daniel Hodyc, Ph.D.",1,"Členové","","Pracovní skupina pro specializovanou zdravotní péči a Centra vysoce specializované zdravotní péče (CVSP) (Členové)"
4285,"Bc. Michaela Čeřovská",1,"Členové","","Rada poskytovatelů Ministerstva zdravotnictví (Členové)"
4286,"MUDr. Aleš Herman, Ph.D.",1,"Členové","","Rada poskytovatelů Ministerstva zdravotnictví (Členové)"
4287,"MUDr. Igor Paar, LL.M., MBA",1,"Členové","","Rada poskytovatelů Ministerstva zdravotnictví (Členové)"
4289,"Ing. Petra Bok",1,"Členové","MZd Kabinet ministra","Komise pro výživu kojenců a malých dětí (Členové)"
4290,"MUDr. Milena Dokoupilová",1,"Členové","Česká neonatologická společnost","Komise pro výživu kojenců a malých dětí (Členové)"
4291,"Mgr. Petra Dostálová",1,"Členové","Kancelář veřejného ochránce práv a ochránce práv dětí","Komise pro výživu kojenců a malých dětí (Členové)"
4292,"Ing. Jitka Götzová",1,"Členové","MZe - odbor bezpečnosti potravin","Komise pro výživu kojenců a malých dětí (Členové)"
4293,"Ing. Pavla Gomba, Ph.D.",1,"Členové","Dětský fond Organizace spojených národů","Komise pro výživu kojenců a malých dětí (Členové)"
4294,"Mgr. Naďa Chattová",1,"Členové","MZd TIS","Komise pro výživu kojenců a malých dětí (Členové)"
4295,"Mgr. Daniela Hrnčířová, Ph.D.",1,"Členové","Česká asociace nutričních terapeutů","Komise pro výživu kojenců a malých dětí (Členové)"
4296,"Ing. Martina Kovaříková",1,"Členové","MPO - oddělení metodiky, vzdělávání a správních činností","Komise pro výživu kojenců a malých dětí (Členové)"
4297,"Martina Kučerová, DiS.",1,"Členové","Unie laktačních poradkyň, z. s.","Komise pro výživu kojenců a malých dětí (Členové)"
4298,"Eva Welge, MSc., BSc.",1,"Členové","Česká komora porodních asistentek","Komise pro výživu kojenců a malých dětí (Členové)"
4299,"MUDr. Kristýna Zárubová, Ph.D.",1,"Členové","Česká pediatrická společnost ČLS JEP","Komise pro výživu kojenců a malých dětí (Členové)"
4300,"Ing. Jessica Neherová, MBA",1,"Členové","Státní ústav pro kontrolu léčiv","Výbor pro umělou inteligenci ve zdravotnictví (Členové)"
4301,"Ing. Simona Moravcová",1,"Členové","Ministerstvo zdravotnictví","Výbor pro umělou inteligenci ve zdravotnictví (Členové)"
4302,"Ing. Iveta Říhová",1,"Tajemník","Ministerstvo zdravotnictví","Výbor pro umělou inteligenci ve zdravotnictví (Tajemník)"
4303,"Matěj Misař",1,"Členové","Česká asociace umělé inteligence","Výbor pro umělou inteligenci ve zdravotnictví (Členové)"
4304,"Mgr. Lukáš Kačena",1,"Členové","vládní zmocněnec pro umělou inteligenci","Výbor pro umělou inteligenci ve zdravotnictví (Členové)"